2026-03-08 13:48:23 | ------------------------------------------------
2026-03-08 13:48:23 | TEMPLATE PROCESS STARTED
2026-03-08 13:48:23 | EventType: PaymentEvents-FundTransferSuccessful_TPH_ACTIVITY_EVENT
2026-03-08 13:48:23 | AlertType: FUND_TRANSFER_SUCCESSFUL
2026-03-08 13:48:23 | MessageType: BOTH
2026-03-08 13:48:23 | Fetching template from TEMPLATE_MST
2026-03-08 19:35:18 | ------------------------------------------------
2026-03-08 19:35:18 | TEMPLATE PROCESS STARTED
2026-03-08 19:35:18 | EventType: CustomerEvents-CustomerCreated_CU_ACTIVITY_EVENT
2026-03-08 19:35:18 | AlertType: CUSTOMER_CREATED
2026-03-08 19:35:18 | MessageType: EMAIL
2026-03-08 19:35:18 | Fetching template from TEMPLATE_MST
2026-03-08 19:49:54 | ------------------------------------------------
2026-03-08 19:49:54 | TEMPLATE PROCESS STARTED
2026-03-08 19:49:54 | EventType: CustomerEvents-CustomerCreated_CU_ACTIVITY_EVENT
2026-03-08 19:49:54 | AlertType: CUSTOMER_CREATED
2026-03-08 19:49:54 | MessageType: EMAIL
2026-03-08 19:49:54 | Fetching template from TEMPLATE_MST
2026-03-08 19:54:01 | ------------------------------------------------
2026-03-08 19:54:01 | TEMPLATE PROCESS STARTED
2026-03-08 19:54:01 | EventType: CustomerEvents-CustomerCreated_CU_ACTIVITY_EVENT
2026-03-08 19:54:01 | AlertType: CUSTOMER_CREATED
2026-03-08 19:54:01 | MessageType: EMAIL
2026-03-08 19:54:01 | Fetching template from TEMPLATE_MST
2026-03-08 19:54:10 | ------------------------------------------------
2026-03-08 19:54:10 | TEMPLATE PROCESS STARTED
2026-03-08 19:54:10 | EventType: CustomerEvents-CustomerCreated_CU_ACTIVITY_EVENT
2026-03-08 19:54:10 | AlertType: CUSTOMER_CREATED
2026-03-08 19:54:10 | MessageType: EMAIL
2026-03-08 19:54:10 | Fetching template from TEMPLATE_MST
2026-03-08 20:00:33 | ------------------------------------------------
2026-03-08 20:00:33 | TEMPLATE PROCESS STARTED
2026-03-08 20:00:33 | EventType: CustomerEvents-CustomerCreated_CU_ACTIVITY_EVENT
2026-03-08 20:00:33 | AlertType: CUSTOMER_CREATED
2026-03-08 20:00:33 | MessageType: EMAIL
2026-03-08 20:00:33 | Fetching template from TEMPLATE_MST
2026-03-08 20:00:34 | Template Found
2026-03-08 20:00:34 | Template ID: TPEMAIL002
2026-03-08 20:00:34 | Template Subject: Your POCBank customer profile ****{customer_id_last4} is now active
2026-03-08 20:00:34 | Original Template:
2026-03-08 20:00:34 | Hi {customer_name},

Your POCBank customer profile (ID ending in ****{customer_id_last4}) is now active as of {timestamp}.

You can now:
• Open bank accounts
• Apply for POCBank products and services
• Update your KYC and profile details anytime through the mobile app

If this was not initiated by you, please reach us at https://www.pocbank.com/info/contact-us.
Reference: {event_id}

Regards,
POCBank
2026-03-08 20:00:34 | Extracting required fields from payload
2026-03-08 20:00:34 | Extracted Payload Values: {customer_id_last4=0205, event_id=b2c3d4e5-f6a7-8901-bcde-f12345678901, customer_name=Shubham Gupta, timestamp=2026-02-27T08:30:00Z}
2026-03-08 20:00:34 | Replacing placeholders in template
2026-03-08 20:00:34 | Replacing placeholder customer_id_last4 with value 0205
2026-03-08 20:00:34 | Replacing placeholder event_id with value b2c3d4e5-f6a7-8901-bcde-f12345678901
2026-03-08 20:00:34 | Replacing placeholder customer_name with value Shubham Gupta
2026-03-08 20:00:34 | Replacing placeholder timestamp with value 2026-02-27T08:30:00Z
2026-03-08 20:00:34 | Final Generated Template:
2026-03-08 20:00:34 | Hi Shubham Gupta,

Your POCBank customer profile (ID ending in ****0205) is now active as of 2026-02-27T08:30:00Z.

You can now:
• Open bank accounts
• Apply for POCBank products and services
• Update your KYC and profile details anytime through the mobile app

If this was not initiated by you, please reach us at https://www.pocbank.com/info/contact-us.
Reference: b2c3d4e5-f6a7-8901-bcde-f12345678901

Regards,
POCBank
2026-03-08 20:00:34 | TEMPLATE PROCESS COMPLETED
2026-03-08 20:00:34 | ------------------------------------------------
2026-03-08 20:07:26 | ------------------------------------------------
2026-03-08 20:07:26 | TEMPLATE PROCESS STARTED
2026-03-08 20:07:26 | EventType: CustomerEvents-CustomerCreated_CU_ACTIVITY_EVENT
2026-03-08 20:07:26 | AlertType: CUSTOMER_CREATED
2026-03-08 20:07:26 | MessageType: EMAIL
2026-03-08 20:07:26 | Fetching template from TEMPLATE_MST
2026-03-08 22:54:47 | ------------------------------------------------
2026-03-08 22:54:47 | TEMPLATE PROCESS STARTED
2026-03-08 22:54:47 | ------------------------------------------------
2026-03-08 22:54:47 | EventType: CustomerEvents-CustomerCreated_CU_ACTIVITY_EVENT
2026-03-08 22:54:47 | TEMPLATE PROCESS STARTED
2026-03-08 22:54:47 | AlertType: CUSTOMER_CREATED
2026-03-08 22:54:47 | EventType: ArrangementEvents-AccountCreated_AA_ACTIVITY_EVENT
2026-03-08 22:54:47 | MessageType: EMAIL
2026-03-08 22:54:47 | AlertType: ACCOUNT_CREATED
2026-03-08 22:54:47 | Fetching template from TEMPLATE_MST
2026-03-08 22:54:47 | MessageType: SMS
2026-03-08 22:54:47 | Fetching template from TEMPLATE_MST
2026-03-08 22:54:48 | ------------------------------------------------
2026-03-08 22:54:48 | TEMPLATE PROCESS STARTED
2026-03-08 22:54:48 | EventType: CustomerEvents-CustomerCreated_CU_ACTIVITY_EVENT
2026-03-08 22:54:48 | AlertType: CUSTOMER_CREATED
2026-03-08 22:54:48 | MessageType: EMAIL
2026-03-08 22:54:48 | Fetching template from TEMPLATE_MST
2026-03-08 22:59:31 | ------------------------------------------------
2026-03-08 22:59:31 | TEMPLATE PROCESS STARTED
2026-03-08 22:59:31 | EventType: ArrangementEvents-AccountCreated_AA_ACTIVITY_EVENT
2026-03-08 22:59:31 | AlertType: ACCOUNT_CREATED
2026-03-08 22:59:31 | MessageType: SMS
2026-03-08 22:59:31 | Fetching template from TEMPLATE_MST
2026-03-08 23:00:52 | ------------------------------------------------
2026-03-08 23:00:52 | TEMPLATE PROCESS STARTED
2026-03-08 23:00:52 | EventType: PaymentEvents-FundTransferSuccessful_TPH_ACTIVITY_EVENT
2026-03-08 23:00:52 | AlertType: FUND_TRANSFER_SUCCESSFUL
2026-03-08 23:00:52 | MessageType: SMS
2026-03-08 23:00:52 | Fetching template from TEMPLATE_MST
2026-03-08 23:00:52 | ------------------------------------------------
2026-03-08 23:00:52 | TEMPLATE PROCESS STARTED
2026-03-08 23:00:52 | EventType: PaymentEvents-FundTransferSuccessful_TPH_ACTIVITY_EVENT
2026-03-08 23:00:52 | AlertType: FUND_TRANSFER_SUCCESSFUL
2026-03-08 23:00:52 | MessageType: EMAIL
2026-03-08 23:00:52 | Fetching template from TEMPLATE_MST
2026-03-08 23:00:53 | ------------------------------------------------
2026-03-08 23:00:53 | TEMPLATE PROCESS STARTED
2026-03-08 23:00:53 | EventType: ArrangementEvents-AccountCreated_AA_ACTIVITY_EVENT
2026-03-08 23:00:53 | AlertType: ACCOUNT_CREATED
2026-03-08 23:00:53 | MessageType: SMS
2026-03-08 23:00:53 | Fetching template from TEMPLATE_MST
2026-03-08 23:00:53 | ------------------------------------------------
2026-03-08 23:00:53 | TEMPLATE PROCESS STARTED
2026-03-08 23:00:53 | EventType: CustomerEvents-CustomerCreated_CU_ACTIVITY_EVENT
2026-03-08 23:00:53 | AlertType: CUSTOMER_CREATED
2026-03-08 23:00:53 | MessageType: EMAIL
2026-03-08 23:00:53 | Fetching template from TEMPLATE_MST
2026-03-08 23:00:53 | ------------------------------------------------
2026-03-08 23:00:53 | TEMPLATE PROCESS STARTED
2026-03-08 23:00:53 | EventType: ArrangementEvents-LoanDisbursementSuccessful_AA_ACTIVITY_EVENT
2026-03-08 23:00:53 | AlertType: LOAN_DISBURSEMENT_SUCCESSFUL
2026-03-08 23:00:53 | MessageType: EMAIL
2026-03-08 23:00:53 | Fetching template from TEMPLATE_MST
2026-03-08 23:00:53 | ------------------------------------------------
2026-03-08 23:00:53 | TEMPLATE PROCESS STARTED
2026-03-08 23:00:53 | EventType: ArrangementEvents-LoanPastDueReminder_AA_ACTIVITY_EVENT
2026-03-08 23:00:53 | AlertType: LOAN_PAST_DUE_REMINDER
2026-03-08 23:00:53 | MessageType: SMS
2026-03-08 23:00:53 | Fetching template from TEMPLATE_MST
2026-03-08 23:13:24 | ------------------------------------------------
2026-03-08 23:13:24 | ------------------------------------------------
2026-03-08 23:13:24 | TEMPLATE PROCESS STARTED
2026-03-08 23:13:24 | TEMPLATE PROCESS STARTED
2026-03-08 23:13:24 | EventType: ArrangementEvents-AccountCreated_AA_ACTIVITY_EVENT
2026-03-08 23:13:24 | EventType: PaymentEvents-FundTransferSuccessful_TPH_ACTIVITY_EVENT
2026-03-08 23:13:24 | AlertType: ACCOUNT_CREATED
2026-03-08 23:13:24 | AlertType: FUND_TRANSFER_SUCCESSFUL
2026-03-08 23:13:24 | MessageType: SMS
2026-03-08 23:13:24 | MessageType: EMAIL
2026-03-08 23:13:24 | Fetching template from TEMPLATE_MST
2026-03-08 23:13:24 | Fetching template from TEMPLATE_MST
2026-03-08 23:13:25 | ------------------------------------------------
2026-03-08 23:13:25 | TEMPLATE PROCESS STARTED
2026-03-08 23:13:25 | EventType: PaymentEvents-FundTransferSuccessful_TPH_ACTIVITY_EVENT
2026-03-08 23:13:25 | AlertType: FUND_TRANSFER_SUCCESSFUL
2026-03-08 23:13:25 | MessageType: SMS
2026-03-08 23:13:25 | Fetching template from TEMPLATE_MST
2026-03-08 23:13:25 | ------------------------------------------------
2026-03-08 23:13:25 | TEMPLATE PROCESS STARTED
2026-03-08 23:13:25 | EventType: CustomerEvents-CustomerCreated_CU_ACTIVITY_EVENT
2026-03-08 23:13:25 | AlertType: CUSTOMER_CREATED
2026-03-08 23:13:25 | MessageType: EMAIL
2026-03-08 23:13:25 | Fetching template from TEMPLATE_MST
2026-03-08 23:13:25 | ------------------------------------------------
2026-03-08 23:13:25 | TEMPLATE PROCESS STARTED
2026-03-08 23:13:25 | EventType: ArrangementEvents-AccountCreated_AA_ACTIVITY_EVENT
2026-03-08 23:13:25 | AlertType: ACCOUNT_CREATED
2026-03-08 23:13:25 | MessageType: SMS
2026-03-08 23:13:25 | Fetching template from TEMPLATE_MST
2026-03-08 23:13:25 | ------------------------------------------------
2026-03-08 23:13:25 | TEMPLATE PROCESS STARTED
2026-03-08 23:13:25 | EventType: ArrangementEvents-LoanDisbursementSuccessful_AA_ACTIVITY_EVENT
2026-03-08 23:13:25 | AlertType: LOAN_DISBURSEMENT_SUCCESSFUL
2026-03-08 23:13:25 | MessageType: EMAIL
2026-03-08 23:13:25 | Fetching template from TEMPLATE_MST
2026-03-08 23:13:25 | ------------------------------------------------
2026-03-08 23:13:25 | TEMPLATE PROCESS STARTED
2026-03-08 23:13:25 | EventType: ArrangementEvents-LoanPastDueReminder_AA_ACTIVITY_EVENT
2026-03-08 23:13:25 | AlertType: LOAN_PAST_DUE_REMINDER
2026-03-08 23:13:25 | MessageType: SMS
2026-03-08 23:13:25 | Fetching template from TEMPLATE_MST
2026-03-08 23:22:57 | ------------------------------------------------
2026-03-08 23:22:57 | TEMPLATE PROCESS STARTED
2026-03-08 23:22:57 | ------------------------------------------------
2026-03-08 23:22:57 | EventType: PaymentEvents-FundTransferSuccessful_TPH_ACTIVITY_EVENT
2026-03-08 23:22:57 | TEMPLATE PROCESS STARTED
2026-03-08 23:22:57 | AlertType: FUND_TRANSFER_SUCCESSFUL
2026-03-08 23:22:57 | EventType: ArrangementEvents-AccountCreated_AA_ACTIVITY_EVENT
2026-03-08 23:22:57 | MessageType: EMAIL
2026-03-08 23:22:57 | AlertType: ACCOUNT_CREATED
2026-03-08 23:22:57 | Fetching template from TEMPLATE_MST
2026-03-08 23:22:57 | MessageType: SMS
2026-03-08 23:22:57 | Fetching template from TEMPLATE_MST
2026-03-08 23:22:58 | No active template found in TEMPLATE_MST
2026-03-08 23:22:58 | Generated SMS Message:
2026-03-08 23:22:58 | Template Found
2026-03-08 23:22:58 | Template ID: TPEMAIL005
2026-03-08 23:22:58 | null
2026-03-08 23:22:58 | Template Subject: Your POCBank fund transfer of Php {amount} is successful
2026-03-08 23:22:58 | Original Template:
2026-03-08 23:22:58 | Hi {customer_name},

Your fund transfer has been successfully completed.

• Amount: Php {amount}
• From: ****{account_last4}
• To: {beneficiary_name} ({beneficiary_masked})
• Date/Time: {timestamp}
• Reference Number: {txn_ref}

If you did not authorize this transaction, please contact POCBank immediately through https://www.pocbank.com/info/contact-us.

Reference: {event_id}

Best regards,
POCBank Payments Team
2026-03-08 23:22:58 | Extracting required fields from payload
2026-03-08 23:22:58 | Extracted Payload Values: {}
2026-03-08 23:22:58 | Replacing placeholders in template
2026-03-08 23:22:58 | Final Generated Template:
2026-03-08 23:22:58 | Hi {customer_name},

Your fund transfer has been successfully completed.

• Amount: Php {amount}
• From: ****{account_last4}
• To: {beneficiary_name} ({beneficiary_masked})
• Date/Time: {timestamp}
• Reference Number: {txn_ref}

If you did not authorize this transaction, please contact POCBank immediately through https://www.pocbank.com/info/contact-us.

Reference: {event_id}

Best regards,
POCBank Payments Team
2026-03-08 23:22:58 | TEMPLATE PROCESS COMPLETED
2026-03-08 23:22:58 | ------------------------------------------------
2026-03-08 23:22:58 | ------------------------------------------------
2026-03-08 23:22:58 | ------------------------------------------------
2026-03-08 23:22:58 | TEMPLATE PROCESS STARTED
2026-03-08 23:22:58 | TEMPLATE PROCESS STARTED
2026-03-08 23:22:58 | EventType: CustomerEvents-CustomerCreated_CU_ACTIVITY_EVENT
2026-03-08 23:22:58 | EventType: PaymentEvents-FundTransferSuccessful_TPH_ACTIVITY_EVENT
2026-03-08 23:22:58 | AlertType: CUSTOMER_CREATED
2026-03-08 23:22:58 | AlertType: FUND_TRANSFER_SUCCESSFUL
2026-03-08 23:22:58 | MessageType: EMAIL
2026-03-08 23:22:58 | Fetching template from TEMPLATE_MST
2026-03-08 23:22:58 | MessageType: SMS
2026-03-08 23:22:58 | Fetching template from TEMPLATE_MST
2026-03-08 23:22:58 | Template Found
2026-03-08 23:22:58 | Template ID: TPSMS005
2026-03-08 23:22:58 | Template Found
2026-03-08 23:22:58 | Template Subject: null
2026-03-08 23:22:58 | Template ID: TPEMAIL002
2026-03-08 23:22:58 | Original Template:
2026-03-08 23:22:58 | Template Subject: Your POCBank customer profile ****{customer_id_last4} is now active
2026-03-08 23:22:58 | POCBank: Transfer successful—Php {amount} from ****{account_last4} to {beneficiary_masked} on {timestamp}. Ref: {txn_ref}. Help: https://www.pocbank.com/info/contact-us
2026-03-08 23:22:58 | Extracting required fields from payload
2026-03-08 23:22:58 | Original Template:
2026-03-08 23:22:58 | Hi {customer_name},

Your POCBank customer profile (ID ending in ****{customer_id_last4}) is now active as of {timestamp}.

You can now:
• Open bank accounts
• Apply for POCBank products and services
• Update your KYC and profile details anytime through the mobile app

If this was not initiated by you, please reach us at https://www.pocbank.com/info/contact-us.
Reference: {event_id}

Regards,
POCBank
2026-03-08 23:22:58 | Extracting required fields from payload
2026-03-08 23:22:58 | Extracted Payload Values: {}
2026-03-08 23:22:58 | Replacing placeholders in template
2026-03-08 23:22:58 | Final Generated Template:
2026-03-08 23:22:58 | POCBank: Transfer successful—Php {amount} from ****{account_last4} to {beneficiary_masked} on {timestamp}. Ref: {txn_ref}. Help: https://www.pocbank.com/info/contact-us
2026-03-08 23:22:58 | TEMPLATE PROCESS COMPLETED
2026-03-08 23:22:58 | ------------------------------------------------
2026-03-08 23:22:58 | Generated SMS Message:
2026-03-08 23:22:58 | Extracted Payload Values: {customer_id_last4=0205, event_id=b2c3d4e5-f6a7-8901-bcde-f12345678901, customer_name=Shubham Gupta, timestamp=2026-02-27T08:30:00Z}
2026-03-08 23:22:58 | POCBank: Transfer successful—Php {amount} from ****{account_last4} to {beneficiary_masked} on {timestamp}. Ref: {txn_ref}. Help: https://www.pocbank.com/info/contact-us
2026-03-08 23:22:58 | Replacing placeholders in template
2026-03-08 23:22:58 | Replacing placeholder customer_id_last4 with value 0205
2026-03-08 23:22:58 | Replacing placeholder event_id with value b2c3d4e5-f6a7-8901-bcde-f12345678901
2026-03-08 23:22:58 | Replacing placeholder customer_name with value Shubham Gupta
2026-03-08 23:22:58 | Replacing placeholder timestamp with value 2026-02-27T08:30:00Z
2026-03-08 23:22:58 | Final Generated Template:
2026-03-08 23:22:58 | Hi Shubham Gupta,

Your POCBank customer profile (ID ending in ****0205) is now active as of 2026-02-27T08:30:00Z.

You can now:
• Open bank accounts
• Apply for POCBank products and services
• Update your KYC and profile details anytime through the mobile app

If this was not initiated by you, please reach us at https://www.pocbank.com/info/contact-us.
Reference: b2c3d4e5-f6a7-8901-bcde-f12345678901

Regards,
POCBank
2026-03-08 23:22:58 | TEMPLATE PROCESS COMPLETED
2026-03-08 23:22:58 | ------------------------------------------------
2026-03-08 23:22:58 | ------------------------------------------------
2026-03-08 23:22:58 | TEMPLATE PROCESS STARTED
2026-03-08 23:22:58 | EventType: ArrangementEvents-AccountCreated_AA_ACTIVITY_EVENT
2026-03-08 23:22:58 | AlertType: ACCOUNT_CREATED
2026-03-08 23:22:58 | MessageType: SMS
2026-03-08 23:22:58 | Fetching template from TEMPLATE_MST
2026-03-08 23:22:58 | ------------------------------------------------
2026-03-08 23:22:58 | TEMPLATE PROCESS STARTED
2026-03-08 23:22:58 | EventType: ArrangementEvents-LoanDisbursementSuccessful_AA_ACTIVITY_EVENT
2026-03-08 23:22:58 | AlertType: LOAN_DISBURSEMENT_SUCCESSFUL
2026-03-08 23:22:58 | MessageType: EMAIL
2026-03-08 23:22:58 | Fetching template from TEMPLATE_MST
2026-03-08 23:22:58 | No active template found in TEMPLATE_MST
2026-03-08 23:22:58 | Generated SMS Message:
2026-03-08 23:22:58 | null
2026-03-08 23:22:58 | Template Found
2026-03-08 23:22:58 | Template ID: TPEMAIL003
2026-03-08 23:22:58 | Template Subject: Your POCBank loan disbursement of Php {amount} is complete
2026-03-08 23:22:58 | Original Template:
2026-03-08 23:22:58 | Hi {customer_name},

Your POCBank loan has been successfully disbursed.

• Amount: Php {amount}
• Destination Account: ****{loan_account_last4}
• Date/Time: {timestamp}
• Reference Number: {txn_ref}

You may check your amortization schedule through the POCBank mobile app.

If you have questions, please visit https://www.pocbank.com/info/contact-us.
Reference: {event_id}

Thank you,
POCBank Lending Team
2026-03-08 23:22:58 | Extracting required fields from payload
2026-03-08 23:22:58 | Extracted Payload Values: {}
2026-03-08 23:22:58 | Replacing placeholders in template
2026-03-08 23:22:58 | Final Generated Template:
2026-03-08 23:22:58 | Hi {customer_name},

Your POCBank loan has been successfully disbursed.

• Amount: Php {amount}
• Destination Account: ****{loan_account_last4}
• Date/Time: {timestamp}
• Reference Number: {txn_ref}

You may check your amortization schedule through the POCBank mobile app.

If you have questions, please visit https://www.pocbank.com/info/contact-us.
Reference: {event_id}

Thank you,
POCBank Lending Team
2026-03-08 23:22:58 | TEMPLATE PROCESS COMPLETED
2026-03-08 23:22:58 | ------------------------------------------------
2026-03-08 23:22:58 | ------------------------------------------------
2026-03-08 23:22:58 | TEMPLATE PROCESS STARTED
2026-03-08 23:22:58 | EventType: ArrangementEvents-LoanPastDueReminder_AA_ACTIVITY_EVENT
2026-03-08 23:22:58 | AlertType: LOAN_PAST_DUE_REMINDER
2026-03-08 23:22:58 | MessageType: SMS
2026-03-08 23:22:58 | Fetching template from TEMPLATE_MST
2026-03-08 23:22:58 | Template Found
2026-03-08 23:22:58 | Template ID: TPSMS004
2026-03-08 23:22:58 | Template Subject: null
2026-03-08 23:22:58 | Original Template:
2026-03-08 23:22:58 | POCBank: Your loan on ****{loan_account_last4} is {days_overdue} day(s) past due. Pay Php {min_amount_due} by {grace_date} to avoid penalties. Ref: {loan_ref}. Help: https://www.pocbank.com/info/contact-us
2026-03-08 23:22:58 | Extracting required fields from payload
2026-03-08 23:22:58 | Extracted Payload Values: {}
2026-03-08 23:22:58 | Replacing placeholders in template
2026-03-08 23:22:58 | Final Generated Template:
2026-03-08 23:22:58 | POCBank: Your loan on ****{loan_account_last4} is {days_overdue} day(s) past due. Pay Php {min_amount_due} by {grace_date} to avoid penalties. Ref: {loan_ref}. Help: https://www.pocbank.com/info/contact-us
2026-03-08 23:22:58 | TEMPLATE PROCESS COMPLETED
2026-03-08 23:22:58 | ------------------------------------------------
2026-03-08 23:22:58 | Generated SMS Message:
2026-03-08 23:22:58 | POCBank: Your loan on ****{loan_account_last4} is {days_overdue} day(s) past due. Pay Php {min_amount_due} by {grace_date} to avoid penalties. Ref: {loan_ref}. Help: https://www.pocbank.com/info/contact-us
2026-03-08 23:27:29 | ------------------------------------------------
2026-03-08 23:27:29 | TEMPLATE PROCESS STARTED
2026-03-08 23:27:29 | EventType: PaymentEvents-FundTransferSuccessful_TPH_ACTIVITY_EVENT
2026-03-08 23:27:29 | AlertType: FUND_TRANSFER_SUCCESSFUL
2026-03-08 23:27:29 | MessageType: EMAIL
2026-03-08 23:27:29 | Fetching template from TEMPLATE_MST
2026-03-08 23:27:29 | ------------------------------------------------
2026-03-08 23:27:29 | TEMPLATE PROCESS STARTED
2026-03-08 23:27:29 | EventType: PaymentEvents-FundTransferSuccessful_TPH_ACTIVITY_EVENT
2026-03-08 23:27:29 | AlertType: FUND_TRANSFER_SUCCESSFUL
2026-03-08 23:27:29 | MessageType: SMS
2026-03-08 23:27:29 | Fetching template from TEMPLATE_MST
2026-03-08 23:27:29 | Template Found
2026-03-08 23:27:29 | Template Found
2026-03-08 23:27:29 | Template ID: TPEMAIL005
2026-03-08 23:27:29 | Template ID: TPSMS005
2026-03-08 23:27:29 | Template Subject: Your POCBank fund transfer of Php {amount} is successful
2026-03-08 23:27:29 | Original Template:
2026-03-08 23:27:29 | Template Subject: null
2026-03-08 23:27:29 | Hi {customer_name},

Your fund transfer has been successfully completed.

• Amount: Php {amount}
• From: ****{account_last4}
• To: {beneficiary_name} ({beneficiary_masked})
• Date/Time: {timestamp}
• Reference Number: {txn_ref}

If you did not authorize this transaction, please contact POCBank immediately through https://www.pocbank.com/info/contact-us.

Reference: {event_id}

Best regards,
POCBank Payments Team
2026-03-08 23:27:29 | Original Template:
2026-03-08 23:27:29 | Extracting required fields from payload
2026-03-08 23:27:29 | POCBank: Transfer successful—Php {amount} from ****{account_last4} to {beneficiary_masked} on {timestamp}. Ref: {txn_ref}. Help: https://www.pocbank.com/info/contact-us
2026-03-08 23:27:29 | Extracting required fields from payload
2026-03-08 23:27:29 | Extracted Payload Values: {}
2026-03-08 23:27:29 | Replacing placeholders in template
2026-03-08 23:27:29 | Final Generated Template:
2026-03-08 23:27:29 | Extracted Payload Values: {}
2026-03-08 23:27:29 | Hi {customer_name},

Your fund transfer has been successfully completed.

• Amount: Php {amount}
• From: ****{account_last4}
• To: {beneficiary_name} ({beneficiary_masked})
• Date/Time: {timestamp}
• Reference Number: {txn_ref}

If you did not authorize this transaction, please contact POCBank immediately through https://www.pocbank.com/info/contact-us.

Reference: {event_id}

Best regards,
POCBank Payments Team
2026-03-08 23:27:29 | TEMPLATE PROCESS COMPLETED
2026-03-08 23:27:29 | ------------------------------------------------
2026-03-08 23:27:29 | Replacing placeholders in template
2026-03-08 23:27:29 | Final Generated Template:
2026-03-08 23:27:29 | POCBank: Transfer successful—Php {amount} from ****{account_last4} to {beneficiary_masked} on {timestamp}. Ref: {txn_ref}. Help: https://www.pocbank.com/info/contact-us
2026-03-08 23:27:29 | TEMPLATE PROCESS COMPLETED
2026-03-08 23:27:29 | ------------------------------------------------
2026-03-08 23:27:29 | Generated SMS Message:
2026-03-08 23:27:29 | POCBank: Transfer successful—Php {amount} from ****{account_last4} to {beneficiary_masked} on {timestamp}. Ref: {txn_ref}. Help: https://www.pocbank.com/info/contact-us
2026-03-08 23:27:39 | ------------------------------------------------
2026-03-08 23:27:39 | TEMPLATE PROCESS STARTED
2026-03-08 23:27:39 | EventType: PaymentEvents-FundTransferSuccessful_TPH_ACTIVITY_EVENT
2026-03-08 23:27:39 | AlertType: FUND_TRANSFER_SUCCESSFUL
2026-03-08 23:27:39 | MessageType: SMS
2026-03-08 23:27:39 | Fetching template from TEMPLATE_MST
2026-03-08 23:27:39 | ------------------------------------------------
2026-03-08 23:27:39 | TEMPLATE PROCESS STARTED
2026-03-08 23:27:39 | EventType: PaymentEvents-FundTransferSuccessful_TPH_ACTIVITY_EVENT
2026-03-08 23:27:39 | AlertType: FUND_TRANSFER_SUCCESSFUL
2026-03-08 23:27:39 | MessageType: EMAIL
2026-03-08 23:27:39 | Fetching template from TEMPLATE_MST
2026-03-08 23:27:39 | Template Found
2026-03-08 23:27:39 | Template ID: TPSMS005
2026-03-08 23:27:39 | Template Subject: null
2026-03-08 23:27:39 | Original Template:
2026-03-08 23:27:39 | Template Found
2026-03-08 23:27:39 | Template ID: TPEMAIL005
2026-03-08 23:27:39 | Template Subject: Your POCBank fund transfer of Php {amount} is successful
2026-03-08 23:27:39 | Original Template:
2026-03-08 23:27:39 | POCBank: Transfer successful—Php {amount} from ****{account_last4} to {beneficiary_masked} on {timestamp}. Ref: {txn_ref}. Help: https://www.pocbank.com/info/contact-us
2026-03-08 23:27:39 | Extracting required fields from payload
2026-03-08 23:27:39 | Hi {customer_name},

Your fund transfer has been successfully completed.

• Amount: Php {amount}
• From: ****{account_last4}
• To: {beneficiary_name} ({beneficiary_masked})
• Date/Time: {timestamp}
• Reference Number: {txn_ref}

If you did not authorize this transaction, please contact POCBank immediately through https://www.pocbank.com/info/contact-us.

Reference: {event_id}

Best regards,
POCBank Payments Team
2026-03-08 23:27:39 | Extracting required fields from payload
2026-03-08 23:27:39 | Extracted Payload Values: {}
2026-03-08 23:27:39 | Replacing placeholders in template
2026-03-08 23:27:39 | Final Generated Template:
2026-03-08 23:27:39 | Hi {customer_name},

Your fund transfer has been successfully completed.

• Amount: Php {amount}
• From: ****{account_last4}
• To: {beneficiary_name} ({beneficiary_masked})
• Date/Time: {timestamp}
• Reference Number: {txn_ref}

If you did not authorize this transaction, please contact POCBank immediately through https://www.pocbank.com/info/contact-us.

Reference: {event_id}

Best regards,
POCBank Payments Team
2026-03-08 23:27:39 | TEMPLATE PROCESS COMPLETED
2026-03-08 23:27:39 | Extracted Payload Values: {}
2026-03-08 23:27:39 | Replacing placeholders in template
2026-03-08 23:27:39 | Final Generated Template:
2026-03-08 23:27:39 | ------------------------------------------------
2026-03-08 23:27:39 | POCBank: Transfer successful—Php {amount} from ****{account_last4} to {beneficiary_masked} on {timestamp}. Ref: {txn_ref}. Help: https://www.pocbank.com/info/contact-us
2026-03-08 23:27:39 | TEMPLATE PROCESS COMPLETED
2026-03-08 23:27:39 | ------------------------------------------------
2026-03-08 23:27:39 | Generated SMS Message:
2026-03-08 23:27:39 | POCBank: Transfer successful—Php {amount} from ****{account_last4} to {beneficiary_masked} on {timestamp}. Ref: {txn_ref}. Help: https://www.pocbank.com/info/contact-us
2026-03-08 23:32:29 | ------------------------------------------------
2026-03-08 23:32:29 | ------------------------------------------------
2026-03-08 23:32:29 | TEMPLATE PROCESS STARTED
2026-03-08 23:32:29 | TEMPLATE PROCESS STARTED
2026-03-08 23:32:29 | EventType: PaymentEvents-FundTransferSuccessful_TPH_ACTIVITY_EVENT
2026-03-08 23:32:29 | EventType: PaymentEvents-FundTransferSuccessful_TPH_ACTIVITY_EVENT
2026-03-08 23:32:29 | AlertType: FUND_TRANSFER_SUCCESSFUL
2026-03-08 23:32:29 | AlertType: FUND_TRANSFER_SUCCESSFUL
2026-03-08 23:32:29 | MessageType: EMAIL
2026-03-08 23:32:29 | MessageType: SMS
2026-03-08 23:32:29 | Fetching template from TEMPLATE_MST
2026-03-08 23:32:29 | Fetching template from TEMPLATE_MST
2026-03-08 23:32:30 | Template Found
2026-03-08 23:32:30 | Template Found
2026-03-08 23:32:30 | Template ID: TPSMS005
2026-03-08 23:32:30 | Template ID: TPEMAIL005
2026-03-08 23:32:30 | Template Subject: null
2026-03-08 23:32:30 | Template Subject: Your POCBank fund transfer of Php {amount} is successful
2026-03-08 23:32:30 | Original Template:
2026-03-08 23:32:30 | Original Template:
2026-03-08 23:32:30 | POCBank: Transfer successful—Php {amount} from ****{account_last4} to {beneficiary_masked} on {timestamp}. Ref: {txn_ref}. Help: https://www.pocbank.com/info/contact-us
2026-03-08 23:32:30 | Hi {customer_name},

Your fund transfer has been successfully completed.

• Amount: Php {amount}
• From: ****{account_last4}
• To: {beneficiary_name} ({beneficiary_masked})
• Date/Time: {timestamp}
• Reference Number: {txn_ref}

If you did not authorize this transaction, please contact POCBank immediately through https://www.pocbank.com/info/contact-us.

Reference: {event_id}

Best regards,
POCBank Payments Team
2026-03-08 23:32:30 | Extracting required fields from payload
2026-03-08 23:32:30 | Extracting required fields from payload
2026-03-08 23:32:30 | ------------------------------------------------
2026-03-08 23:32:30 | ------------------------------------------------
2026-03-08 23:32:30 | PAYLOAD DATA EXTRACTION PROCESS STARTED
2026-03-08 23:32:30 | PAYLOAD DATA EXTRACTION PROCESS STARTED
2026-03-08 23:32:30 | PAYLOAD :{"businessKey":"POCBank|PH0099001|TPHACT260001POCBK5V","aliasInfo":null,"commandType":null,"correlationId":null,"dateTime":"2026-02-27T08:30:00.000+0000","deviceid":null,"entityId":null,"entityName":null,"eventId":"e5f6a7b8-c9d0-1234-efab-345678901234","eventSourceId":"POCBank","headers":null,"operation":null,"operationInstanceId":null,"organizationId":null,"priority":null,"sequenceInstanceId":null,"sequenceNo":null,"serviceRequestComment":null,"serviceRequestId":null,"sourceRequestIdentifier":null,"sourceUri":"https://temenos.com/microservice/cloudevents/POCBank","status":"PROCESSED","subject":"event","tenantId":null,"tracecontext":null,"transactionDate":null,"userId":null,"businessObjects":null,"eventType":"PaymentEvents-FundTransferSuccessful_TPH_ACTIVITY_EVENT","payload":{"APPLICATIONCUSTOMERDetails":[{"applicationcustomerid":"300005","applicationcustomername1List":{"applicationcustomername1":[{"applicationcustomername1":"Pedro Mendoza","language":"GB"}]}}],"eventCommon":{"companyId":"PH0099001","application":"TPH.DIGI.PAYMENTS,PAYMENTS-FUND-TRANSFER-SUCCESS","creationTime":"2026-02-27T08:30:00.000Z","today":"2026-02-27","customCommon":{"timeInLocal":"2026-02-27T16:30:00.000 Asia/Manila","ArrangementActivityReference":"TPHACT260001POCBK5V","ActivityContext":"User-Auth","ActivityStatus":"AUTH","ImmediateParentReference":"TPHACT260001POCBK5V","ParentReference":"TPHACT260001POCBK5V","Simulation":"NO","TransferAmount":"5000.00","TransferCurrency":"PHP","SenderAccount":"AAACT260001POCBK9X","ReceiverAccount":"AAACT260002POCBK8M","ReceiverName":"Rosa Mendoza","TransferType":"INSTAPAY","ReferenceNumber":"TPHREF260001POCBK"},"operator":"POCUSR00101","transactionStage":"TPH.ACT.AUTH.RTN"},"customFieldDetails":{"MessageType":"BOTH","alertType":"FUND_TRANSFER_SUCCESSFUL","Release":"R25","originatingsource":"TPH","customer_id":"1000230005","customer_name":"Marco Mendoza","timestamp":"2026-02-27T08:30:00Z","amount":"5000.00","loan_account":"123450","txn_ref":"TPHREF260001POCBK","days_overdue":"12","min_amount_due":"1500.00","grace_date":"2027-03-10","loan_ref":"LNREF260001POCBK","beneficiary_name":"Rosa Mendoza","beneficiary_id":"AAACT260002POCBK8M"}}}
2026-03-08 23:32:30 | PAYLOAD :{"businessKey":"POCBank|PH0099001|TPHACT260001POCBK5V","aliasInfo":null,"commandType":null,"correlationId":null,"dateTime":"2026-02-27T08:30:00.000+0000","deviceid":null,"entityId":null,"entityName":null,"eventId":"e5f6a7b8-c9d0-1234-efab-345678901234","eventSourceId":"POCBank","headers":null,"operation":null,"operationInstanceId":null,"organizationId":null,"priority":null,"sequenceInstanceId":null,"sequenceNo":null,"serviceRequestComment":null,"serviceRequestId":null,"sourceRequestIdentifier":null,"sourceUri":"https://temenos.com/microservice/cloudevents/POCBank","status":"PROCESSED","subject":"event","tenantId":null,"tracecontext":null,"transactionDate":null,"userId":null,"businessObjects":null,"eventType":"PaymentEvents-FundTransferSuccessful_TPH_ACTIVITY_EVENT","payload":{"APPLICATIONCUSTOMERDetails":[{"applicationcustomerid":"300005","applicationcustomername1List":{"applicationcustomername1":[{"applicationcustomername1":"Pedro Mendoza","language":"GB"}]}}],"eventCommon":{"companyId":"PH0099001","application":"TPH.DIGI.PAYMENTS,PAYMENTS-FUND-TRANSFER-SUCCESS","creationTime":"2026-02-27T08:30:00.000Z","today":"2026-02-27","customCommon":{"timeInLocal":"2026-02-27T16:30:00.000 Asia/Manila","ArrangementActivityReference":"TPHACT260001POCBK5V","ActivityContext":"User-Auth","ActivityStatus":"AUTH","ImmediateParentReference":"TPHACT260001POCBK5V","ParentReference":"TPHACT260001POCBK5V","Simulation":"NO","TransferAmount":"5000.00","TransferCurrency":"PHP","SenderAccount":"AAACT260001POCBK9X","ReceiverAccount":"AAACT260002POCBK8M","ReceiverName":"Rosa Mendoza","TransferType":"INSTAPAY","ReferenceNumber":"TPHREF260001POCBK"},"operator":"POCUSR00101","transactionStage":"TPH.ACT.AUTH.RTN"},"customFieldDetails":{"MessageType":"BOTH","alertType":"FUND_TRANSFER_SUCCESSFUL","Release":"R25","originatingsource":"TPH","customer_id":"1000230005","customer_name":"Marco Mendoza","timestamp":"2026-02-27T08:30:00Z","amount":"5000.00","loan_account":"123450","txn_ref":"TPHREF260001POCBK","days_overdue":"12","min_amount_due":"1500.00","grace_date":"2027-03-10","loan_ref":"LNREF260001POCBK","beneficiary_name":"Rosa Mendoza","beneficiary_id":"AAACT260002POCBK8M"}}}
2026-03-08 23:32:30 | alert Type:FUND_TRANSFER_SUCCESSFUL
2026-03-08 23:32:30 | alert Type:FUND_TRANSFER_SUCCESSFUL
2026-03-08 23:32:30 | customFieldDetails Data:{"MessageType":"BOTH","alertType":"FUND_TRANSFER_SUCCESSFUL","Release":"R25","originatingsource":"TPH","customer_id":"1000230005","customer_name":"Marco Mendoza","timestamp":"2026-02-27T08:30:00Z","amount":"5000.00","loan_account":"123450","txn_ref":"TPHREF260001POCBK","days_overdue":"12","min_amount_due":"1500.00","grace_date":"2027-03-10","loan_ref":"LNREF260001POCBK","beneficiary_name":"Rosa Mendoza","beneficiary_id":"AAACT260002POCBK8M"}
2026-03-08 23:32:30 | customFieldDetails Data:{"MessageType":"BOTH","alertType":"FUND_TRANSFER_SUCCESSFUL","Release":"R25","originatingsource":"TPH","customer_id":"1000230005","customer_name":"Marco Mendoza","timestamp":"2026-02-27T08:30:00Z","amount":"5000.00","loan_account":"123450","txn_ref":"TPHREF260001POCBK","days_overdue":"12","min_amount_due":"1500.00","grace_date":"2027-03-10","loan_ref":"LNREF260001POCBK","beneficiary_name":"Rosa Mendoza","beneficiary_id":"AAACT260002POCBK8M"}
2026-03-08 23:32:30 | eventCommon Data:{"companyId":"PH0099001","application":"TPH.DIGI.PAYMENTS,PAYMENTS-FUND-TRANSFER-SUCCESS","creationTime":"2026-02-27T08:30:00.000Z","today":"2026-02-27","customCommon":{"timeInLocal":"2026-02-27T16:30:00.000 Asia/Manila","ArrangementActivityReference":"TPHACT260001POCBK5V","ActivityContext":"User-Auth","ActivityStatus":"AUTH","ImmediateParentReference":"TPHACT260001POCBK5V","ParentReference":"TPHACT260001POCBK5V","Simulation":"NO","TransferAmount":"5000.00","TransferCurrency":"PHP","SenderAccount":"AAACT260001POCBK9X","ReceiverAccount":"AAACT260002POCBK8M","ReceiverName":"Rosa Mendoza","TransferType":"INSTAPAY","ReferenceNumber":"TPHREF260001POCBK"},"operator":"POCUSR00101","transactionStage":"TPH.ACT.AUTH.RTN"}
2026-03-08 23:32:30 | eventCommon Data:{"companyId":"PH0099001","application":"TPH.DIGI.PAYMENTS,PAYMENTS-FUND-TRANSFER-SUCCESS","creationTime":"2026-02-27T08:30:00.000Z","today":"2026-02-27","customCommon":{"timeInLocal":"2026-02-27T16:30:00.000 Asia/Manila","ArrangementActivityReference":"TPHACT260001POCBK5V","ActivityContext":"User-Auth","ActivityStatus":"AUTH","ImmediateParentReference":"TPHACT260001POCBK5V","ParentReference":"TPHACT260001POCBK5V","Simulation":"NO","TransferAmount":"5000.00","TransferCurrency":"PHP","SenderAccount":"AAACT260001POCBK9X","ReceiverAccount":"AAACT260002POCBK8M","ReceiverName":"Rosa Mendoza","TransferType":"INSTAPAY","ReferenceNumber":"TPHREF260001POCBK"},"operator":"POCUSR00101","transactionStage":"TPH.ACT.AUTH.RTN"}
2026-03-08 23:32:30 | Extracted Payload Values: {}
2026-03-08 23:32:30 | Extracted Payload Values: {}
2026-03-08 23:32:30 | Replacing placeholders in template
2026-03-08 23:32:30 | Replacing placeholders in template
2026-03-08 23:32:30 | Final Generated Template:
2026-03-08 23:32:30 | Final Generated Template:
2026-03-08 23:32:30 | POCBank: Transfer successful—Php {amount} from ****{account_last4} to {beneficiary_masked} on {timestamp}. Ref: {txn_ref}. Help: https://www.pocbank.com/info/contact-us
2026-03-08 23:32:30 | TEMPLATE PROCESS COMPLETED
2026-03-08 23:32:30 | Hi {customer_name},

Your fund transfer has been successfully completed.

• Amount: Php {amount}
• From: ****{account_last4}
• To: {beneficiary_name} ({beneficiary_masked})
• Date/Time: {timestamp}
• Reference Number: {txn_ref}

If you did not authorize this transaction, please contact POCBank immediately through https://www.pocbank.com/info/contact-us.

Reference: {event_id}

Best regards,
POCBank Payments Team
2026-03-08 23:32:30 | ------------------------------------------------
2026-03-08 23:32:30 | TEMPLATE PROCESS COMPLETED
2026-03-08 23:32:30 | Generated SMS Message:
2026-03-08 23:32:30 | ------------------------------------------------
2026-03-08 23:32:30 | POCBank: Transfer successful—Php {amount} from ****{account_last4} to {beneficiary_masked} on {timestamp}. Ref: {txn_ref}. Help: https://www.pocbank.com/info/contact-us
2026-03-08 23:34:10 | ------------------------------------------------
2026-03-08 23:34:10 | TEMPLATE PROCESS STARTED
2026-03-08 23:34:10 | ------------------------------------------------
2026-03-08 23:34:10 | EventType: PaymentEvents-FundTransferSuccessful_TPH_ACTIVITY_EVENT
2026-03-08 23:34:10 | TEMPLATE PROCESS STARTED
2026-03-08 23:34:10 | AlertType: FUND_TRANSFER_SUCCESSFUL
2026-03-08 23:34:10 | EventType: PaymentEvents-FundTransferSuccessful_TPH_ACTIVITY_EVENT
2026-03-08 23:34:10 | MessageType: EMAIL
2026-03-08 23:34:10 | AlertType: FUND_TRANSFER_SUCCESSFUL
2026-03-08 23:34:10 | Fetching template from TEMPLATE_MST
2026-03-08 23:34:10 | MessageType: SMS
2026-03-08 23:34:10 | Fetching template from TEMPLATE_MST
2026-03-08 23:34:10 | Template Found
2026-03-08 23:34:10 | Template Found
2026-03-08 23:34:10 | Template ID: TPEMAIL005
2026-03-08 23:34:10 | Template ID: TPSMS005
2026-03-08 23:34:10 | Template Subject: Your POCBank fund transfer of Php {amount} is successful
2026-03-08 23:34:10 | Template Subject: null
2026-03-08 23:34:10 | Original Template:
2026-03-08 23:34:10 | Original Template:
2026-03-08 23:34:10 | POCBank: Transfer successful—Php {amount} from ****{account_last4} to {beneficiary_masked} on {timestamp}. Ref: {txn_ref}. Help: https://www.pocbank.com/info/contact-us
2026-03-08 23:34:10 | Hi {customer_name},

Your fund transfer has been successfully completed.

• Amount: Php {amount}
• From: ****{account_last4}
• To: {beneficiary_name} ({beneficiary_masked})
• Date/Time: {timestamp}
• Reference Number: {txn_ref}

If you did not authorize this transaction, please contact POCBank immediately through https://www.pocbank.com/info/contact-us.

Reference: {event_id}

Best regards,
POCBank Payments Team
2026-03-08 23:34:10 | Extracting required fields from payload
2026-03-08 23:34:10 | Extracting required fields from payload
2026-03-08 23:34:10 | ------------------------------------------------
2026-03-08 23:34:10 | PAYLOAD DATA EXTRACTION PROCESS STARTED
2026-03-08 23:34:10 | ------------------------------------------------
2026-03-08 23:34:10 | PAYLOAD :{"businessKey":"POCBank|PH0099001|TPHACT260001POCBK5V","aliasInfo":null,"commandType":null,"correlationId":null,"dateTime":"2026-02-27T08:30:00.000+0000","deviceid":null,"entityId":null,"entityName":null,"eventId":"e5f6a7b8-c9d0-1234-efab-345678901234","eventSourceId":"POCBank","headers":null,"operation":null,"operationInstanceId":null,"organizationId":null,"priority":null,"sequenceInstanceId":null,"sequenceNo":null,"serviceRequestComment":null,"serviceRequestId":null,"sourceRequestIdentifier":null,"sourceUri":"https://temenos.com/microservice/cloudevents/POCBank","status":"PROCESSED","subject":"event","tenantId":null,"tracecontext":null,"transactionDate":null,"userId":null,"businessObjects":null,"eventType":"PaymentEvents-FundTransferSuccessful_TPH_ACTIVITY_EVENT","payload":{"APPLICATIONCUSTOMERDetails":[{"applicationcustomerid":"300005","applicationcustomername1List":{"applicationcustomername1":[{"applicationcustomername1":"Pedro Mendoza","language":"GB"}]}}],"eventCommon":{"companyId":"PH0099001","application":"TPH.DIGI.PAYMENTS,PAYMENTS-FUND-TRANSFER-SUCCESS","creationTime":"2026-02-27T08:30:00.000Z","today":"2026-02-27","customCommon":{"timeInLocal":"2026-02-27T16:30:00.000 Asia/Manila","ArrangementActivityReference":"TPHACT260001POCBK5V","ActivityContext":"User-Auth","ActivityStatus":"AUTH","ImmediateParentReference":"TPHACT260001POCBK5V","ParentReference":"TPHACT260001POCBK5V","Simulation":"NO","TransferAmount":"5000.00","TransferCurrency":"PHP","SenderAccount":"AAACT260001POCBK9X","ReceiverAccount":"AAACT260002POCBK8M","ReceiverName":"Rosa Mendoza","TransferType":"INSTAPAY","ReferenceNumber":"TPHREF260001POCBK"},"operator":"POCUSR00101","transactionStage":"TPH.ACT.AUTH.RTN"},"customFieldDetails":{"MessageType":"BOTH","alertType":"FUND_TRANSFER_SUCCESSFUL","Release":"R25","originatingsource":"TPH","customer_id":"1000230005","customer_name":"Marco Mendoza","timestamp":"2026-02-27T08:30:00Z","amount":"5000.00","loan_account":"123450","txn_ref":"TPHREF260001POCBK","days_overdue":"12","min_amount_due":"1500.00","grace_date":"2027-03-10","loan_ref":"LNREF260001POCBK","beneficiary_name":"Rosa Mendoza","beneficiary_id":"AAACT260002POCBK8M"}}}
2026-03-08 23:34:10 | PAYLOAD DATA EXTRACTION PROCESS STARTED
2026-03-08 23:34:10 | alert Type:FUND_TRANSFER_SUCCESSFUL
2026-03-08 23:34:10 | PAYLOAD :{"businessKey":"POCBank|PH0099001|TPHACT260001POCBK5V","aliasInfo":null,"commandType":null,"correlationId":null,"dateTime":"2026-02-27T08:30:00.000+0000","deviceid":null,"entityId":null,"entityName":null,"eventId":"e5f6a7b8-c9d0-1234-efab-345678901234","eventSourceId":"POCBank","headers":null,"operation":null,"operationInstanceId":null,"organizationId":null,"priority":null,"sequenceInstanceId":null,"sequenceNo":null,"serviceRequestComment":null,"serviceRequestId":null,"sourceRequestIdentifier":null,"sourceUri":"https://temenos.com/microservice/cloudevents/POCBank","status":"PROCESSED","subject":"event","tenantId":null,"tracecontext":null,"transactionDate":null,"userId":null,"businessObjects":null,"eventType":"PaymentEvents-FundTransferSuccessful_TPH_ACTIVITY_EVENT","payload":{"APPLICATIONCUSTOMERDetails":[{"applicationcustomerid":"300005","applicationcustomername1List":{"applicationcustomername1":[{"applicationcustomername1":"Pedro Mendoza","language":"GB"}]}}],"eventCommon":{"companyId":"PH0099001","application":"TPH.DIGI.PAYMENTS,PAYMENTS-FUND-TRANSFER-SUCCESS","creationTime":"2026-02-27T08:30:00.000Z","today":"2026-02-27","customCommon":{"timeInLocal":"2026-02-27T16:30:00.000 Asia/Manila","ArrangementActivityReference":"TPHACT260001POCBK5V","ActivityContext":"User-Auth","ActivityStatus":"AUTH","ImmediateParentReference":"TPHACT260001POCBK5V","ParentReference":"TPHACT260001POCBK5V","Simulation":"NO","TransferAmount":"5000.00","TransferCurrency":"PHP","SenderAccount":"AAACT260001POCBK9X","ReceiverAccount":"AAACT260002POCBK8M","ReceiverName":"Rosa Mendoza","TransferType":"INSTAPAY","ReferenceNumber":"TPHREF260001POCBK"},"operator":"POCUSR00101","transactionStage":"TPH.ACT.AUTH.RTN"},"customFieldDetails":{"MessageType":"BOTH","alertType":"FUND_TRANSFER_SUCCESSFUL","Release":"R25","originatingsource":"TPH","customer_id":"1000230005","customer_name":"Marco Mendoza","timestamp":"2026-02-27T08:30:00Z","amount":"5000.00","loan_account":"123450","txn_ref":"TPHREF260001POCBK","days_overdue":"12","min_amount_due":"1500.00","grace_date":"2027-03-10","loan_ref":"LNREF260001POCBK","beneficiary_name":"Rosa Mendoza","beneficiary_id":"AAACT260002POCBK8M"}}}
2026-03-08 23:34:10 | alert Type:FUND_TRANSFER_SUCCESSFUL
2026-03-08 23:34:10 | customFieldDetails Data:{"MessageType":"BOTH","alertType":"FUND_TRANSFER_SUCCESSFUL","Release":"R25","originatingsource":"TPH","customer_id":"1000230005","customer_name":"Marco Mendoza","timestamp":"2026-02-27T08:30:00Z","amount":"5000.00","loan_account":"123450","txn_ref":"TPHREF260001POCBK","days_overdue":"12","min_amount_due":"1500.00","grace_date":"2027-03-10","loan_ref":"LNREF260001POCBK","beneficiary_name":"Rosa Mendoza","beneficiary_id":"AAACT260002POCBK8M"}
2026-03-08 23:34:10 | customFieldDetails Data:{"MessageType":"BOTH","alertType":"FUND_TRANSFER_SUCCESSFUL","Release":"R25","originatingsource":"TPH","customer_id":"1000230005","customer_name":"Marco Mendoza","timestamp":"2026-02-27T08:30:00Z","amount":"5000.00","loan_account":"123450","txn_ref":"TPHREF260001POCBK","days_overdue":"12","min_amount_due":"1500.00","grace_date":"2027-03-10","loan_ref":"LNREF260001POCBK","beneficiary_name":"Rosa Mendoza","beneficiary_id":"AAACT260002POCBK8M"}
2026-03-08 23:34:10 | eventCommon Data:{"companyId":"PH0099001","application":"TPH.DIGI.PAYMENTS,PAYMENTS-FUND-TRANSFER-SUCCESS","creationTime":"2026-02-27T08:30:00.000Z","today":"2026-02-27","customCommon":{"timeInLocal":"2026-02-27T16:30:00.000 Asia/Manila","ArrangementActivityReference":"TPHACT260001POCBK5V","ActivityContext":"User-Auth","ActivityStatus":"AUTH","ImmediateParentReference":"TPHACT260001POCBK5V","ParentReference":"TPHACT260001POCBK5V","Simulation":"NO","TransferAmount":"5000.00","TransferCurrency":"PHP","SenderAccount":"AAACT260001POCBK9X","ReceiverAccount":"AAACT260002POCBK8M","ReceiverName":"Rosa Mendoza","TransferType":"INSTAPAY","ReferenceNumber":"TPHREF260001POCBK"},"operator":"POCUSR00101","transactionStage":"TPH.ACT.AUTH.RTN"}
2026-03-08 23:34:10 | eventCommon Data:{"companyId":"PH0099001","application":"TPH.DIGI.PAYMENTS,PAYMENTS-FUND-TRANSFER-SUCCESS","creationTime":"2026-02-27T08:30:00.000Z","today":"2026-02-27","customCommon":{"timeInLocal":"2026-02-27T16:30:00.000 Asia/Manila","ArrangementActivityReference":"TPHACT260001POCBK5V","ActivityContext":"User-Auth","ActivityStatus":"AUTH","ImmediateParentReference":"TPHACT260001POCBK5V","ParentReference":"TPHACT260001POCBK5V","Simulation":"NO","TransferAmount":"5000.00","TransferCurrency":"PHP","SenderAccount":"AAACT260001POCBK9X","ReceiverAccount":"AAACT260002POCBK8M","ReceiverName":"Rosa Mendoza","TransferType":"INSTAPAY","ReferenceNumber":"TPHREF260001POCBK"},"operator":"POCUSR00101","transactionStage":"TPH.ACT.AUTH.RTN"}
2026-03-08 23:34:10 | Extracted Payload Values: {amount=5000.00, event_id=e5f6a7b8-c9d0-1234-efab-345678901234, customer_name=Marco Mendoza, txn_ref=TPHREF260001POCBK, timestamp=2026-02-27T08:30:00Z}
2026-03-08 23:34:10 | Extracted Payload Values: {amount=5000.00, event_id=e5f6a7b8-c9d0-1234-efab-345678901234, customer_name=Marco Mendoza, txn_ref=TPHREF260001POCBK, timestamp=2026-02-27T08:30:00Z}
2026-03-08 23:34:10 | Replacing placeholders in template
2026-03-08 23:34:10 | Replacing placeholders in template
2026-03-08 23:34:10 | Replacing placeholder amount with value 5000.00
2026-03-08 23:34:10 | Replacing placeholder amount with value 5000.00
2026-03-08 23:34:10 | Replacing placeholder event_id with value e5f6a7b8-c9d0-1234-efab-345678901234
2026-03-08 23:34:10 | Replacing placeholder event_id with value e5f6a7b8-c9d0-1234-efab-345678901234
2026-03-08 23:34:10 | Replacing placeholder customer_name with value Marco Mendoza
2026-03-08 23:34:10 | Replacing placeholder txn_ref with value TPHREF260001POCBK
2026-03-08 23:34:10 | Replacing placeholder customer_name with value Marco Mendoza
2026-03-08 23:34:10 | Replacing placeholder timestamp with value 2026-02-27T08:30:00Z
2026-03-08 23:34:10 | Replacing placeholder txn_ref with value TPHREF260001POCBK
2026-03-08 23:34:10 | Final Generated Template:
2026-03-08 23:34:10 | POCBank: Transfer successful—Php 5000.00 from ****{account_last4} to {beneficiary_masked} on 2026-02-27T08:30:00Z. Ref: TPHREF260001POCBK. Help: https://www.pocbank.com/info/contact-us
2026-03-08 23:34:10 | Replacing placeholder timestamp with value 2026-02-27T08:30:00Z
2026-03-08 23:34:10 | TEMPLATE PROCESS COMPLETED
2026-03-08 23:34:10 | ------------------------------------------------
2026-03-08 23:34:10 | Final Generated Template:
2026-03-08 23:34:10 | Generated SMS Message:
2026-03-08 23:34:10 | Hi Marco Mendoza,

Your fund transfer has been successfully completed.

• Amount: Php 5000.00
• From: ****{account_last4}
• To: {beneficiary_name} ({beneficiary_masked})
• Date/Time: 2026-02-27T08:30:00Z
• Reference Number: TPHREF260001POCBK

If you did not authorize this transaction, please contact POCBank immediately through https://www.pocbank.com/info/contact-us.

Reference: e5f6a7b8-c9d0-1234-efab-345678901234

Best regards,
POCBank Payments Team
2026-03-08 23:34:10 | POCBank: Transfer successful—Php 5000.00 from ****{account_last4} to {beneficiary_masked} on 2026-02-27T08:30:00Z. Ref: TPHREF260001POCBK. Help: https://www.pocbank.com/info/contact-us
2026-03-08 23:34:10 | TEMPLATE PROCESS COMPLETED
2026-03-08 23:34:10 | ------------------------------------------------
2026-03-08 23:37:50 | ------------------------------------------------
2026-03-08 23:37:50 | ------------------------------------------------
2026-03-08 23:37:50 | TEMPLATE PROCESS STARTED
2026-03-08 23:37:50 | TEMPLATE PROCESS STARTED
2026-03-08 23:37:50 | EventType: PaymentEvents-FundTransferSuccessful_TPH_ACTIVITY_EVENT
2026-03-08 23:37:50 | EventType: PaymentEvents-FundTransferSuccessful_TPH_ACTIVITY_EVENT
2026-03-08 23:37:50 | AlertType: FUND_TRANSFER_SUCCESSFUL
2026-03-08 23:37:50 | AlertType: FUND_TRANSFER_SUCCESSFUL
2026-03-08 23:37:50 | MessageType: EMAIL
2026-03-08 23:37:50 | MessageType: SMS
2026-03-08 23:37:50 | Fetching template from TEMPLATE_MST
2026-03-08 23:37:50 | Fetching template from TEMPLATE_MST
2026-03-08 23:37:51 | Template Found
2026-03-08 23:37:51 | Template Found
2026-03-08 23:37:51 | Template ID: TPSMS005
2026-03-08 23:37:51 | Template ID: TPEMAIL005
2026-03-08 23:37:51 | Template Subject: null
2026-03-08 23:37:51 | Original Template:
2026-03-08 23:37:51 | Template Subject: Your POCBank fund transfer of Php {amount} is successful
2026-03-08 23:37:51 | POCBank: Transfer successful—Php {amount} from ****{account_last4} to {beneficiary_masked} on {timestamp}. Ref: {txn_ref}. Help: https://www.pocbank.com/info/contact-us
2026-03-08 23:37:51 | Original Template:
2026-03-08 23:37:51 | Extracting required fields from payload
2026-03-08 23:37:51 | Hi {customer_name},

Your fund transfer has been successfully completed.

• Amount: Php {amount}
• From: ****{account_last4}
• To: {beneficiary_name} ({beneficiary_masked})
• Date/Time: {timestamp}
• Reference Number: {txn_ref}

If you did not authorize this transaction, please contact POCBank immediately through https://www.pocbank.com/info/contact-us.

Reference: {event_id}

Best regards,
POCBank Payments Team
2026-03-08 23:37:51 | ------------------------------------------------
2026-03-08 23:37:51 | Extracting required fields from payload
2026-03-08 23:37:51 | PAYLOAD DATA EXTRACTION PROCESS STARTED
2026-03-08 23:37:51 | ------------------------------------------------
2026-03-08 23:37:51 | PAYLOAD DATA EXTRACTION PROCESS STARTED
2026-03-08 23:37:51 | PAYLOAD :{"businessKey":"POCBank|PH0099001|TPHACT260001POCBK5V","aliasInfo":null,"commandType":null,"correlationId":null,"dateTime":"2026-02-27T08:30:00.000+0000","deviceid":null,"entityId":null,"entityName":null,"eventId":"e5f6a7b8-c9d0-1234-efab-345678901234","eventSourceId":"POCBank","headers":null,"operation":null,"operationInstanceId":null,"organizationId":null,"priority":null,"sequenceInstanceId":null,"sequenceNo":null,"serviceRequestComment":null,"serviceRequestId":null,"sourceRequestIdentifier":null,"sourceUri":"https://temenos.com/microservice/cloudevents/POCBank","status":"PROCESSED","subject":"event","tenantId":null,"tracecontext":null,"transactionDate":null,"userId":null,"businessObjects":null,"eventType":"PaymentEvents-FundTransferSuccessful_TPH_ACTIVITY_EVENT","payload":{"APPLICATIONCUSTOMERDetails":[{"applicationcustomerid":"300005","applicationcustomername1List":{"applicationcustomername1":[{"applicationcustomername1":"Pedro Mendoza","language":"GB"}]}}],"eventCommon":{"companyId":"PH0099001","application":"TPH.DIGI.PAYMENTS,PAYMENTS-FUND-TRANSFER-SUCCESS","creationTime":"2026-02-27T08:30:00.000Z","today":"2026-02-27","customCommon":{"timeInLocal":"2026-02-27T16:30:00.000 Asia/Manila","ArrangementActivityReference":"TPHACT260001POCBK5V","ActivityContext":"User-Auth","ActivityStatus":"AUTH","ImmediateParentReference":"TPHACT260001POCBK5V","ParentReference":"TPHACT260001POCBK5V","Simulation":"NO","TransferAmount":"5000.00","TransferCurrency":"PHP","SenderAccount":"AAACT260001POCBK9X","ReceiverAccount":"AAACT260002POCBK8M","ReceiverName":"Rosa Mendoza","TransferType":"INSTAPAY","ReferenceNumber":"TPHREF260001POCBK"},"operator":"POCUSR00101","transactionStage":"TPH.ACT.AUTH.RTN"},"customFieldDetails":{"MessageType":"BOTH","alertType":"FUND_TRANSFER_SUCCESSFUL","Release":"R25","originatingsource":"TPH","customer_id":"1000230005","customer_name":"Marco Mendoza","timestamp":"2026-02-27T08:30:00Z","amount":"5000.00","loan_account":"123450","txn_ref":"TPHREF260001POCBK","days_overdue":"12","min_amount_due":"1500.00","grace_date":"2027-03-10","loan_ref":"LNREF260001POCBK","beneficiary_name":"Rosa Mendoza","beneficiary_id":"AAACT260002POCBK8M"}}}
2026-03-08 23:37:51 | PAYLOAD :{"businessKey":"POCBank|PH0099001|TPHACT260001POCBK5V","aliasInfo":null,"commandType":null,"correlationId":null,"dateTime":"2026-02-27T08:30:00.000+0000","deviceid":null,"entityId":null,"entityName":null,"eventId":"e5f6a7b8-c9d0-1234-efab-345678901234","eventSourceId":"POCBank","headers":null,"operation":null,"operationInstanceId":null,"organizationId":null,"priority":null,"sequenceInstanceId":null,"sequenceNo":null,"serviceRequestComment":null,"serviceRequestId":null,"sourceRequestIdentifier":null,"sourceUri":"https://temenos.com/microservice/cloudevents/POCBank","status":"PROCESSED","subject":"event","tenantId":null,"tracecontext":null,"transactionDate":null,"userId":null,"businessObjects":null,"eventType":"PaymentEvents-FundTransferSuccessful_TPH_ACTIVITY_EVENT","payload":{"APPLICATIONCUSTOMERDetails":[{"applicationcustomerid":"300005","applicationcustomername1List":{"applicationcustomername1":[{"applicationcustomername1":"Pedro Mendoza","language":"GB"}]}}],"eventCommon":{"companyId":"PH0099001","application":"TPH.DIGI.PAYMENTS,PAYMENTS-FUND-TRANSFER-SUCCESS","creationTime":"2026-02-27T08:30:00.000Z","today":"2026-02-27","customCommon":{"timeInLocal":"2026-02-27T16:30:00.000 Asia/Manila","ArrangementActivityReference":"TPHACT260001POCBK5V","ActivityContext":"User-Auth","ActivityStatus":"AUTH","ImmediateParentReference":"TPHACT260001POCBK5V","ParentReference":"TPHACT260001POCBK5V","Simulation":"NO","TransferAmount":"5000.00","TransferCurrency":"PHP","SenderAccount":"AAACT260001POCBK9X","ReceiverAccount":"AAACT260002POCBK8M","ReceiverName":"Rosa Mendoza","TransferType":"INSTAPAY","ReferenceNumber":"TPHREF260001POCBK"},"operator":"POCUSR00101","transactionStage":"TPH.ACT.AUTH.RTN"},"customFieldDetails":{"MessageType":"BOTH","alertType":"FUND_TRANSFER_SUCCESSFUL","Release":"R25","originatingsource":"TPH","customer_id":"1000230005","customer_name":"Marco Mendoza","timestamp":"2026-02-27T08:30:00Z","amount":"5000.00","loan_account":"123450","txn_ref":"TPHREF260001POCBK","days_overdue":"12","min_amount_due":"1500.00","grace_date":"2027-03-10","loan_ref":"LNREF260001POCBK","beneficiary_name":"Rosa Mendoza","beneficiary_id":"AAACT260002POCBK8M"}}}
2026-03-08 23:37:51 | alert Type:FUND_TRANSFER_SUCCESSFUL
2026-03-08 23:37:51 | alert Type:FUND_TRANSFER_SUCCESSFUL
2026-03-08 23:37:51 | customFieldDetails Data:{"MessageType":"BOTH","alertType":"FUND_TRANSFER_SUCCESSFUL","Release":"R25","originatingsource":"TPH","customer_id":"1000230005","customer_name":"Marco Mendoza","timestamp":"2026-02-27T08:30:00Z","amount":"5000.00","loan_account":"123450","txn_ref":"TPHREF260001POCBK","days_overdue":"12","min_amount_due":"1500.00","grace_date":"2027-03-10","loan_ref":"LNREF260001POCBK","beneficiary_name":"Rosa Mendoza","beneficiary_id":"AAACT260002POCBK8M"}
2026-03-08 23:37:51 | customFieldDetails Data:{"MessageType":"BOTH","alertType":"FUND_TRANSFER_SUCCESSFUL","Release":"R25","originatingsource":"TPH","customer_id":"1000230005","customer_name":"Marco Mendoza","timestamp":"2026-02-27T08:30:00Z","amount":"5000.00","loan_account":"123450","txn_ref":"TPHREF260001POCBK","days_overdue":"12","min_amount_due":"1500.00","grace_date":"2027-03-10","loan_ref":"LNREF260001POCBK","beneficiary_name":"Rosa Mendoza","beneficiary_id":"AAACT260002POCBK8M"}
2026-03-08 23:37:51 | eventCommon Data:{"companyId":"PH0099001","application":"TPH.DIGI.PAYMENTS,PAYMENTS-FUND-TRANSFER-SUCCESS","creationTime":"2026-02-27T08:30:00.000Z","today":"2026-02-27","customCommon":{"timeInLocal":"2026-02-27T16:30:00.000 Asia/Manila","ArrangementActivityReference":"TPHACT260001POCBK5V","ActivityContext":"User-Auth","ActivityStatus":"AUTH","ImmediateParentReference":"TPHACT260001POCBK5V","ParentReference":"TPHACT260001POCBK5V","Simulation":"NO","TransferAmount":"5000.00","TransferCurrency":"PHP","SenderAccount":"AAACT260001POCBK9X","ReceiverAccount":"AAACT260002POCBK8M","ReceiverName":"Rosa Mendoza","TransferType":"INSTAPAY","ReferenceNumber":"TPHREF260001POCBK"},"operator":"POCUSR00101","transactionStage":"TPH.ACT.AUTH.RTN"}
2026-03-08 23:37:51 | eventCommon Data:{"companyId":"PH0099001","application":"TPH.DIGI.PAYMENTS,PAYMENTS-FUND-TRANSFER-SUCCESS","creationTime":"2026-02-27T08:30:00.000Z","today":"2026-02-27","customCommon":{"timeInLocal":"2026-02-27T16:30:00.000 Asia/Manila","ArrangementActivityReference":"TPHACT260001POCBK5V","ActivityContext":"User-Auth","ActivityStatus":"AUTH","ImmediateParentReference":"TPHACT260001POCBK5V","ParentReference":"TPHACT260001POCBK5V","Simulation":"NO","TransferAmount":"5000.00","TransferCurrency":"PHP","SenderAccount":"AAACT260001POCBK9X","ReceiverAccount":"AAACT260002POCBK8M","ReceiverName":"Rosa Mendoza","TransferType":"INSTAPAY","ReferenceNumber":"TPHREF260001POCBK"},"operator":"POCUSR00101","transactionStage":"TPH.ACT.AUTH.RTN"}
2026-03-08 23:37:51 | Extracted Payload Values: {beneficiary_id=AAACT260002POCBK8M, amount=5000.00, event_id=e5f6a7b8-c9d0-1234-efab-345678901234, loan_account=123450, customer_name=Marco Mendoza, txn_ref=TPHREF260001POCBK, timestamp=2026-02-27T08:30:00Z}
2026-03-08 23:37:51 | Extracted Payload Values: {beneficiary_id=AAACT260002POCBK8M, amount=5000.00, event_id=e5f6a7b8-c9d0-1234-efab-345678901234, loan_account=123450, customer_name=Marco Mendoza, txn_ref=TPHREF260001POCBK, timestamp=2026-02-27T08:30:00Z}
2026-03-08 23:37:51 | Replacing placeholders in template
2026-03-08 23:37:51 | Replacing placeholders in template
2026-03-08 23:37:51 | Replacing placeholder beneficiary_id with value AAACT260002POCBK8M
2026-03-08 23:37:51 | Replacing placeholder beneficiary_id with value AAACT260002POCBK8M
2026-03-08 23:37:51 | Replacing placeholder amount with value 5000.00
2026-03-08 23:37:51 | Replacing placeholder amount with value 5000.00
2026-03-08 23:37:51 | Replacing placeholder event_id with value e5f6a7b8-c9d0-1234-efab-345678901234
2026-03-08 23:37:51 | Replacing placeholder loan_account with value 123450
2026-03-08 23:37:51 | Replacing placeholder event_id with value e5f6a7b8-c9d0-1234-efab-345678901234
2026-03-08 23:37:51 | Replacing placeholder customer_name with value Marco Mendoza
2026-03-08 23:37:51 | Replacing placeholder txn_ref with value TPHREF260001POCBK
2026-03-08 23:37:51 | Replacing placeholder loan_account with value 123450
2026-03-08 23:37:51 | Replacing placeholder timestamp with value 2026-02-27T08:30:00Z
2026-03-08 23:37:51 | Replacing placeholder customer_name with value Marco Mendoza
2026-03-08 23:37:51 | Final Generated Template:
2026-03-08 23:37:51 | Replacing placeholder txn_ref with value TPHREF260001POCBK
2026-03-08 23:37:51 | POCBank: Transfer successful—Php 5000.00 from ****{account_last4} to {beneficiary_masked} on 2026-02-27T08:30:00Z. Ref: TPHREF260001POCBK. Help: https://www.pocbank.com/info/contact-us
2026-03-08 23:37:51 | Replacing placeholder timestamp with value 2026-02-27T08:30:00Z
2026-03-08 23:37:51 | TEMPLATE PROCESS COMPLETED
2026-03-08 23:37:51 | ------------------------------------------------
2026-03-08 23:37:51 | Final Generated Template:
2026-03-08 23:37:51 | Generated SMS Message:
2026-03-08 23:37:51 | Hi Marco Mendoza,

Your fund transfer has been successfully completed.

• Amount: Php 5000.00
• From: ****{account_last4}
• To: {beneficiary_name} ({beneficiary_masked})
• Date/Time: 2026-02-27T08:30:00Z
• Reference Number: TPHREF260001POCBK

If you did not authorize this transaction, please contact POCBank immediately through https://www.pocbank.com/info/contact-us.

Reference: e5f6a7b8-c9d0-1234-efab-345678901234

Best regards,
POCBank Payments Team
2026-03-08 23:37:51 | POCBank: Transfer successful—Php 5000.00 from ****{account_last4} to {beneficiary_masked} on 2026-02-27T08:30:00Z. Ref: TPHREF260001POCBK. Help: https://www.pocbank.com/info/contact-us
2026-03-08 23:37:51 | TEMPLATE PROCESS COMPLETED
2026-03-08 23:37:51 | ------------------------------------------------
2026-03-08 23:43:50 | ------------------------------------------------
2026-03-08 23:43:50 | ------------------------------------------------
2026-03-08 23:43:50 | TEMPLATE PROCESS STARTED
2026-03-08 23:43:50 | TEMPLATE PROCESS STARTED
2026-03-08 23:43:50 | EventType: PaymentEvents-FundTransferSuccessful_TPH_ACTIVITY_EVENT
2026-03-08 23:43:50 | EventType: PaymentEvents-FundTransferSuccessful_TPH_ACTIVITY_EVENT
2026-03-08 23:43:50 | AlertType: FUND_TRANSFER_SUCCESSFUL
2026-03-08 23:43:50 | AlertType: FUND_TRANSFER_SUCCESSFUL
2026-03-08 23:43:50 | MessageType: EMAIL
2026-03-08 23:43:50 | MessageType: SMS
2026-03-08 23:43:50 | Fetching template from TEMPLATE_MST
2026-03-08 23:43:50 | Fetching template from TEMPLATE_MST
2026-03-08 23:43:51 | Template Found
2026-03-08 23:43:51 | Template Found
2026-03-08 23:43:51 | Template ID: TPSMS005
2026-03-08 23:43:51 | Template ID: TPEMAIL005
2026-03-08 23:43:51 | Template Subject: null
2026-03-08 23:43:51 | Template Subject: Your POCBank fund transfer of Php {amount} is successful
2026-03-08 23:43:51 | Original Template:
2026-03-08 23:43:51 | Original Template:
2026-03-08 23:43:51 | Hi {customer_name},

Your fund transfer has been successfully completed.

• Amount: Php {amount}
• From: ****{account_last4}
• To: {beneficiary_name} ({beneficiary_masked})
• Date/Time: {timestamp}
• Reference Number: {txn_ref}

If you did not authorize this transaction, please contact POCBank immediately through https://www.pocbank.com/info/contact-us.

Reference: {event_id}

Best regards,
POCBank Payments Team
2026-03-08 23:43:51 | POCBank: Transfer successful—Php {amount} from ****{account_last4} to {beneficiary_masked} on {timestamp}. Ref: {txn_ref}. Help: https://www.pocbank.com/info/contact-us
2026-03-08 23:43:51 | Extracting required fields from payload
2026-03-08 23:43:51 | Extracting required fields from payload
2026-03-08 23:43:51 | ------------------------------------------------
2026-03-08 23:43:51 | ------------------------------------------------
2026-03-08 23:43:51 | PAYLOAD DATA EXTRACTION PROCESS STARTED
2026-03-08 23:43:51 | PAYLOAD DATA EXTRACTION PROCESS STARTED
2026-03-08 23:43:51 | PAYLOAD :{"businessKey":"POCBank|PH0099001|TPHACT260001POCBK5V","aliasInfo":null,"commandType":null,"correlationId":null,"dateTime":"2026-02-27T08:30:00.000+0000","deviceid":null,"entityId":null,"entityName":null,"eventId":"e5f6a7b8-c9d0-1234-efab-345678901234","eventSourceId":"POCBank","headers":null,"operation":null,"operationInstanceId":null,"organizationId":null,"priority":null,"sequenceInstanceId":null,"sequenceNo":null,"serviceRequestComment":null,"serviceRequestId":null,"sourceRequestIdentifier":null,"sourceUri":"https://temenos.com/microservice/cloudevents/POCBank","status":"PROCESSED","subject":"event","tenantId":null,"tracecontext":null,"transactionDate":null,"userId":null,"businessObjects":null,"eventType":"PaymentEvents-FundTransferSuccessful_TPH_ACTIVITY_EVENT","payload":{"APPLICATIONCUSTOMERDetails":[{"applicationcustomerid":"300005","applicationcustomername1List":{"applicationcustomername1":[{"applicationcustomername1":"Pedro Mendoza","language":"GB"}]}}],"eventCommon":{"companyId":"PH0099001","application":"TPH.DIGI.PAYMENTS,PAYMENTS-FUND-TRANSFER-SUCCESS","creationTime":"2026-02-27T08:30:00.000Z","today":"2026-02-27","customCommon":{"timeInLocal":"2026-02-27T16:30:00.000 Asia/Manila","ArrangementActivityReference":"TPHACT260001POCBK5V","ActivityContext":"User-Auth","ActivityStatus":"AUTH","ImmediateParentReference":"TPHACT260001POCBK5V","ParentReference":"TPHACT260001POCBK5V","Simulation":"NO","TransferAmount":"5000.00","TransferCurrency":"PHP","SenderAccount":"AAACT260001POCBK9X","ReceiverAccount":"AAACT260002POCBK8M","ReceiverName":"Rosa Mendoza","TransferType":"INSTAPAY","ReferenceNumber":"TPHREF260001POCBK"},"operator":"POCUSR00101","transactionStage":"TPH.ACT.AUTH.RTN"},"customFieldDetails":{"MessageType":"BOTH","alertType":"FUND_TRANSFER_SUCCESSFUL","Release":"R25","originatingsource":"TPH","customer_id":"1000230005","customer_name":"Marco Mendoza","timestamp":"2026-02-27T08:30:00Z","amount":"5000.00","loan_account":"123450","txn_ref":"TPHREF260001POCBK","days_overdue":"12","min_amount_due":"1500.00","grace_date":"2027-03-10","loan_ref":"LNREF260001POCBK","beneficiary_name":"Rosa Mendoza","beneficiary_id":"AAACT260002POCBK8M"}}}
2026-03-08 23:43:51 | PAYLOAD :{"businessKey":"POCBank|PH0099001|TPHACT260001POCBK5V","aliasInfo":null,"commandType":null,"correlationId":null,"dateTime":"2026-02-27T08:30:00.000+0000","deviceid":null,"entityId":null,"entityName":null,"eventId":"e5f6a7b8-c9d0-1234-efab-345678901234","eventSourceId":"POCBank","headers":null,"operation":null,"operationInstanceId":null,"organizationId":null,"priority":null,"sequenceInstanceId":null,"sequenceNo":null,"serviceRequestComment":null,"serviceRequestId":null,"sourceRequestIdentifier":null,"sourceUri":"https://temenos.com/microservice/cloudevents/POCBank","status":"PROCESSED","subject":"event","tenantId":null,"tracecontext":null,"transactionDate":null,"userId":null,"businessObjects":null,"eventType":"PaymentEvents-FundTransferSuccessful_TPH_ACTIVITY_EVENT","payload":{"APPLICATIONCUSTOMERDetails":[{"applicationcustomerid":"300005","applicationcustomername1List":{"applicationcustomername1":[{"applicationcustomername1":"Pedro Mendoza","language":"GB"}]}}],"eventCommon":{"companyId":"PH0099001","application":"TPH.DIGI.PAYMENTS,PAYMENTS-FUND-TRANSFER-SUCCESS","creationTime":"2026-02-27T08:30:00.000Z","today":"2026-02-27","customCommon":{"timeInLocal":"2026-02-27T16:30:00.000 Asia/Manila","ArrangementActivityReference":"TPHACT260001POCBK5V","ActivityContext":"User-Auth","ActivityStatus":"AUTH","ImmediateParentReference":"TPHACT260001POCBK5V","ParentReference":"TPHACT260001POCBK5V","Simulation":"NO","TransferAmount":"5000.00","TransferCurrency":"PHP","SenderAccount":"AAACT260001POCBK9X","ReceiverAccount":"AAACT260002POCBK8M","ReceiverName":"Rosa Mendoza","TransferType":"INSTAPAY","ReferenceNumber":"TPHREF260001POCBK"},"operator":"POCUSR00101","transactionStage":"TPH.ACT.AUTH.RTN"},"customFieldDetails":{"MessageType":"BOTH","alertType":"FUND_TRANSFER_SUCCESSFUL","Release":"R25","originatingsource":"TPH","customer_id":"1000230005","customer_name":"Marco Mendoza","timestamp":"2026-02-27T08:30:00Z","amount":"5000.00","loan_account":"123450","txn_ref":"TPHREF260001POCBK","days_overdue":"12","min_amount_due":"1500.00","grace_date":"2027-03-10","loan_ref":"LNREF260001POCBK","beneficiary_name":"Rosa Mendoza","beneficiary_id":"AAACT260002POCBK8M"}}}
2026-03-08 23:43:51 | alert Type:FUND_TRANSFER_SUCCESSFUL
2026-03-08 23:43:51 | alert Type:FUND_TRANSFER_SUCCESSFUL
2026-03-08 23:43:51 | customFieldDetails Data:{"MessageType":"BOTH","alertType":"FUND_TRANSFER_SUCCESSFUL","Release":"R25","originatingsource":"TPH","customer_id":"1000230005","customer_name":"Marco Mendoza","timestamp":"2026-02-27T08:30:00Z","amount":"5000.00","loan_account":"123450","txn_ref":"TPHREF260001POCBK","days_overdue":"12","min_amount_due":"1500.00","grace_date":"2027-03-10","loan_ref":"LNREF260001POCBK","beneficiary_name":"Rosa Mendoza","beneficiary_id":"AAACT260002POCBK8M"}
2026-03-08 23:43:51 | customFieldDetails Data:{"MessageType":"BOTH","alertType":"FUND_TRANSFER_SUCCESSFUL","Release":"R25","originatingsource":"TPH","customer_id":"1000230005","customer_name":"Marco Mendoza","timestamp":"2026-02-27T08:30:00Z","amount":"5000.00","loan_account":"123450","txn_ref":"TPHREF260001POCBK","days_overdue":"12","min_amount_due":"1500.00","grace_date":"2027-03-10","loan_ref":"LNREF260001POCBK","beneficiary_name":"Rosa Mendoza","beneficiary_id":"AAACT260002POCBK8M"}
2026-03-08 23:43:51 | eventCommon Data:{"companyId":"PH0099001","application":"TPH.DIGI.PAYMENTS,PAYMENTS-FUND-TRANSFER-SUCCESS","creationTime":"2026-02-27T08:30:00.000Z","today":"2026-02-27","customCommon":{"timeInLocal":"2026-02-27T16:30:00.000 Asia/Manila","ArrangementActivityReference":"TPHACT260001POCBK5V","ActivityContext":"User-Auth","ActivityStatus":"AUTH","ImmediateParentReference":"TPHACT260001POCBK5V","ParentReference":"TPHACT260001POCBK5V","Simulation":"NO","TransferAmount":"5000.00","TransferCurrency":"PHP","SenderAccount":"AAACT260001POCBK9X","ReceiverAccount":"AAACT260002POCBK8M","ReceiverName":"Rosa Mendoza","TransferType":"INSTAPAY","ReferenceNumber":"TPHREF260001POCBK"},"operator":"POCUSR00101","transactionStage":"TPH.ACT.AUTH.RTN"}
2026-03-08 23:43:51 | eventCommon Data:{"companyId":"PH0099001","application":"TPH.DIGI.PAYMENTS,PAYMENTS-FUND-TRANSFER-SUCCESS","creationTime":"2026-02-27T08:30:00.000Z","today":"2026-02-27","customCommon":{"timeInLocal":"2026-02-27T16:30:00.000 Asia/Manila","ArrangementActivityReference":"TPHACT260001POCBK5V","ActivityContext":"User-Auth","ActivityStatus":"AUTH","ImmediateParentReference":"TPHACT260001POCBK5V","ParentReference":"TPHACT260001POCBK5V","Simulation":"NO","TransferAmount":"5000.00","TransferCurrency":"PHP","SenderAccount":"AAACT260001POCBK9X","ReceiverAccount":"AAACT260002POCBK8M","ReceiverName":"Rosa Mendoza","TransferType":"INSTAPAY","ReferenceNumber":"TPHREF260001POCBK"},"operator":"POCUSR00101","transactionStage":"TPH.ACT.AUTH.RTN"}
2026-03-08 23:46:20 | ------------------------------------------------
2026-03-08 23:46:20 | ------------------------------------------------
2026-03-08 23:46:20 | TEMPLATE PROCESS STARTED
2026-03-08 23:46:20 | TEMPLATE PROCESS STARTED
2026-03-08 23:46:20 | EventType: PaymentEvents-FundTransferSuccessful_TPH_ACTIVITY_EVENT
2026-03-08 23:46:20 | EventType: PaymentEvents-FundTransferSuccessful_TPH_ACTIVITY_EVENT
2026-03-08 23:46:20 | AlertType: FUND_TRANSFER_SUCCESSFUL
2026-03-08 23:46:20 | AlertType: FUND_TRANSFER_SUCCESSFUL
2026-03-08 23:46:20 | MessageType: EMAIL
2026-03-08 23:46:20 | MessageType: SMS
2026-03-08 23:46:20 | Fetching template from TEMPLATE_MST
2026-03-08 23:46:20 | Fetching template from TEMPLATE_MST
2026-03-08 23:46:21 | Template Found
2026-03-08 23:46:21 | Template Found
2026-03-08 23:46:21 | Template ID: TPEMAIL005
2026-03-08 23:46:21 | Template ID: TPSMS005
2026-03-08 23:46:21 | Template Subject: Your POCBank fund transfer of Php {amount} is successful
2026-03-08 23:46:21 | Template Subject: null
2026-03-08 23:46:21 | Original Template:
2026-03-08 23:46:21 | Original Template:
2026-03-08 23:46:21 | POCBank: Transfer successful—Php {amount} from ****{account_last4} to {beneficiary_masked} on {timestamp}. Ref: {txn_ref}. Help: https://www.pocbank.com/info/contact-us
2026-03-08 23:46:21 | Hi {customer_name},

Your fund transfer has been successfully completed.

• Amount: Php {amount}
• From: ****{account_last4}
• To: {beneficiary_name} ({beneficiary_masked})
• Date/Time: {timestamp}
• Reference Number: {txn_ref}

If you did not authorize this transaction, please contact POCBank immediately through https://www.pocbank.com/info/contact-us.

Reference: {event_id}

Best regards,
POCBank Payments Team
2026-03-08 23:46:21 | Extracting required fields from payload
2026-03-08 23:46:21 | Extracting required fields from payload
2026-03-08 23:46:21 | ------------------------------------------------
2026-03-08 23:46:21 | ------------------------------------------------
2026-03-08 23:46:21 | PAYLOAD DATA EXTRACTION PROCESS STARTED
2026-03-08 23:46:21 | PAYLOAD DATA EXTRACTION PROCESS STARTED
2026-03-08 23:46:21 | PAYLOAD :{"businessKey":"POCBank|PH0099001|TPHACT260001POCBK5V","aliasInfo":null,"commandType":null,"correlationId":null,"dateTime":"2026-02-27T08:30:00.000+0000","deviceid":null,"entityId":null,"entityName":null,"eventId":"e5f6a7b8-c9d0-1234-efab-345678901234","eventSourceId":"POCBank","headers":null,"operation":null,"operationInstanceId":null,"organizationId":null,"priority":null,"sequenceInstanceId":null,"sequenceNo":null,"serviceRequestComment":null,"serviceRequestId":null,"sourceRequestIdentifier":null,"sourceUri":"https://temenos.com/microservice/cloudevents/POCBank","status":"PROCESSED","subject":"event","tenantId":null,"tracecontext":null,"transactionDate":null,"userId":null,"businessObjects":null,"eventType":"PaymentEvents-FundTransferSuccessful_TPH_ACTIVITY_EVENT","payload":{"APPLICATIONCUSTOMERDetails":[{"applicationcustomerid":"300005","applicationcustomername1List":{"applicationcustomername1":[{"applicationcustomername1":"Pedro Mendoza","language":"GB"}]}}],"eventCommon":{"companyId":"PH0099001","application":"TPH.DIGI.PAYMENTS,PAYMENTS-FUND-TRANSFER-SUCCESS","creationTime":"2026-02-27T08:30:00.000Z","today":"2026-02-27","customCommon":{"timeInLocal":"2026-02-27T16:30:00.000 Asia/Manila","ArrangementActivityReference":"TPHACT260001POCBK5V","ActivityContext":"User-Auth","ActivityStatus":"AUTH","ImmediateParentReference":"TPHACT260001POCBK5V","ParentReference":"TPHACT260001POCBK5V","Simulation":"NO","TransferAmount":"5000.00","TransferCurrency":"PHP","SenderAccount":"AAACT260001POCBK9X","ReceiverAccount":"AAACT260002POCBK8M","ReceiverName":"Rosa Mendoza","TransferType":"INSTAPAY","ReferenceNumber":"TPHREF260001POCBK"},"operator":"POCUSR00101","transactionStage":"TPH.ACT.AUTH.RTN"},"customFieldDetails":{"MessageType":"BOTH","alertType":"FUND_TRANSFER_SUCCESSFUL","Release":"R25","originatingsource":"TPH","customer_id":"1000230005","customer_name":"Marco Mendoza","timestamp":"2026-02-27T08:30:00Z","amount":"5000.00","loan_account":"123450","txn_ref":"TPHREF260001POCBK","days_overdue":"12","min_amount_due":"1500.00","grace_date":"2027-03-10","loan_ref":"LNREF260001POCBK","beneficiary_name":"Rosa Mendoza","beneficiary_id":"AAACT260002POCBK8M"}}}
2026-03-08 23:46:21 | PAYLOAD :{"businessKey":"POCBank|PH0099001|TPHACT260001POCBK5V","aliasInfo":null,"commandType":null,"correlationId":null,"dateTime":"2026-02-27T08:30:00.000+0000","deviceid":null,"entityId":null,"entityName":null,"eventId":"e5f6a7b8-c9d0-1234-efab-345678901234","eventSourceId":"POCBank","headers":null,"operation":null,"operationInstanceId":null,"organizationId":null,"priority":null,"sequenceInstanceId":null,"sequenceNo":null,"serviceRequestComment":null,"serviceRequestId":null,"sourceRequestIdentifier":null,"sourceUri":"https://temenos.com/microservice/cloudevents/POCBank","status":"PROCESSED","subject":"event","tenantId":null,"tracecontext":null,"transactionDate":null,"userId":null,"businessObjects":null,"eventType":"PaymentEvents-FundTransferSuccessful_TPH_ACTIVITY_EVENT","payload":{"APPLICATIONCUSTOMERDetails":[{"applicationcustomerid":"300005","applicationcustomername1List":{"applicationcustomername1":[{"applicationcustomername1":"Pedro Mendoza","language":"GB"}]}}],"eventCommon":{"companyId":"PH0099001","application":"TPH.DIGI.PAYMENTS,PAYMENTS-FUND-TRANSFER-SUCCESS","creationTime":"2026-02-27T08:30:00.000Z","today":"2026-02-27","customCommon":{"timeInLocal":"2026-02-27T16:30:00.000 Asia/Manila","ArrangementActivityReference":"TPHACT260001POCBK5V","ActivityContext":"User-Auth","ActivityStatus":"AUTH","ImmediateParentReference":"TPHACT260001POCBK5V","ParentReference":"TPHACT260001POCBK5V","Simulation":"NO","TransferAmount":"5000.00","TransferCurrency":"PHP","SenderAccount":"AAACT260001POCBK9X","ReceiverAccount":"AAACT260002POCBK8M","ReceiverName":"Rosa Mendoza","TransferType":"INSTAPAY","ReferenceNumber":"TPHREF260001POCBK"},"operator":"POCUSR00101","transactionStage":"TPH.ACT.AUTH.RTN"},"customFieldDetails":{"MessageType":"BOTH","alertType":"FUND_TRANSFER_SUCCESSFUL","Release":"R25","originatingsource":"TPH","customer_id":"1000230005","customer_name":"Marco Mendoza","timestamp":"2026-02-27T08:30:00Z","amount":"5000.00","loan_account":"123450","txn_ref":"TPHREF260001POCBK","days_overdue":"12","min_amount_due":"1500.00","grace_date":"2027-03-10","loan_ref":"LNREF260001POCBK","beneficiary_name":"Rosa Mendoza","beneficiary_id":"AAACT260002POCBK8M"}}}
2026-03-08 23:46:21 | alert Type:FUND_TRANSFER_SUCCESSFUL
2026-03-08 23:46:21 | alert Type:FUND_TRANSFER_SUCCESSFUL
2026-03-08 23:46:21 | customCommon Data: {"timeInLocal":"2026-02-27T16:30:00.000 Asia/Manila","ArrangementActivityReference":"TPHACT260001POCBK5V","ActivityContext":"User-Auth","ActivityStatus":"AUTH","ImmediateParentReference":"TPHACT260001POCBK5V","ParentReference":"TPHACT260001POCBK5V","Simulation":"NO","TransferAmount":"5000.00","TransferCurrency":"PHP","SenderAccount":"AAACT260001POCBK9X","ReceiverAccount":"AAACT260002POCBK8M","ReceiverName":"Rosa Mendoza","TransferType":"INSTAPAY","ReferenceNumber":"TPHREF260001POCBK"}
2026-03-08 23:46:21 | customCommon Data: {"timeInLocal":"2026-02-27T16:30:00.000 Asia/Manila","ArrangementActivityReference":"TPHACT260001POCBK5V","ActivityContext":"User-Auth","ActivityStatus":"AUTH","ImmediateParentReference":"TPHACT260001POCBK5V","ParentReference":"TPHACT260001POCBK5V","Simulation":"NO","TransferAmount":"5000.00","TransferCurrency":"PHP","SenderAccount":"AAACT260001POCBK9X","ReceiverAccount":"AAACT260002POCBK8M","ReceiverName":"Rosa Mendoza","TransferType":"INSTAPAY","ReferenceNumber":"TPHREF260001POCBK"}
2026-03-08 23:46:21 | customFieldDetails Data:{"MessageType":"BOTH","alertType":"FUND_TRANSFER_SUCCESSFUL","Release":"R25","originatingsource":"TPH","customer_id":"1000230005","customer_name":"Marco Mendoza","timestamp":"2026-02-27T08:30:00Z","amount":"5000.00","loan_account":"123450","txn_ref":"TPHREF260001POCBK","days_overdue":"12","min_amount_due":"1500.00","grace_date":"2027-03-10","loan_ref":"LNREF260001POCBK","beneficiary_name":"Rosa Mendoza","beneficiary_id":"AAACT260002POCBK8M"}
2026-03-08 23:46:21 | customFieldDetails Data:{"MessageType":"BOTH","alertType":"FUND_TRANSFER_SUCCESSFUL","Release":"R25","originatingsource":"TPH","customer_id":"1000230005","customer_name":"Marco Mendoza","timestamp":"2026-02-27T08:30:00Z","amount":"5000.00","loan_account":"123450","txn_ref":"TPHREF260001POCBK","days_overdue":"12","min_amount_due":"1500.00","grace_date":"2027-03-10","loan_ref":"LNREF260001POCBK","beneficiary_name":"Rosa Mendoza","beneficiary_id":"AAACT260002POCBK8M"}
2026-03-08 23:46:21 | eventCommon Data:{"companyId":"PH0099001","application":"TPH.DIGI.PAYMENTS,PAYMENTS-FUND-TRANSFER-SUCCESS","creationTime":"2026-02-27T08:30:00.000Z","today":"2026-02-27","customCommon":{"timeInLocal":"2026-02-27T16:30:00.000 Asia/Manila","ArrangementActivityReference":"TPHACT260001POCBK5V","ActivityContext":"User-Auth","ActivityStatus":"AUTH","ImmediateParentReference":"TPHACT260001POCBK5V","ParentReference":"TPHACT260001POCBK5V","Simulation":"NO","TransferAmount":"5000.00","TransferCurrency":"PHP","SenderAccount":"AAACT260001POCBK9X","ReceiverAccount":"AAACT260002POCBK8M","ReceiverName":"Rosa Mendoza","TransferType":"INSTAPAY","ReferenceNumber":"TPHREF260001POCBK"},"operator":"POCUSR00101","transactionStage":"TPH.ACT.AUTH.RTN"}
2026-03-08 23:46:21 | Extracted Payload Values: {beneficiary_name=Rosa Mendoza, amount=5000.00, event_id=e5f6a7b8-c9d0-1234-efab-345678901234, account_last4=BK9X, beneficiary_masked=****BK8M, customer_name=Marco Mendoza, txn_ref=TPHREF260001POCBK, timestamp=2026-02-27T08:30:00Z}
2026-03-08 23:46:21 | Replacing placeholders in template
2026-03-08 23:46:21 | Replacing placeholder beneficiary_name with value Rosa Mendoza
2026-03-08 23:46:21 | eventCommon Data:{"companyId":"PH0099001","application":"TPH.DIGI.PAYMENTS,PAYMENTS-FUND-TRANSFER-SUCCESS","creationTime":"2026-02-27T08:30:00.000Z","today":"2026-02-27","customCommon":{"timeInLocal":"2026-02-27T16:30:00.000 Asia/Manila","ArrangementActivityReference":"TPHACT260001POCBK5V","ActivityContext":"User-Auth","ActivityStatus":"AUTH","ImmediateParentReference":"TPHACT260001POCBK5V","ParentReference":"TPHACT260001POCBK5V","Simulation":"NO","TransferAmount":"5000.00","TransferCurrency":"PHP","SenderAccount":"AAACT260001POCBK9X","ReceiverAccount":"AAACT260002POCBK8M","ReceiverName":"Rosa Mendoza","TransferType":"INSTAPAY","ReferenceNumber":"TPHREF260001POCBK"},"operator":"POCUSR00101","transactionStage":"TPH.ACT.AUTH.RTN"}
2026-03-08 23:46:21 | Extracted Payload Values: {beneficiary_name=Rosa Mendoza, amount=5000.00, event_id=e5f6a7b8-c9d0-1234-efab-345678901234, account_last4=BK9X, beneficiary_masked=****BK8M, customer_name=Marco Mendoza, txn_ref=TPHREF260001POCBK, timestamp=2026-02-27T08:30:00Z}
2026-03-08 23:46:21 | Replacing placeholders in template
2026-03-08 23:46:21 | Replacing placeholder beneficiary_name with value Rosa Mendoza
2026-03-08 23:46:21 | Replacing placeholder amount with value 5000.00
2026-03-08 23:46:21 | Replacing placeholder amount with value 5000.00
2026-03-08 23:46:21 | Replacing placeholder event_id with value e5f6a7b8-c9d0-1234-efab-345678901234
2026-03-08 23:46:21 | Replacing placeholder event_id with value e5f6a7b8-c9d0-1234-efab-345678901234
2026-03-08 23:46:21 | Replacing placeholder account_last4 with value BK9X
2026-03-08 23:46:21 | Replacing placeholder beneficiary_masked with value ****BK8M
2026-03-08 23:46:21 | Replacing placeholder customer_name with value Marco Mendoza
2026-03-08 23:46:21 | Replacing placeholder txn_ref with value TPHREF260001POCBK
2026-03-08 23:46:21 | Replacing placeholder account_last4 with value BK9X
2026-03-08 23:46:21 | Replacing placeholder beneficiary_masked with value ****BK8M
2026-03-08 23:46:21 | Replacing placeholder timestamp with value 2026-02-27T08:30:00Z
2026-03-08 23:46:21 | Replacing placeholder customer_name with value Marco Mendoza
2026-03-08 23:46:21 | Replacing placeholder txn_ref with value TPHREF260001POCBK
2026-03-08 23:46:21 | Final Generated Template:
2026-03-08 23:46:21 | POCBank: Transfer successful—Php 5000.00 from ****BK9X to ****BK8M on 2026-02-27T08:30:00Z. Ref: TPHREF260001POCBK. Help: https://www.pocbank.com/info/contact-us
2026-03-08 23:46:21 | TEMPLATE PROCESS COMPLETED
2026-03-08 23:46:21 | ------------------------------------------------
2026-03-08 23:46:21 | Replacing placeholder timestamp with value 2026-02-27T08:30:00Z
2026-03-08 23:46:21 | Generated SMS Message:
2026-03-08 23:46:21 | POCBank: Transfer successful—Php 5000.00 from ****BK9X to ****BK8M on 2026-02-27T08:30:00Z. Ref: TPHREF260001POCBK. Help: https://www.pocbank.com/info/contact-us
2026-03-08 23:46:21 | Final Generated Template:
2026-03-08 23:46:21 | Hi Marco Mendoza,

Your fund transfer has been successfully completed.

• Amount: Php 5000.00
• From: ****BK9X
• To: Rosa Mendoza (****BK8M)
• Date/Time: 2026-02-27T08:30:00Z
• Reference Number: TPHREF260001POCBK

If you did not authorize this transaction, please contact POCBank immediately through https://www.pocbank.com/info/contact-us.

Reference: e5f6a7b8-c9d0-1234-efab-345678901234

Best regards,
POCBank Payments Team
2026-03-08 23:46:21 | TEMPLATE PROCESS COMPLETED
2026-03-08 23:46:21 | ------------------------------------------------
2026-03-08 23:50:31 | ------------------------------------------------
2026-03-08 23:50:31 | TEMPLATE PROCESS STARTED
2026-03-08 23:50:31 | EventType: ArrangementEvents-AccountCreated_AA_ACTIVITY_EVENT
2026-03-08 23:50:31 | AlertType: ACCOUNT_CREATED
2026-03-08 23:50:31 | MessageType: SMS
2026-03-08 23:50:31 | Fetching template from TEMPLATE_MST
2026-03-08 23:50:31 | No active template found in TEMPLATE_MST
2026-03-08 23:50:31 | Generated SMS Message:
2026-03-08 23:50:31 | null
2026-03-08 23:52:11 | ------------------------------------------------
2026-03-08 23:52:11 | TEMPLATE PROCESS STARTED
2026-03-08 23:52:11 | EventType: CustomerEvents-CustomerCreated_CU_ACTIVITY_EVENT
2026-03-08 23:52:11 | AlertType: CUSTOMER_CREATED
2026-03-08 23:52:11 | MessageType: EMAIL
2026-03-08 23:52:11 | Fetching template from TEMPLATE_MST
2026-03-08 23:52:11 | Template Found
2026-03-08 23:52:11 | Template ID: TPEMAIL002
2026-03-08 23:52:11 | Template Subject: Your POCBank customer profile ****{customer_id_last4} is now active
2026-03-08 23:52:11 | Original Template:
2026-03-08 23:52:11 | Hi {customer_name},

Your POCBank customer profile (ID ending in ****{customer_id_last4}) is now active as of {timestamp}.

You can now:
• Open bank accounts
• Apply for POCBank products and services
• Update your KYC and profile details anytime through the mobile app

If this was not initiated by you, please reach us at https://www.pocbank.com/info/contact-us.
Reference: {event_id}

Regards,
POCBank
2026-03-08 23:52:11 | Extracting required fields from payload
2026-03-08 23:52:11 | ------------------------------------------------
2026-03-08 23:52:11 | PAYLOAD DATA EXTRACTION PROCESS STARTED
2026-03-08 23:52:11 | PAYLOAD :{"businessKey":"POCBank|PH0099001|CUSTACT260001POCBK7Y","aliasInfo":null,"commandType":null,"correlationId":null,"dateTime":"2026-02-27T08:30:00.000+0000","deviceid":null,"entityId":null,"entityName":null,"eventId":"b2c3d4e5-f6a7-8901-bcde-f12345678901","eventSourceId":"POCBank","headers":null,"operation":null,"operationInstanceId":null,"organizationId":null,"priority":null,"sequenceInstanceId":null,"sequenceNo":null,"serviceRequestComment":null,"serviceRequestId":null,"sourceRequestIdentifier":null,"sourceUri":"https://temenos.com/microservice/cloudevents/POCBank","status":"PROCESSED","subject":"event","tenantId":null,"tracecontext":null,"transactionDate":null,"userId":null,"businessObjects":null,"eventType":"CustomerEvents-CustomerCreated_CU_ACTIVITY_EVENT","payload":{"APPLICATIONCUSTOMERDetails":[{"applicationcustomerid":"300002","applicationcustomername1List":{"applicationcustomername1":[{"applicationcustomername1":"Maria Santos","language":"GB"}]}}],"eventCommon":{"companyId":"PH0099001","application":"CRM.DIGI.CUSTOMER,CUSTOMER-CREATION-SUCCESS","creationTime":"2026-02-27T08:30:00.000Z","today":"2026-02-27","customCommon":{"timeInLocal":"2026-02-27T16:30:00.000 Asia/Manila","ArrangementActivityReference":"CUSTACT260001POCBK7Y","ActivityContext":"User-Auth","ActivityStatus":"AUTH","ImmediateParentReference":"CUSTACT260001POCBK7Y","ParentReference":"CUSTACT260001POCBK7Y","Simulation":"NO"},"operator":"POCUSR00101","transactionStage":"CU.ACT.AUTH.RTN"},"customFieldDetails":{"MessageType":"EMAIL","alertType":"CUSTOMER_CREATED","Release":"R25","originatingsource":null,"customer_id":"1000230205","customer_name":"Shubham Gupta","timestamp":"2026-02-27T08:30:00Z","amount":"5000.00","loan_account":"1237567890","txn_ref":"TPHREF260001POCBK","days_overdue":"12","min_amount_due":"1500.00","grace_date":"2027-03-10","loan_ref":"LNREF268001POCBK","beneficiary_name":"Maruthi","beneficiary_id":"AAACT269002POCBK8M"}}}
2026-03-08 23:52:11 | alert Type:CUSTOMER_CREATED
2026-03-08 23:52:11 | customCommon Data: {"timeInLocal":"2026-02-27T16:30:00.000 Asia/Manila","ArrangementActivityReference":"CUSTACT260001POCBK7Y","ActivityContext":"User-Auth","ActivityStatus":"AUTH","ImmediateParentReference":"CUSTACT260001POCBK7Y","ParentReference":"CUSTACT260001POCBK7Y","Simulation":"NO"}
2026-03-08 23:52:11 | customFieldDetails Data:{"MessageType":"EMAIL","alertType":"CUSTOMER_CREATED","Release":"R25","originatingsource":null,"customer_id":"1000230205","customer_name":"Shubham Gupta","timestamp":"2026-02-27T08:30:00Z","amount":"5000.00","loan_account":"1237567890","txn_ref":"TPHREF260001POCBK","days_overdue":"12","min_amount_due":"1500.00","grace_date":"2027-03-10","loan_ref":"LNREF268001POCBK","beneficiary_name":"Maruthi","beneficiary_id":"AAACT269002POCBK8M"}
2026-03-08 23:52:11 | eventCommon Data:{"companyId":"PH0099001","application":"CRM.DIGI.CUSTOMER,CUSTOMER-CREATION-SUCCESS","creationTime":"2026-02-27T08:30:00.000Z","today":"2026-02-27","customCommon":{"timeInLocal":"2026-02-27T16:30:00.000 Asia/Manila","ArrangementActivityReference":"CUSTACT260001POCBK7Y","ActivityContext":"User-Auth","ActivityStatus":"AUTH","ImmediateParentReference":"CUSTACT260001POCBK7Y","ParentReference":"CUSTACT260001POCBK7Y","Simulation":"NO"},"operator":"POCUSR00101","transactionStage":"CU.ACT.AUTH.RTN"}
2026-03-08 23:52:11 | Extracted Payload Values: {customer_id_last4=0205, event_id=b2c3d4e5-f6a7-8901-bcde-f12345678901, customer_name=Shubham Gupta, timestamp=2026-02-27T08:30:00Z}
2026-03-08 23:52:11 | Replacing placeholders in template
2026-03-08 23:52:11 | Replacing placeholder customer_id_last4 with value 0205
2026-03-08 23:52:11 | Replacing placeholder event_id with value b2c3d4e5-f6a7-8901-bcde-f12345678901
2026-03-08 23:52:11 | Replacing placeholder customer_name with value Shubham Gupta
2026-03-08 23:52:11 | Replacing placeholder timestamp with value 2026-02-27T08:30:00Z
2026-03-08 23:52:11 | Final Generated Template:
2026-03-08 23:52:11 | Hi Shubham Gupta,

Your POCBank customer profile (ID ending in ****0205) is now active as of 2026-02-27T08:30:00Z.

You can now:
• Open bank accounts
• Apply for POCBank products and services
• Update your KYC and profile details anytime through the mobile app

If this was not initiated by you, please reach us at https://www.pocbank.com/info/contact-us.
Reference: b2c3d4e5-f6a7-8901-bcde-f12345678901

Regards,
POCBank
2026-03-08 23:52:11 | TEMPLATE PROCESS COMPLETED
2026-03-08 23:52:11 | ------------------------------------------------
2026-03-08 23:53:41 | ------------------------------------------------
2026-03-08 23:53:41 | TEMPLATE PROCESS STARTED
2026-03-08 23:53:41 | EventType: CustomerEvents-CustomerCreated_CU_ACTIVITY_EVENT
2026-03-08 23:53:41 | AlertType: CUSTOMER_CREATED
2026-03-08 23:53:41 | MessageType: SMS
2026-03-08 23:53:41 | Fetching template from TEMPLATE_MST
2026-03-08 23:53:41 | Template Found
2026-03-08 23:53:41 | Template ID: TPSMS002
2026-03-08 23:53:41 | Template Subject: null
2026-03-08 23:53:41 | Original Template:
2026-03-08 23:53:41 | POCBank: Welcome, {customer_name}! Your customer profile ****{customer_id_last4} is now active as of {timestamp}. For assistance, visit https://www.pocbank.com/info/contact-us
2026-03-08 23:53:41 | Extracting required fields from payload
2026-03-08 23:53:41 | ------------------------------------------------
2026-03-08 23:53:41 | PAYLOAD DATA EXTRACTION PROCESS STARTED
2026-03-08 23:53:41 | PAYLOAD :{"businessKey":"POCBank|PH0099001|CUSTACT260001POCBK7Y","aliasInfo":null,"commandType":null,"correlationId":null,"dateTime":"2026-02-27T08:30:00.000+0000","deviceid":null,"entityId":null,"entityName":null,"eventId":"b2c3d4e5-f6a7-8901-bcde-f12345678901","eventSourceId":"POCBank","headers":null,"operation":null,"operationInstanceId":null,"organizationId":null,"priority":null,"sequenceInstanceId":null,"sequenceNo":null,"serviceRequestComment":null,"serviceRequestId":null,"sourceRequestIdentifier":null,"sourceUri":"https://temenos.com/microservice/cloudevents/POCBank","status":"PROCESSED","subject":"event","tenantId":null,"tracecontext":null,"transactionDate":null,"userId":null,"businessObjects":null,"eventType":"CustomerEvents-CustomerCreated_CU_ACTIVITY_EVENT","payload":{"APPLICATIONCUSTOMERDetails":[{"applicationcustomerid":"300002","applicationcustomername1List":{"applicationcustomername1":[{"applicationcustomername1":"Maria Santos","language":"GB"}]}}],"eventCommon":{"companyId":"PH0099001","application":"CRM.DIGI.CUSTOMER,CUSTOMER-CREATION-SUCCESS","creationTime":"2026-02-27T08:30:00.000Z","today":"2026-02-27","customCommon":{"timeInLocal":"2026-02-27T16:30:00.000 Asia/Manila","ArrangementActivityReference":"CUSTACT260001POCBK7Y","ActivityContext":"User-Auth","ActivityStatus":"AUTH","ImmediateParentReference":"CUSTACT260001POCBK7Y","ParentReference":"CUSTACT260001POCBK7Y","Simulation":"NO"},"operator":"POCUSR00101","transactionStage":"CU.ACT.AUTH.RTN"},"customFieldDetails":{"MessageType":"SMS","alertType":"CUSTOMER_CREATED","Release":"R25","originatingsource":null,"customer_id":"1000230205","customer_name":"Vasanth Ajai","timestamp":"2026-02-27T08:30:00Z","amount":"5000.00","loan_account":"1237567890","txn_ref":"TPHREF260001POCBK","days_overdue":"12","min_amount_due":"1500.00","grace_date":"2027-03-10","loan_ref":"LNREF268001POCBK","beneficiary_name":"Maruthi","beneficiary_id":"AAACT269002POCBK8M"}}}
2026-03-08 23:53:41 | alert Type:CUSTOMER_CREATED
2026-03-08 23:53:41 | customCommon Data: {"timeInLocal":"2026-02-27T16:30:00.000 Asia/Manila","ArrangementActivityReference":"CUSTACT260001POCBK7Y","ActivityContext":"User-Auth","ActivityStatus":"AUTH","ImmediateParentReference":"CUSTACT260001POCBK7Y","ParentReference":"CUSTACT260001POCBK7Y","Simulation":"NO"}
2026-03-08 23:53:41 | customFieldDetails Data:{"MessageType":"SMS","alertType":"CUSTOMER_CREATED","Release":"R25","originatingsource":null,"customer_id":"1000230205","customer_name":"Vasanth Ajai","timestamp":"2026-02-27T08:30:00Z","amount":"5000.00","loan_account":"1237567890","txn_ref":"TPHREF260001POCBK","days_overdue":"12","min_amount_due":"1500.00","grace_date":"2027-03-10","loan_ref":"LNREF268001POCBK","beneficiary_name":"Maruthi","beneficiary_id":"AAACT269002POCBK8M"}
2026-03-08 23:53:41 | eventCommon Data:{"companyId":"PH0099001","application":"CRM.DIGI.CUSTOMER,CUSTOMER-CREATION-SUCCESS","creationTime":"2026-02-27T08:30:00.000Z","today":"2026-02-27","customCommon":{"timeInLocal":"2026-02-27T16:30:00.000 Asia/Manila","ArrangementActivityReference":"CUSTACT260001POCBK7Y","ActivityContext":"User-Auth","ActivityStatus":"AUTH","ImmediateParentReference":"CUSTACT260001POCBK7Y","ParentReference":"CUSTACT260001POCBK7Y","Simulation":"NO"},"operator":"POCUSR00101","transactionStage":"CU.ACT.AUTH.RTN"}
2026-03-08 23:53:41 | Extracted Payload Values: {customer_id_last4=0205, event_id=b2c3d4e5-f6a7-8901-bcde-f12345678901, customer_name=Vasanth Ajai, timestamp=2026-02-27T08:30:00Z}
2026-03-08 23:53:41 | Replacing placeholders in template
2026-03-08 23:53:41 | Replacing placeholder customer_id_last4 with value 0205
2026-03-08 23:53:41 | Replacing placeholder event_id with value b2c3d4e5-f6a7-8901-bcde-f12345678901
2026-03-08 23:53:41 | Replacing placeholder customer_name with value Vasanth Ajai
2026-03-08 23:53:41 | Replacing placeholder timestamp with value 2026-02-27T08:30:00Z
2026-03-08 23:53:41 | Final Generated Template:
2026-03-08 23:53:41 | POCBank: Welcome, Vasanth Ajai! Your customer profile ****0205 is now active as of 2026-02-27T08:30:00Z. For assistance, visit https://www.pocbank.com/info/contact-us
2026-03-08 23:53:41 | TEMPLATE PROCESS COMPLETED
2026-03-08 23:53:41 | ------------------------------------------------
2026-03-08 23:53:41 | Generated SMS Message:
2026-03-08 23:53:41 | POCBank: Welcome, Vasanth Ajai! Your customer profile ****0205 is now active as of 2026-02-27T08:30:00Z. For assistance, visit https://www.pocbank.com/info/contact-us
2026-03-08 23:54:41 | ------------------------------------------------
2026-03-08 23:54:41 | TEMPLATE PROCESS STARTED
2026-03-08 23:54:41 | EventType: ArrangementEvents-LoanDisbursementSuccessful_AA_ACTIVITY_EVENT
2026-03-08 23:54:41 | AlertType: LOAN_DISBURSEMENT_SUCCESSFUL
2026-03-08 23:54:41 | MessageType: EMAIL
2026-03-08 23:54:41 | Fetching template from TEMPLATE_MST
2026-03-08 23:54:41 | Template Found
2026-03-08 23:54:41 | Template ID: TPEMAIL003
2026-03-08 23:54:41 | Template Subject: Your POCBank loan disbursement of Php {amount} is complete
2026-03-08 23:54:41 | Original Template:
2026-03-08 23:54:41 | Hi {customer_name},

Your POCBank loan has been successfully disbursed.

• Amount: Php {amount}
• Destination Account: ****{loan_account_last4}
• Date/Time: {timestamp}
• Reference Number: {txn_ref}

You may check your amortization schedule through the POCBank mobile app.

If you have questions, please visit https://www.pocbank.com/info/contact-us.
Reference: {event_id}

Thank you,
POCBank Lending Team
2026-03-08 23:54:41 | Extracting required fields from payload
2026-03-08 23:54:41 | ------------------------------------------------
2026-03-08 23:54:41 | PAYLOAD DATA EXTRACTION PROCESS STARTED
2026-03-08 23:54:41 | PAYLOAD :{"businessKey":"POCBank|PH0099001|LNACT260001POCBK3Z","aliasInfo":null,"commandType":null,"correlationId":null,"dateTime":"2026-02-27T08:30:00.000+0000","deviceid":null,"entityId":null,"entityName":null,"eventId":"c3d4e5f6-a7b8-9012-cdef-123456789012","eventSourceId":"POCBank","headers":null,"operation":null,"operationInstanceId":null,"organizationId":null,"priority":null,"sequenceInstanceId":null,"sequenceNo":null,"serviceRequestComment":null,"serviceRequestId":null,"sourceRequestIdentifier":null,"sourceUri":"https://temenos.com/microservice/cloudevents/POCBank","status":"PROCESSED","subject":"event","tenantId":null,"tracecontext":null,"transactionDate":null,"userId":null,"businessObjects":null,"eventType":"ArrangementEvents-LoanDisbursementSuccessful_AA_ACTIVITY_EVENT","payload":{"APPLICATIONCUSTOMERDetails":[{"applicationcustomerid":"300003","applicationcustomername1List":{"applicationcustomername1":[{"applicationcustomername1":"Jose Reyes","language":"GB"}]}}],"eventCommon":{"companyId":"PH0099001","application":"LENDING.DIGI.LOANS,LENDING-DISBURSEMENT-SUCCESS","creationTime":"2026-02-27T08:30:00.000Z","today":"2026-02-27","customCommon":{"timeInLocal":"2026-02-27T16:30:00.000 Asia/Manila","ArrangementActivityReference":"LNACT260001POCBK3Z","ActivityContext":"User-Auth","ActivityStatus":"AUTH","ImmediateParentReference":"LNACT260001POCBK3Z","ParentReference":"LNACT260001POCBK3Z","Simulation":"NO","LoanAmount":"250000.00","LoanCurrency":"PHP","DisbursementAccount":"AAACT260001POCBK9X","LoanTerm":"36","LoanTermUnit":"MONTHS"},"operator":"POCUSR00101","transactionStage":"AA.ACT.AUTH.RTN"},"customFieldDetails":{"MessageType":"EMAIL","alertType":"LOAN_DISBURSEMENT_SUCCESSFUL","Release":"R25","originatingsource":null,"customer_id":"1000231005","customer_name":"Nitesh","timestamp":"2026-02-27T08:30:00Z","amount":"5000.00","loan_account":"1237567890","txn_ref":"TPHREF260000POCBK","days_overdue":"12","min_amount_due":"1500.00","grace_date":"2027-03-10","loan_ref":"LNREF260801POCBK","beneficiary_name":"Rosa Mary","beneficiary_id":"AAACT360802POCBK8M"}}}
2026-03-08 23:54:41 | alert Type:LOAN_DISBURSEMENT_SUCCESSFUL
2026-03-08 23:54:41 | customCommon Data: {"timeInLocal":"2026-02-27T16:30:00.000 Asia/Manila","ArrangementActivityReference":"LNACT260001POCBK3Z","ActivityContext":"User-Auth","ActivityStatus":"AUTH","ImmediateParentReference":"LNACT260001POCBK3Z","ParentReference":"LNACT260001POCBK3Z","Simulation":"NO","LoanAmount":"250000.00","LoanCurrency":"PHP","DisbursementAccount":"AAACT260001POCBK9X","LoanTerm":"36","LoanTermUnit":"MONTHS"}
2026-03-08 23:54:41 | customFieldDetails Data:{"MessageType":"EMAIL","alertType":"LOAN_DISBURSEMENT_SUCCESSFUL","Release":"R25","originatingsource":null,"customer_id":"1000231005","customer_name":"Nitesh","timestamp":"2026-02-27T08:30:00Z","amount":"5000.00","loan_account":"1237567890","txn_ref":"TPHREF260000POCBK","days_overdue":"12","min_amount_due":"1500.00","grace_date":"2027-03-10","loan_ref":"LNREF260801POCBK","beneficiary_name":"Rosa Mary","beneficiary_id":"AAACT360802POCBK8M"}
2026-03-08 23:54:41 | eventCommon Data:{"companyId":"PH0099001","application":"LENDING.DIGI.LOANS,LENDING-DISBURSEMENT-SUCCESS","creationTime":"2026-02-27T08:30:00.000Z","today":"2026-02-27","customCommon":{"timeInLocal":"2026-02-27T16:30:00.000 Asia/Manila","ArrangementActivityReference":"LNACT260001POCBK3Z","ActivityContext":"User-Auth","ActivityStatus":"AUTH","ImmediateParentReference":"LNACT260001POCBK3Z","ParentReference":"LNACT260001POCBK3Z","Simulation":"NO","LoanAmount":"250000.00","LoanCurrency":"PHP","DisbursementAccount":"AAACT260001POCBK9X","LoanTerm":"36","LoanTermUnit":"MONTHS"},"operator":"POCUSR00101","transactionStage":"AA.ACT.AUTH.RTN"}
2026-03-08 23:54:41 | Extracted Payload Values: {amount=5000.00, event_id=c3d4e5f6-a7b8-9012-cdef-123456789012, loan_account=1237567890, customer_name=Nitesh, timestamp=2026-02-27T08:30:00Z}
2026-03-08 23:54:41 | Replacing placeholders in template
2026-03-08 23:54:41 | Replacing placeholder amount with value 5000.00
2026-03-08 23:54:41 | Replacing placeholder event_id with value c3d4e5f6-a7b8-9012-cdef-123456789012
2026-03-08 23:54:41 | Replacing placeholder loan_account with value 1237567890
2026-03-08 23:54:41 | Replacing placeholder customer_name with value Nitesh
2026-03-08 23:54:41 | Replacing placeholder timestamp with value 2026-02-27T08:30:00Z
2026-03-08 23:54:41 | Final Generated Template:
2026-03-08 23:54:41 | Hi Nitesh,

Your POCBank loan has been successfully disbursed.

• Amount: Php 5000.00
• Destination Account: ****{loan_account_last4}
• Date/Time: 2026-02-27T08:30:00Z
• Reference Number: {txn_ref}

You may check your amortization schedule through the POCBank mobile app.

If you have questions, please visit https://www.pocbank.com/info/contact-us.
Reference: c3d4e5f6-a7b8-9012-cdef-123456789012

Thank you,
POCBank Lending Team
2026-03-08 23:54:41 | TEMPLATE PROCESS COMPLETED
2026-03-08 23:54:41 | ------------------------------------------------
2026-03-08 23:56:41 | ------------------------------------------------
2026-03-08 23:56:41 | TEMPLATE PROCESS STARTED
2026-03-08 23:56:41 | EventType: ArrangementEvents-LoanDisbursementSuccessful_AA_ACTIVITY_EVENT
2026-03-08 23:56:41 | AlertType: LOAN_DISBURSEMENT_SUCCESSFUL
2026-03-08 23:56:41 | MessageType: EMAIL
2026-03-08 23:56:41 | Fetching template from TEMPLATE_MST
2026-03-08 23:56:42 | Template Found
2026-03-08 23:56:42 | Template ID: TPEMAIL003
2026-03-08 23:56:42 | Template Subject: Your POCBank loan disbursement of Php {amount} is complete
2026-03-08 23:56:42 | Original Template:
2026-03-08 23:56:42 | Hi {customer_name},

Your POCBank loan has been successfully disbursed.

• Amount: Php {amount}
• Destination Account: ****{loan_account_last4}
• Date/Time: {timestamp}
• Reference Number: {txn_ref}

You may check your amortization schedule through the POCBank mobile app.

If you have questions, please visit https://www.pocbank.com/info/contact-us.
Reference: {event_id}

Thank you,
POCBank Lending Team
2026-03-08 23:56:42 | Extracting required fields from payload
2026-03-08 23:56:42 | ------------------------------------------------
2026-03-08 23:56:42 | PAYLOAD DATA EXTRACTION PROCESS STARTED
2026-03-08 23:56:42 | PAYLOAD :{"businessKey":"POCBank|PH0099001|LNACT260001POCBK3Z","aliasInfo":null,"commandType":null,"correlationId":null,"dateTime":"2026-02-27T08:30:00.000+0000","deviceid":null,"entityId":null,"entityName":null,"eventId":"c3d4e5f6-a7b8-9012-cdef-123456789012","eventSourceId":"POCBank","headers":null,"operation":null,"operationInstanceId":null,"organizationId":null,"priority":null,"sequenceInstanceId":null,"sequenceNo":null,"serviceRequestComment":null,"serviceRequestId":null,"sourceRequestIdentifier":null,"sourceUri":"https://temenos.com/microservice/cloudevents/POCBank","status":"PROCESSED","subject":"event","tenantId":null,"tracecontext":null,"transactionDate":null,"userId":null,"businessObjects":null,"eventType":"ArrangementEvents-LoanDisbursementSuccessful_AA_ACTIVITY_EVENT","payload":{"APPLICATIONCUSTOMERDetails":[{"applicationcustomerid":"300003","applicationcustomername1List":{"applicationcustomername1":[{"applicationcustomername1":"Jose Reyes","language":"GB"}]}}],"eventCommon":{"companyId":"PH0099001","application":"LENDING.DIGI.LOANS,LENDING-DISBURSEMENT-SUCCESS","creationTime":"2026-02-27T08:30:00.000Z","today":"2026-02-27","customCommon":{"timeInLocal":"2026-02-27T16:30:00.000 Asia/Manila","ArrangementActivityReference":"LNACT260001POCBK3Z","ActivityContext":"User-Auth","ActivityStatus":"AUTH","ImmediateParentReference":"LNACT260001POCBK3Z","ParentReference":"LNACT260001POCBK3Z","Simulation":"NO","LoanAmount":"250000.00","LoanCurrency":"PHP","DisbursementAccount":"AAACT260001POCBK9X","LoanTerm":"36","LoanTermUnit":"MONTHS"},"operator":"POCUSR00101","transactionStage":"AA.ACT.AUTH.RTN"},"customFieldDetails":{"MessageType":"EMAIL","alertType":"LOAN_DISBURSEMENT_SUCCESSFUL","Release":"R25","originatingsource":null,"customer_id":"1000231005","customer_name":"Nitesh","timestamp":"2026-02-27T08:30:00Z","amount":"5000.00","loan_account":"1237567890","txn_ref":"TPHREF260000POCBK","days_overdue":"12","min_amount_due":"1500.00","grace_date":"2027-03-10","loan_ref":"LNREF260801POCBK","beneficiary_name":"Rosa Mary","beneficiary_id":"AAACT360802POCBK8M"}}}
2026-03-08 23:56:42 | alert Type:LOAN_DISBURSEMENT_SUCCESSFUL
2026-03-08 23:56:42 | customCommon Data: {"timeInLocal":"2026-02-27T16:30:00.000 Asia/Manila","ArrangementActivityReference":"LNACT260001POCBK3Z","ActivityContext":"User-Auth","ActivityStatus":"AUTH","ImmediateParentReference":"LNACT260001POCBK3Z","ParentReference":"LNACT260001POCBK3Z","Simulation":"NO","LoanAmount":"250000.00","LoanCurrency":"PHP","DisbursementAccount":"AAACT260001POCBK9X","LoanTerm":"36","LoanTermUnit":"MONTHS"}
2026-03-08 23:56:42 | customFieldDetails Data:{"MessageType":"EMAIL","alertType":"LOAN_DISBURSEMENT_SUCCESSFUL","Release":"R25","originatingsource":null,"customer_id":"1000231005","customer_name":"Nitesh","timestamp":"2026-02-27T08:30:00Z","amount":"5000.00","loan_account":"1237567890","txn_ref":"TPHREF260000POCBK","days_overdue":"12","min_amount_due":"1500.00","grace_date":"2027-03-10","loan_ref":"LNREF260801POCBK","beneficiary_name":"Rosa Mary","beneficiary_id":"AAACT360802POCBK8M"}
2026-03-08 23:56:42 | eventCommon Data:{"companyId":"PH0099001","application":"LENDING.DIGI.LOANS,LENDING-DISBURSEMENT-SUCCESS","creationTime":"2026-02-27T08:30:00.000Z","today":"2026-02-27","customCommon":{"timeInLocal":"2026-02-27T16:30:00.000 Asia/Manila","ArrangementActivityReference":"LNACT260001POCBK3Z","ActivityContext":"User-Auth","ActivityStatus":"AUTH","ImmediateParentReference":"LNACT260001POCBK3Z","ParentReference":"LNACT260001POCBK3Z","Simulation":"NO","LoanAmount":"250000.00","LoanCurrency":"PHP","DisbursementAccount":"AAACT260001POCBK9X","LoanTerm":"36","LoanTermUnit":"MONTHS"},"operator":"POCUSR00101","transactionStage":"AA.ACT.AUTH.RTN"}
2026-03-08 23:56:42 | Extracted Payload Values: {amount=5000.00, event_id=c3d4e5f6-a7b8-9012-cdef-123456789012, loan_account_last4=7890, customer_name=Nitesh, txn_ref=TPHREF260000POCBK, timestamp=2026-02-27T08:30:00Z}
2026-03-08 23:56:42 | Replacing placeholders in template
2026-03-08 23:56:42 | Replacing placeholder amount with value 5000.00
2026-03-08 23:56:42 | Replacing placeholder event_id with value c3d4e5f6-a7b8-9012-cdef-123456789012
2026-03-08 23:56:42 | Replacing placeholder loan_account_last4 with value 7890
2026-03-08 23:56:42 | Replacing placeholder customer_name with value Nitesh
2026-03-08 23:56:42 | Replacing placeholder txn_ref with value TPHREF260000POCBK
2026-03-08 23:56:42 | Replacing placeholder timestamp with value 2026-02-27T08:30:00Z
2026-03-08 23:56:42 | Final Generated Template:
2026-03-08 23:56:42 | Hi Nitesh,

Your POCBank loan has been successfully disbursed.

• Amount: Php 5000.00
• Destination Account: ****7890
• Date/Time: 2026-02-27T08:30:00Z
• Reference Number: TPHREF260000POCBK

You may check your amortization schedule through the POCBank mobile app.

If you have questions, please visit https://www.pocbank.com/info/contact-us.
Reference: c3d4e5f6-a7b8-9012-cdef-123456789012

Thank you,
POCBank Lending Team
2026-03-08 23:56:42 | TEMPLATE PROCESS COMPLETED
2026-03-08 23:56:42 | ------------------------------------------------
2026-03-08 23:57:21 | ------------------------------------------------
2026-03-08 23:57:21 | TEMPLATE PROCESS STARTED
2026-03-08 23:57:21 | EventType: ArrangementEvents-LoanDisbursementSuccessful_AA_ACTIVITY_EVENT
2026-03-08 23:57:21 | AlertType: LOAN_DISBURSEMENT_SUCCESSFUL
2026-03-08 23:57:21 | MessageType: SMS
2026-03-08 23:57:21 | Fetching template from TEMPLATE_MST
2026-03-08 23:57:21 | Template Found
2026-03-08 23:57:21 | Template ID: TPSMS003
2026-03-08 23:57:21 | Template Subject: null
2026-03-08 23:57:21 | Original Template:
2026-03-08 23:57:21 | POCBank: Your loan has been disbursed—Php {amount} to account ****{loan_account_last4} on {timestamp}. Ref: {txn_ref}. Details: https://www.pocbank.com/info/contact-us
2026-03-08 23:57:21 | Extracting required fields from payload
2026-03-08 23:57:21 | ------------------------------------------------
2026-03-08 23:57:21 | PAYLOAD DATA EXTRACTION PROCESS STARTED
2026-03-08 23:57:21 | PAYLOAD :{"businessKey":"POCBank|PH0099001|LNACT260001POCBK3Z","aliasInfo":null,"commandType":null,"correlationId":null,"dateTime":"2026-02-27T08:30:00.000+0000","deviceid":null,"entityId":null,"entityName":null,"eventId":"c3d4e5f6-a7b8-9012-cdef-123456789012","eventSourceId":"POCBank","headers":null,"operation":null,"operationInstanceId":null,"organizationId":null,"priority":null,"sequenceInstanceId":null,"sequenceNo":null,"serviceRequestComment":null,"serviceRequestId":null,"sourceRequestIdentifier":null,"sourceUri":"https://temenos.com/microservice/cloudevents/POCBank","status":"PROCESSED","subject":"event","tenantId":null,"tracecontext":null,"transactionDate":null,"userId":null,"businessObjects":null,"eventType":"ArrangementEvents-LoanDisbursementSuccessful_AA_ACTIVITY_EVENT","payload":{"APPLICATIONCUSTOMERDetails":[{"applicationcustomerid":"300003","applicationcustomername1List":{"applicationcustomername1":[{"applicationcustomername1":"Jose Reyes","language":"GB"}]}}],"eventCommon":{"companyId":"PH0099001","application":"LENDING.DIGI.LOANS,LENDING-DISBURSEMENT-SUCCESS","creationTime":"2026-02-27T08:30:00.000Z","today":"2026-02-27","customCommon":{"timeInLocal":"2026-02-27T16:30:00.000 Asia/Manila","ArrangementActivityReference":"LNACT260001POCBK3Z","ActivityContext":"User-Auth","ActivityStatus":"AUTH","ImmediateParentReference":"LNACT260001POCBK3Z","ParentReference":"LNACT260001POCBK3Z","Simulation":"NO","LoanAmount":"250000.00","LoanCurrency":"PHP","DisbursementAccount":"AAACT260001POCBK9X","LoanTerm":"36","LoanTermUnit":"MONTHS"},"operator":"POCUSR00101","transactionStage":"AA.ACT.AUTH.RTN"},"customFieldDetails":{"MessageType":"SMS","alertType":"LOAN_DISBURSEMENT_SUCCESSFUL","Release":"R25","originatingsource":null,"customer_id":"1000231005","customer_name":"Nitesh","timestamp":"2026-02-27T08:30:00Z","amount":"5000.00","loan_account":"1237567890","txn_ref":"TPHREF260000POCBK","days_overdue":"12","min_amount_due":"1500.00","grace_date":"2027-03-10","loan_ref":"LNREF260801POCBK","beneficiary_name":"Rosa Mary","beneficiary_id":"AAACT360802POCBK8M"}}}
2026-03-08 23:57:21 | alert Type:LOAN_DISBURSEMENT_SUCCESSFUL
2026-03-08 23:57:21 | customCommon Data: {"timeInLocal":"2026-02-27T16:30:00.000 Asia/Manila","ArrangementActivityReference":"LNACT260001POCBK3Z","ActivityContext":"User-Auth","ActivityStatus":"AUTH","ImmediateParentReference":"LNACT260001POCBK3Z","ParentReference":"LNACT260001POCBK3Z","Simulation":"NO","LoanAmount":"250000.00","LoanCurrency":"PHP","DisbursementAccount":"AAACT260001POCBK9X","LoanTerm":"36","LoanTermUnit":"MONTHS"}
2026-03-08 23:57:21 | customFieldDetails Data:{"MessageType":"SMS","alertType":"LOAN_DISBURSEMENT_SUCCESSFUL","Release":"R25","originatingsource":null,"customer_id":"1000231005","customer_name":"Nitesh","timestamp":"2026-02-27T08:30:00Z","amount":"5000.00","loan_account":"1237567890","txn_ref":"TPHREF260000POCBK","days_overdue":"12","min_amount_due":"1500.00","grace_date":"2027-03-10","loan_ref":"LNREF260801POCBK","beneficiary_name":"Rosa Mary","beneficiary_id":"AAACT360802POCBK8M"}
2026-03-08 23:57:21 | eventCommon Data:{"companyId":"PH0099001","application":"LENDING.DIGI.LOANS,LENDING-DISBURSEMENT-SUCCESS","creationTime":"2026-02-27T08:30:00.000Z","today":"2026-02-27","customCommon":{"timeInLocal":"2026-02-27T16:30:00.000 Asia/Manila","ArrangementActivityReference":"LNACT260001POCBK3Z","ActivityContext":"User-Auth","ActivityStatus":"AUTH","ImmediateParentReference":"LNACT260001POCBK3Z","ParentReference":"LNACT260001POCBK3Z","Simulation":"NO","LoanAmount":"250000.00","LoanCurrency":"PHP","DisbursementAccount":"AAACT260001POCBK9X","LoanTerm":"36","LoanTermUnit":"MONTHS"},"operator":"POCUSR00101","transactionStage":"AA.ACT.AUTH.RTN"}
2026-03-08 23:57:21 | Extracted Payload Values: {amount=5000.00, event_id=c3d4e5f6-a7b8-9012-cdef-123456789012, loan_account_last4=7890, customer_name=Nitesh, txn_ref=TPHREF260000POCBK, timestamp=2026-02-27T08:30:00Z}
2026-03-08 23:57:21 | Replacing placeholders in template
2026-03-08 23:57:21 | Replacing placeholder amount with value 5000.00
2026-03-08 23:57:21 | Replacing placeholder event_id with value c3d4e5f6-a7b8-9012-cdef-123456789012
2026-03-08 23:57:21 | Replacing placeholder loan_account_last4 with value 7890
2026-03-08 23:57:21 | Replacing placeholder customer_name with value Nitesh
2026-03-08 23:57:21 | Replacing placeholder txn_ref with value TPHREF260000POCBK
2026-03-08 23:57:21 | Replacing placeholder timestamp with value 2026-02-27T08:30:00Z
2026-03-08 23:57:21 | Final Generated Template:
2026-03-08 23:57:21 | POCBank: Your loan has been disbursed—Php 5000.00 to account ****7890 on 2026-02-27T08:30:00Z. Ref: TPHREF260000POCBK. Details: https://www.pocbank.com/info/contact-us
2026-03-08 23:57:21 | TEMPLATE PROCESS COMPLETED
2026-03-08 23:57:21 | ------------------------------------------------
2026-03-08 23:57:21 | Generated SMS Message:
2026-03-08 23:57:21 | POCBank: Your loan has been disbursed—Php 5000.00 to account ****7890 on 2026-02-27T08:30:00Z. Ref: TPHREF260000POCBK. Details: https://www.pocbank.com/info/contact-us
