2026-03-09 00:02:43 | ------------------------------------------------
2026-03-09 00:02:43 | TEMPLATE PROCESS STARTED
2026-03-09 00:02:43 | EventType: ArrangementEvents-LoanDisbursementSuccessful_AA_ACTIVITY_EVENT
2026-03-09 00:02:43 | AlertType: LOAN_DISBURSEMENT_SUCCESSFUL
2026-03-09 00:02:43 | MessageType: SMS
2026-03-09 00:02:43 | Fetching template from TEMPLATE_MST
2026-03-09 00:02:43 | Template Found
2026-03-09 00:02:43 | Template ID: TPSMS003
2026-03-09 00:02:43 | Template Subject: null
2026-03-09 00:02:43 | Original Template:
2026-03-09 00:02:43 | POCBank: Your loan has been disbursed—Php {amount} to account ****{loan_account_last4} on {timestamp}. Ref: {txn_ref}. Details: https://www.pocbank.com/info/contact-us
2026-03-09 00:02:43 | Extracting required fields from payload
2026-03-09 00:02:43 | ------------------------------------------------
2026-03-09 00:02:43 | PAYLOAD DATA EXTRACTION PROCESS STARTED
2026-03-09 00:02:43 | PAYLOAD :{"businessKey":"POCBank|PH0099001|LNACT260001POCBK3Z","aliasInfo":null,"commandType":null,"correlationId":null,"dateTime":"2026-02-27T08:30:00.000+0000","deviceid":null,"entityId":null,"entityName":null,"eventId":"c3d4e5f6-a7b8-9012-cdef-123456789012","eventSourceId":"POCBank","headers":null,"operation":null,"operationInstanceId":null,"organizationId":null,"priority":null,"sequenceInstanceId":null,"sequenceNo":null,"serviceRequestComment":null,"serviceRequestId":null,"sourceRequestIdentifier":null,"sourceUri":"https://temenos.com/microservice/cloudevents/POCBank","status":"PROCESSED","subject":"event","tenantId":null,"tracecontext":null,"transactionDate":null,"userId":null,"businessObjects":null,"eventType":"ArrangementEvents-LoanDisbursementSuccessful_AA_ACTIVITY_EVENT","payload":{"APPLICATIONCUSTOMERDetails":[{"applicationcustomerid":"300003","applicationcustomername1List":{"applicationcustomername1":[{"applicationcustomername1":"Jose Reyes","language":"GB"}]}}],"eventCommon":{"companyId":"PH0099001","application":"LENDING.DIGI.LOANS,LENDING-DISBURSEMENT-SUCCESS","creationTime":"2026-02-27T08:30:00.000Z","today":"2026-02-27","customCommon":{"timeInLocal":"2026-02-27T16:30:00.000 Asia/Manila","ArrangementActivityReference":"LNACT260001POCBK3Z","ActivityContext":"User-Auth","ActivityStatus":"AUTH","ImmediateParentReference":"LNACT260001POCBK3Z","ParentReference":"LNACT260001POCBK3Z","Simulation":"NO","LoanAmount":"250000.00","LoanCurrency":"PHP","DisbursementAccount":"AAACT260001POCBK9X","LoanTerm":"36","LoanTermUnit":"MONTHS"},"operator":"POCUSR00101","transactionStage":"AA.ACT.AUTH.RTN"},"customFieldDetails":{"MessageType":"SMS","alertType":"LOAN_DISBURSEMENT_SUCCESSFUL","Release":"R25","originatingsource":null,"customer_id":"1000231005","customer_name":"Nitesh","timestamp":"2026-02-27T08:30:00Z","amount":"5000.00","loan_account":"1237567890","txn_ref":"TPHREF260000POCBK","days_overdue":"12","min_amount_due":"1500.00","grace_date":"2027-03-10","loan_ref":"LNREF260801POCBK","beneficiary_name":"Rosa Mary","beneficiary_id":"AAACT360802POCBK8M"}}}
2026-03-09 00:02:43 | alert Type:LOAN_DISBURSEMENT_SUCCESSFUL
2026-03-09 00:02:43 | customCommon Data: {"timeInLocal":"2026-02-27T16:30:00.000 Asia/Manila","ArrangementActivityReference":"LNACT260001POCBK3Z","ActivityContext":"User-Auth","ActivityStatus":"AUTH","ImmediateParentReference":"LNACT260001POCBK3Z","ParentReference":"LNACT260001POCBK3Z","Simulation":"NO","LoanAmount":"250000.00","LoanCurrency":"PHP","DisbursementAccount":"AAACT260001POCBK9X","LoanTerm":"36","LoanTermUnit":"MONTHS"}
2026-03-09 00:02:43 | customFieldDetails Data:{"MessageType":"SMS","alertType":"LOAN_DISBURSEMENT_SUCCESSFUL","Release":"R25","originatingsource":null,"customer_id":"1000231005","customer_name":"Nitesh","timestamp":"2026-02-27T08:30:00Z","amount":"5000.00","loan_account":"1237567890","txn_ref":"TPHREF260000POCBK","days_overdue":"12","min_amount_due":"1500.00","grace_date":"2027-03-10","loan_ref":"LNREF260801POCBK","beneficiary_name":"Rosa Mary","beneficiary_id":"AAACT360802POCBK8M"}
2026-03-09 00:02:43 | eventCommon Data:{"companyId":"PH0099001","application":"LENDING.DIGI.LOANS,LENDING-DISBURSEMENT-SUCCESS","creationTime":"2026-02-27T08:30:00.000Z","today":"2026-02-27","customCommon":{"timeInLocal":"2026-02-27T16:30:00.000 Asia/Manila","ArrangementActivityReference":"LNACT260001POCBK3Z","ActivityContext":"User-Auth","ActivityStatus":"AUTH","ImmediateParentReference":"LNACT260001POCBK3Z","ParentReference":"LNACT260001POCBK3Z","Simulation":"NO","LoanAmount":"250000.00","LoanCurrency":"PHP","DisbursementAccount":"AAACT260001POCBK9X","LoanTerm":"36","LoanTermUnit":"MONTHS"},"operator":"POCUSR00101","transactionStage":"AA.ACT.AUTH.RTN"}
2026-03-09 00:02:43 | Extracted Payload Values: {amount=5000.00, event_id=c3d4e5f6-a7b8-9012-cdef-123456789012, loan_account_last4=7890, customer_name=Nitesh, txn_ref=TPHREF260000POCBK, timestamp=2026-02-27T08:30:00Z}
2026-03-09 00:02:43 | Replacing placeholders in template
2026-03-09 00:02:43 | Replacing placeholder amount with value 5000.00
2026-03-09 00:02:43 | Replacing placeholder event_id with value c3d4e5f6-a7b8-9012-cdef-123456789012
2026-03-09 00:02:43 | Replacing placeholder loan_account_last4 with value 7890
2026-03-09 00:02:43 | Replacing placeholder customer_name with value Nitesh
2026-03-09 00:02:43 | Replacing placeholder txn_ref with value TPHREF260000POCBK
2026-03-09 00:02:43 | Replacing placeholder timestamp with value 2026-02-27T08:30:00Z
2026-03-09 00:02:43 | Final Generated Template:
2026-03-09 00:02:43 | POCBank: Your loan has been disbursed—Php 5000.00 to account ****7890 on 2026-02-27T08:30:00Z. Ref: TPHREF260000POCBK. Details: https://www.pocbank.com/info/contact-us
2026-03-09 00:02:43 | TEMPLATE PROCESS COMPLETED
2026-03-09 00:02:43 | ------------------------------------------------
2026-03-09 00:02:43 | Generated SMS Message:
2026-03-09 00:02:43 | POCBank: Your loan has been disbursed—Php 5000.00 to account ****7890 on 2026-02-27T08:30:00Z. Ref: TPHREF260000POCBK. Details: https://www.pocbank.com/info/contact-us
2026-03-09 00:03:13 | ------------------------------------------------
2026-03-09 00:03:13 | TEMPLATE PROCESS STARTED
2026-03-09 00:03:13 | EventType: ArrangementEvents-LoanDisbursementSuccessful_AA_ACTIVITY_EVENT
2026-03-09 00:03:13 | AlertType: LOAN_DISBURSEMENT_SUCCESSFUL
2026-03-09 00:03:13 | MessageType: EMAIL
2026-03-09 00:03:13 | Fetching template from TEMPLATE_MST
2026-03-09 00:03:13 | Template Found
2026-03-09 00:03:13 | Template ID: TPEMAIL003
2026-03-09 00:03:13 | Template Subject: Your POCBank loan disbursement of Php {amount} is complete
2026-03-09 00:03:13 | Original Template:
2026-03-09 00:03:13 | Hi {customer_name},

Your POCBank loan has been successfully disbursed.

• Amount: Php {amount}
• Destination Account: ****{loan_account_last4}
• Date/Time: {timestamp}
• Reference Number: {txn_ref}

You may check your amortization schedule through the POCBank mobile app.

If you have questions, please visit https://www.pocbank.com/info/contact-us.
Reference: {event_id}

Thank you,
POCBank Lending Team
2026-03-09 00:03:13 | Extracting required fields from payload
2026-03-09 00:03:13 | ------------------------------------------------
2026-03-09 00:03:13 | PAYLOAD DATA EXTRACTION PROCESS STARTED
2026-03-09 00:03:13 | PAYLOAD :{"businessKey":"POCBank|PH0099001|LNACT260001POCBK3Z","aliasInfo":null,"commandType":null,"correlationId":null,"dateTime":"2026-02-27T08:30:00.000+0000","deviceid":null,"entityId":null,"entityName":null,"eventId":"c3d4e5f6-a7b8-9012-cdef-123456789012","eventSourceId":"POCBank","headers":null,"operation":null,"operationInstanceId":null,"organizationId":null,"priority":null,"sequenceInstanceId":null,"sequenceNo":null,"serviceRequestComment":null,"serviceRequestId":null,"sourceRequestIdentifier":null,"sourceUri":"https://temenos.com/microservice/cloudevents/POCBank","status":"PROCESSED","subject":"event","tenantId":null,"tracecontext":null,"transactionDate":null,"userId":null,"businessObjects":null,"eventType":"ArrangementEvents-LoanDisbursementSuccessful_AA_ACTIVITY_EVENT","payload":{"APPLICATIONCUSTOMERDetails":[{"applicationcustomerid":"300003","applicationcustomername1List":{"applicationcustomername1":[{"applicationcustomername1":"Jose Reyes","language":"GB"}]}}],"eventCommon":{"companyId":"PH0099001","application":"LENDING.DIGI.LOANS,LENDING-DISBURSEMENT-SUCCESS","creationTime":"2026-02-27T08:30:00.000Z","today":"2026-02-27","customCommon":{"timeInLocal":"2026-02-27T16:30:00.000 Asia/Manila","ArrangementActivityReference":"LNACT260001POCBK3Z","ActivityContext":"User-Auth","ActivityStatus":"AUTH","ImmediateParentReference":"LNACT260001POCBK3Z","ParentReference":"LNACT260001POCBK3Z","Simulation":"NO","LoanAmount":"250000.00","LoanCurrency":"PHP","DisbursementAccount":"AAACT260001POCBK9X","LoanTerm":"36","LoanTermUnit":"MONTHS"},"operator":"POCUSR00101","transactionStage":"AA.ACT.AUTH.RTN"},"customFieldDetails":{"MessageType":"EMAIL","alertType":"LOAN_DISBURSEMENT_SUCCESSFUL","Release":"R25","originatingsource":null,"customer_id":"1000231005","customer_name":"Nitesh","timestamp":"2026-02-27T08:30:00Z","amount":"5000.00","loan_account":"1237567890","txn_ref":"TPHREF260000POCBK","days_overdue":"12","min_amount_due":"1500.00","grace_date":"2027-03-10","loan_ref":"LNREF260801POCBK","beneficiary_name":"Rosa Mary","beneficiary_id":"AAACT360802POCBK8M"}}}
2026-03-09 00:03:13 | alert Type:LOAN_DISBURSEMENT_SUCCESSFUL
2026-03-09 00:03:13 | customCommon Data: {"timeInLocal":"2026-02-27T16:30:00.000 Asia/Manila","ArrangementActivityReference":"LNACT260001POCBK3Z","ActivityContext":"User-Auth","ActivityStatus":"AUTH","ImmediateParentReference":"LNACT260001POCBK3Z","ParentReference":"LNACT260001POCBK3Z","Simulation":"NO","LoanAmount":"250000.00","LoanCurrency":"PHP","DisbursementAccount":"AAACT260001POCBK9X","LoanTerm":"36","LoanTermUnit":"MONTHS"}
2026-03-09 00:03:13 | customFieldDetails Data:{"MessageType":"EMAIL","alertType":"LOAN_DISBURSEMENT_SUCCESSFUL","Release":"R25","originatingsource":null,"customer_id":"1000231005","customer_name":"Nitesh","timestamp":"2026-02-27T08:30:00Z","amount":"5000.00","loan_account":"1237567890","txn_ref":"TPHREF260000POCBK","days_overdue":"12","min_amount_due":"1500.00","grace_date":"2027-03-10","loan_ref":"LNREF260801POCBK","beneficiary_name":"Rosa Mary","beneficiary_id":"AAACT360802POCBK8M"}
2026-03-09 00:03:13 | eventCommon Data:{"companyId":"PH0099001","application":"LENDING.DIGI.LOANS,LENDING-DISBURSEMENT-SUCCESS","creationTime":"2026-02-27T08:30:00.000Z","today":"2026-02-27","customCommon":{"timeInLocal":"2026-02-27T16:30:00.000 Asia/Manila","ArrangementActivityReference":"LNACT260001POCBK3Z","ActivityContext":"User-Auth","ActivityStatus":"AUTH","ImmediateParentReference":"LNACT260001POCBK3Z","ParentReference":"LNACT260001POCBK3Z","Simulation":"NO","LoanAmount":"250000.00","LoanCurrency":"PHP","DisbursementAccount":"AAACT260001POCBK9X","LoanTerm":"36","LoanTermUnit":"MONTHS"},"operator":"POCUSR00101","transactionStage":"AA.ACT.AUTH.RTN"}
2026-03-09 00:03:13 | Extracted Payload Values: {amount=5000.00, event_id=c3d4e5f6-a7b8-9012-cdef-123456789012, loan_account_last4=7890, customer_name=Nitesh, txn_ref=TPHREF260000POCBK, timestamp=2026-02-27T08:30:00Z}
2026-03-09 00:03:13 | Replacing placeholders in template
2026-03-09 00:03:13 | Replacing placeholder amount with value 5000.00
2026-03-09 00:03:13 | Replacing placeholder event_id with value c3d4e5f6-a7b8-9012-cdef-123456789012
2026-03-09 00:03:13 | Replacing placeholder loan_account_last4 with value 7890
2026-03-09 00:03:13 | Replacing placeholder customer_name with value Nitesh
2026-03-09 00:03:13 | Replacing placeholder txn_ref with value TPHREF260000POCBK
2026-03-09 00:03:13 | Replacing placeholder timestamp with value 2026-02-27T08:30:00Z
2026-03-09 00:03:13 | Final Generated Template:
2026-03-09 00:03:13 | Hi Nitesh,

Your POCBank loan has been successfully disbursed.

• Amount: Php 5000.00
• Destination Account: ****7890
• Date/Time: 2026-02-27T08:30:00Z
• Reference Number: TPHREF260000POCBK

You may check your amortization schedule through the POCBank mobile app.

If you have questions, please visit https://www.pocbank.com/info/contact-us.
Reference: c3d4e5f6-a7b8-9012-cdef-123456789012

Thank you,
POCBank Lending Team
2026-03-09 00:03:13 | TEMPLATE PROCESS COMPLETED
2026-03-09 00:03:13 | ------------------------------------------------
2026-03-09 00:04:23 | ------------------------------------------------
2026-03-09 00:04:23 | TEMPLATE PROCESS STARTED
2026-03-09 00:04:23 | EventType: ArrangementEvents-AccountCreated_AA_ACTIVITY_EVENT
2026-03-09 00:04:23 | AlertType: ACCOUNT_CREATED
2026-03-09 00:04:23 | MessageType: SMS
2026-03-09 00:04:23 | Fetching template from TEMPLATE_MST
2026-03-09 00:04:23 | No active template found in TEMPLATE_MST
2026-03-09 00:04:23 | Generated SMS Message:
2026-03-09 00:04:23 | null
2026-03-09 02:57:58 | Fetching event_unique_id from EVENT_TYPE_MASTER
2026-03-09 02:57:58 | Event Unique Id : EV01
2026-03-09 02:57:58 | Fetching template mapping from EVENT_TEMPLATE_MAPPING
2026-03-09 03:03:10 | Fetching event_unique_id from EVENT_TYPE_MASTER
2026-03-09 03:03:10 | Fetching event_unique_id from EVENT_TYPE_MASTER
2026-03-09 03:03:10 | Event Unique Id : EV05
2026-03-09 03:03:10 | Event Unique Id : EV05
2026-03-09 03:03:10 | Fetching template mapping from EVENT_TEMPLATE_MAPPING
2026-03-09 03:03:10 | Fetching template mapping from EVENT_TEMPLATE_MAPPING
2026-03-09 03:03:10 | Template Id found : 5
2026-03-09 03:03:10 | Template Id found : 10
2026-03-09 03:03:10 | Fetching template from TEMPLATE_MST
2026-03-09 03:03:10 | Fetching template from TEMPLATE_MST
2026-03-09 03:03:10 | ------------------------------------------------
2026-03-09 03:03:10 | ------------------------------------------------
2026-03-09 03:03:10 | TEMPLATE PROCESS STARTED
2026-03-09 03:03:10 | TEMPLATE PROCESS STARTED
2026-03-09 03:03:10 | EventType: PaymentEvents-FundTransferSuccessful_TPH_ACTIVITY_EVENT
2026-03-09 03:03:10 | EventType: PaymentEvents-FundTransferSuccessful_TPH_ACTIVITY_EVENT
2026-03-09 03:03:10 | AlertType: FUND_TRANSFER_SUCCESSFUL
2026-03-09 03:03:10 | AlertType: FUND_TRANSFER_SUCCESSFUL
2026-03-09 03:03:10 | MessageType: SMS
2026-03-09 03:03:10 | MessageType: EMAIL
2026-03-09 03:03:10 | Fetching template from TEMPLATE_MST
2026-03-09 03:03:10 | Fetching template from TEMPLATE_MST
2026-03-09 03:03:10 | Template Found
2026-03-09 03:03:10 | Template Found
2026-03-09 03:03:10 | Template ID: TPSMS005
2026-03-09 03:03:10 | Template ID: TPEMAIL005
2026-03-09 03:03:10 | Template Subject: null
2026-03-09 03:03:10 | Template Subject: Your POCBank fund transfer of Php {amount} is successful
2026-03-09 03:03:10 | Original Template:
2026-03-09 03:03:10 | Original Template:
2026-03-09 03:03:10 | Hi {customer_name},

Your fund transfer has been successfully completed.

• Amount: Php {amount}
• From: ****{account_last4}
• To: {beneficiary_name} ({beneficiary_masked})
• Date/Time: {timestamp}
• Reference Number: {txn_ref}

If you did not authorize this transaction, please contact POCBank immediately through https://www.pocbank.com/info/contact-us.

Reference: {event_id}

Best regards,
POCBank Payments Team
2026-03-09 03:03:10 | Extracting required fields from payload
2026-03-09 03:03:10 | POCBank: Transfer successful—Php {amount} from ****{account_last4} to {beneficiary_masked} on {timestamp}. Ref: {txn_ref}. Help: https://www.pocbank.com/info/contact-us
2026-03-09 03:03:10 | ------------------------------------------------
2026-03-09 03:03:10 | Extracting required fields from payload
2026-03-09 03:03:10 | PAYLOAD DATA EXTRACTION PROCESS STARTED
2026-03-09 03:03:10 | ------------------------------------------------
2026-03-09 03:03:10 | PAYLOAD :{"businessKey":"POCBank|PH0099001|TPHACT260001POCBK5V","aliasInfo":null,"commandType":null,"correlationId":null,"dateTime":"2026-02-27T08:30:00.000+0000","deviceid":null,"entityId":null,"entityName":null,"eventId":"e5f6a7b8-c9d0-1234-efab-345678901234","eventSourceId":"POCBank","headers":null,"operation":null,"operationInstanceId":null,"organizationId":null,"priority":null,"sequenceInstanceId":null,"sequenceNo":null,"serviceRequestComment":null,"serviceRequestId":null,"sourceRequestIdentifier":null,"sourceUri":"https://temenos.com/microservice/cloudevents/POCBank","status":"PROCESSED","subject":"event","tenantId":null,"tracecontext":null,"transactionDate":null,"userId":null,"businessObjects":null,"eventType":"PaymentEvents-FundTransferSuccessful_TPH_ACTIVITY_EVENT","payload":{"APPLICATIONCUSTOMERDetails":[{"applicationcustomerid":"300005","applicationcustomername1List":{"applicationcustomername1":[{"applicationcustomername1":"Pedro Mendoza","language":"GB"}]}}],"eventCommon":{"companyId":"PH0099001","application":"TPH.DIGI.PAYMENTS,PAYMENTS-FUND-TRANSFER-SUCCESS","creationTime":"2026-02-27T08:30:00.000Z","today":"2026-02-27","customCommon":{"timeInLocal":"2026-02-27T16:30:00.000 Asia/Manila","ArrangementActivityReference":"TPHACT260001POCBK5V","ActivityContext":"User-Auth","ActivityStatus":"AUTH","ImmediateParentReference":"TPHACT260001POCBK5V","ParentReference":"TPHACT260001POCBK5V","Simulation":"NO","TransferAmount":"5000.00","TransferCurrency":"PHP","SenderAccount":"AAACT260001POCBK9X","ReceiverAccount":"AAACT260002POCBK8M","ReceiverName":"Rosa Mendoza","TransferType":"INSTAPAY","ReferenceNumber":"TPHREF260001POCBK"},"operator":"POCUSR00101","transactionStage":"TPH.ACT.AUTH.RTN"},"customFieldDetails":{"MessageType":"BOTH","alertType":"FUND_TRANSFER_SUCCESSFUL","Release":"R25","originatingsource":"TPH","customer_id":"1000230005","customer_name":"Marco Mendoza","timestamp":"2026-02-27T08:30:00Z","amount":"5000.00","loan_account":"123450","txn_ref":"TPHREF260001POCBK","days_overdue":"12","min_amount_due":"1500.00","grace_date":"2027-03-10","loan_ref":"LNREF260001POCBK","beneficiary_name":"Rosa Mendoza","beneficiary_id":"AAACT260002POCBK8M"}}}
2026-03-09 03:03:10 | PAYLOAD DATA EXTRACTION PROCESS STARTED
2026-03-09 03:03:10 | alert Type:FUND_TRANSFER_SUCCESSFUL
2026-03-09 03:03:10 | PAYLOAD :{"businessKey":"POCBank|PH0099001|TPHACT260001POCBK5V","aliasInfo":null,"commandType":null,"correlationId":null,"dateTime":"2026-02-27T08:30:00.000+0000","deviceid":null,"entityId":null,"entityName":null,"eventId":"e5f6a7b8-c9d0-1234-efab-345678901234","eventSourceId":"POCBank","headers":null,"operation":null,"operationInstanceId":null,"organizationId":null,"priority":null,"sequenceInstanceId":null,"sequenceNo":null,"serviceRequestComment":null,"serviceRequestId":null,"sourceRequestIdentifier":null,"sourceUri":"https://temenos.com/microservice/cloudevents/POCBank","status":"PROCESSED","subject":"event","tenantId":null,"tracecontext":null,"transactionDate":null,"userId":null,"businessObjects":null,"eventType":"PaymentEvents-FundTransferSuccessful_TPH_ACTIVITY_EVENT","payload":{"APPLICATIONCUSTOMERDetails":[{"applicationcustomerid":"300005","applicationcustomername1List":{"applicationcustomername1":[{"applicationcustomername1":"Pedro Mendoza","language":"GB"}]}}],"eventCommon":{"companyId":"PH0099001","application":"TPH.DIGI.PAYMENTS,PAYMENTS-FUND-TRANSFER-SUCCESS","creationTime":"2026-02-27T08:30:00.000Z","today":"2026-02-27","customCommon":{"timeInLocal":"2026-02-27T16:30:00.000 Asia/Manila","ArrangementActivityReference":"TPHACT260001POCBK5V","ActivityContext":"User-Auth","ActivityStatus":"AUTH","ImmediateParentReference":"TPHACT260001POCBK5V","ParentReference":"TPHACT260001POCBK5V","Simulation":"NO","TransferAmount":"5000.00","TransferCurrency":"PHP","SenderAccount":"AAACT260001POCBK9X","ReceiverAccount":"AAACT260002POCBK8M","ReceiverName":"Rosa Mendoza","TransferType":"INSTAPAY","ReferenceNumber":"TPHREF260001POCBK"},"operator":"POCUSR00101","transactionStage":"TPH.ACT.AUTH.RTN"},"customFieldDetails":{"MessageType":"BOTH","alertType":"FUND_TRANSFER_SUCCESSFUL","Release":"R25","originatingsource":"TPH","customer_id":"1000230005","customer_name":"Marco Mendoza","timestamp":"2026-02-27T08:30:00Z","amount":"5000.00","loan_account":"123450","txn_ref":"TPHREF260001POCBK","days_overdue":"12","min_amount_due":"1500.00","grace_date":"2027-03-10","loan_ref":"LNREF260001POCBK","beneficiary_name":"Rosa Mendoza","beneficiary_id":"AAACT260002POCBK8M"}}}
2026-03-09 03:03:10 | alert Type:FUND_TRANSFER_SUCCESSFUL
2026-03-09 03:03:10 | customCommon Data: {"timeInLocal":"2026-02-27T16:30:00.000 Asia/Manila","ArrangementActivityReference":"TPHACT260001POCBK5V","ActivityContext":"User-Auth","ActivityStatus":"AUTH","ImmediateParentReference":"TPHACT260001POCBK5V","ParentReference":"TPHACT260001POCBK5V","Simulation":"NO","TransferAmount":"5000.00","TransferCurrency":"PHP","SenderAccount":"AAACT260001POCBK9X","ReceiverAccount":"AAACT260002POCBK8M","ReceiverName":"Rosa Mendoza","TransferType":"INSTAPAY","ReferenceNumber":"TPHREF260001POCBK"}
2026-03-09 03:03:10 | customCommon Data: {"timeInLocal":"2026-02-27T16:30:00.000 Asia/Manila","ArrangementActivityReference":"TPHACT260001POCBK5V","ActivityContext":"User-Auth","ActivityStatus":"AUTH","ImmediateParentReference":"TPHACT260001POCBK5V","ParentReference":"TPHACT260001POCBK5V","Simulation":"NO","TransferAmount":"5000.00","TransferCurrency":"PHP","SenderAccount":"AAACT260001POCBK9X","ReceiverAccount":"AAACT260002POCBK8M","ReceiverName":"Rosa Mendoza","TransferType":"INSTAPAY","ReferenceNumber":"TPHREF260001POCBK"}
2026-03-09 03:03:10 | customFieldDetails Data:{"MessageType":"BOTH","alertType":"FUND_TRANSFER_SUCCESSFUL","Release":"R25","originatingsource":"TPH","customer_id":"1000230005","customer_name":"Marco Mendoza","timestamp":"2026-02-27T08:30:00Z","amount":"5000.00","loan_account":"123450","txn_ref":"TPHREF260001POCBK","days_overdue":"12","min_amount_due":"1500.00","grace_date":"2027-03-10","loan_ref":"LNREF260001POCBK","beneficiary_name":"Rosa Mendoza","beneficiary_id":"AAACT260002POCBK8M"}
2026-03-09 03:03:10 | customFieldDetails Data:{"MessageType":"BOTH","alertType":"FUND_TRANSFER_SUCCESSFUL","Release":"R25","originatingsource":"TPH","customer_id":"1000230005","customer_name":"Marco Mendoza","timestamp":"2026-02-27T08:30:00Z","amount":"5000.00","loan_account":"123450","txn_ref":"TPHREF260001POCBK","days_overdue":"12","min_amount_due":"1500.00","grace_date":"2027-03-10","loan_ref":"LNREF260001POCBK","beneficiary_name":"Rosa Mendoza","beneficiary_id":"AAACT260002POCBK8M"}
2026-03-09 03:03:10 | eventCommon Data:{"companyId":"PH0099001","application":"TPH.DIGI.PAYMENTS,PAYMENTS-FUND-TRANSFER-SUCCESS","creationTime":"2026-02-27T08:30:00.000Z","today":"2026-02-27","customCommon":{"timeInLocal":"2026-02-27T16:30:00.000 Asia/Manila","ArrangementActivityReference":"TPHACT260001POCBK5V","ActivityContext":"User-Auth","ActivityStatus":"AUTH","ImmediateParentReference":"TPHACT260001POCBK5V","ParentReference":"TPHACT260001POCBK5V","Simulation":"NO","TransferAmount":"5000.00","TransferCurrency":"PHP","SenderAccount":"AAACT260001POCBK9X","ReceiverAccount":"AAACT260002POCBK8M","ReceiverName":"Rosa Mendoza","TransferType":"INSTAPAY","ReferenceNumber":"TPHREF260001POCBK"},"operator":"POCUSR00101","transactionStage":"TPH.ACT.AUTH.RTN"}
2026-03-09 03:03:10 | eventCommon Data:{"companyId":"PH0099001","application":"TPH.DIGI.PAYMENTS,PAYMENTS-FUND-TRANSFER-SUCCESS","creationTime":"2026-02-27T08:30:00.000Z","today":"2026-02-27","customCommon":{"timeInLocal":"2026-02-27T16:30:00.000 Asia/Manila","ArrangementActivityReference":"TPHACT260001POCBK5V","ActivityContext":"User-Auth","ActivityStatus":"AUTH","ImmediateParentReference":"TPHACT260001POCBK5V","ParentReference":"TPHACT260001POCBK5V","Simulation":"NO","TransferAmount":"5000.00","TransferCurrency":"PHP","SenderAccount":"AAACT260001POCBK9X","ReceiverAccount":"AAACT260002POCBK8M","ReceiverName":"Rosa Mendoza","TransferType":"INSTAPAY","ReferenceNumber":"TPHREF260001POCBK"},"operator":"POCUSR00101","transactionStage":"TPH.ACT.AUTH.RTN"}
2026-03-09 03:03:10 | Extracted Payload Values: {beneficiary_name=Rosa Mendoza, amount=5000.00, event_id=e5f6a7b8-c9d0-1234-efab-345678901234, account_last4=BK9X, beneficiary_masked=****BK8M, customer_name=Marco Mendoza, txn_ref=TPHREF260001POCBK, timestamp=2026-02-27T08:30:00Z}
2026-03-09 03:03:10 | Extracted Payload Values: {beneficiary_name=Rosa Mendoza, amount=5000.00, event_id=e5f6a7b8-c9d0-1234-efab-345678901234, account_last4=BK9X, beneficiary_masked=****BK8M, customer_name=Marco Mendoza, txn_ref=TPHREF260001POCBK, timestamp=2026-02-27T08:30:00Z}
2026-03-09 03:03:10 | Replacing placeholders in template
2026-03-09 03:03:10 | Replacing placeholders in template
2026-03-09 03:03:10 | Replacing placeholder beneficiary_name with value Rosa Mendoza
2026-03-09 03:03:10 | Replacing placeholder beneficiary_name with value Rosa Mendoza
2026-03-09 03:03:10 | Replacing placeholder amount with value 5000.00
2026-03-09 03:03:10 | Replacing placeholder amount with value 5000.00
2026-03-09 03:03:10 | Replacing placeholder event_id with value e5f6a7b8-c9d0-1234-efab-345678901234
2026-03-09 03:03:10 | Replacing placeholder event_id with value e5f6a7b8-c9d0-1234-efab-345678901234
2026-03-09 03:03:10 | Replacing placeholder account_last4 with value BK9X
2026-03-09 03:03:10 | Replacing placeholder beneficiary_masked with value ****BK8M
2026-03-09 03:03:10 | Replacing placeholder account_last4 with value BK9X
2026-03-09 03:03:10 | Replacing placeholder customer_name with value Marco Mendoza
2026-03-09 03:03:10 | Replacing placeholder beneficiary_masked with value ****BK8M
2026-03-09 03:03:10 | Replacing placeholder txn_ref with value TPHREF260001POCBK
2026-03-09 03:03:10 | Replacing placeholder timestamp with value 2026-02-27T08:30:00Z
2026-03-09 03:03:10 | Replacing placeholder customer_name with value Marco Mendoza
2026-03-09 03:03:10 | Final Generated Template:
2026-03-09 03:03:10 | Replacing placeholder txn_ref with value TPHREF260001POCBK
2026-03-09 03:03:10 | POCBank: Transfer successful—Php 5000.00 from ****BK9X to ****BK8M on 2026-02-27T08:30:00Z. Ref: TPHREF260001POCBK. Help: https://www.pocbank.com/info/contact-us
2026-03-09 03:03:10 | Replacing placeholder timestamp with value 2026-02-27T08:30:00Z
2026-03-09 03:03:10 | Final Generated Template:
2026-03-09 03:03:10 | Hi Marco Mendoza,

Your fund transfer has been successfully completed.

• Amount: Php 5000.00
• From: ****BK9X
• To: Rosa Mendoza (****BK8M)
• Date/Time: 2026-02-27T08:30:00Z
• Reference Number: TPHREF260001POCBK

If you did not authorize this transaction, please contact POCBank immediately through https://www.pocbank.com/info/contact-us.

Reference: e5f6a7b8-c9d0-1234-efab-345678901234

Best regards,
POCBank Payments Team
2026-03-09 03:03:10 | Processed alert stored in PROCESSED_ALERT_AUDIT table
2026-03-09 03:03:10 | Processed alert stored in PROCESSED_ALERT_AUDIT table
2026-03-09 03:03:10 | TEMPLATE PROCESS COMPLETED
2026-03-09 03:03:10 | TEMPLATE PROCESS COMPLETED
2026-03-09 03:03:10 | ------------------------------------------------
2026-03-09 03:03:10 | ------------------------------------------------
2026-03-09 03:03:10 | Generated SMS Message:
2026-03-09 03:03:11 | POCBank: Transfer successful—Php 5000.00 from ****BK9X to ****BK8M on 2026-02-27T08:30:00Z. Ref: TPHREF260001POCBK. Help: https://www.pocbank.com/info/contact-us
2026-03-09 03:03:11 | Fetching event_unique_id from EVENT_TYPE_MASTER
2026-03-09 03:03:11 | Event Unique Id : EV01
2026-03-09 03:03:11 | Fetching template mapping from EVENT_TEMPLATE_MAPPING
2026-03-09 03:03:11 | Template Id found : 6
2026-03-09 03:03:11 | Fetching template from TEMPLATE_MST
2026-03-09 03:03:11 | ------------------------------------------------
2026-03-09 03:03:11 | TEMPLATE PROCESS STARTED
2026-03-09 03:03:11 | EventType: ArrangementEvents-AccountCreated_AA_ACTIVITY_EVENT
2026-03-09 03:03:11 | AlertType: ACCOUNT_CREATED
2026-03-09 03:03:11 | MessageType: SMS
2026-03-09 03:03:11 | Fetching template from TEMPLATE_MST
2026-03-09 03:03:11 | Fetching event_unique_id from EVENT_TYPE_MASTER
2026-03-09 03:03:11 | No active template found in TEMPLATE_MST
2026-03-09 03:03:11 | Generated SMS Message:
2026-03-09 03:03:11 | null
2026-03-09 03:03:11 | Event Unique Id : EV03
2026-03-09 03:03:11 | Fetching template mapping from EVENT_TEMPLATE_MAPPING
2026-03-09 03:03:11 | Template Id found : 3
2026-03-09 03:03:11 | Fetching template from TEMPLATE_MST
2026-03-09 03:03:11 | ------------------------------------------------
2026-03-09 03:03:11 | TEMPLATE PROCESS STARTED
2026-03-09 03:03:11 | EventType: ArrangementEvents-LoanDisbursementSuccessful_AA_ACTIVITY_EVENT
2026-03-09 03:03:11 | AlertType: LOAN_DISBURSEMENT_SUCCESSFUL
2026-03-09 03:03:11 | MessageType: EMAIL
2026-03-09 03:03:11 | Fetching template from TEMPLATE_MST
2026-03-09 03:03:11 | Template Found
2026-03-09 03:03:11 | Template ID: TPEMAIL003
2026-03-09 03:03:11 | Template Subject: Your POCBank loan disbursement of Php {amount} is complete
2026-03-09 03:03:11 | Original Template:
2026-03-09 03:03:11 | Hi {customer_name},

Your POCBank loan has been successfully disbursed.

• Amount: Php {amount}
• Destination Account: ****{loan_account_last4}
• Date/Time: {timestamp}
• Reference Number: {txn_ref}

You may check your amortization schedule through the POCBank mobile app.

If you have questions, please visit https://www.pocbank.com/info/contact-us.
Reference: {event_id}

Thank you,
POCBank Lending Team
2026-03-09 03:03:11 | Extracting required fields from payload
2026-03-09 03:03:11 | ------------------------------------------------
2026-03-09 03:03:11 | PAYLOAD DATA EXTRACTION PROCESS STARTED
2026-03-09 03:03:11 | PAYLOAD :{"businessKey":"POCBank|PH0099001|LNACT260001POCBK3Z","aliasInfo":null,"commandType":null,"correlationId":null,"dateTime":"2026-02-27T08:30:00.000+0000","deviceid":null,"entityId":null,"entityName":null,"eventId":"c3d4e5f6-a7b8-9012-cdef-123456789012","eventSourceId":"POCBank","headers":null,"operation":null,"operationInstanceId":null,"organizationId":null,"priority":null,"sequenceInstanceId":null,"sequenceNo":null,"serviceRequestComment":null,"serviceRequestId":null,"sourceRequestIdentifier":null,"sourceUri":"https://temenos.com/microservice/cloudevents/POCBank","status":"PROCESSED","subject":"event","tenantId":null,"tracecontext":null,"transactionDate":null,"userId":null,"businessObjects":null,"eventType":"ArrangementEvents-LoanDisbursementSuccessful_AA_ACTIVITY_EVENT","payload":{"APPLICATIONCUSTOMERDetails":[{"applicationcustomerid":"300003","applicationcustomername1List":{"applicationcustomername1":[{"applicationcustomername1":"Jose Reyes","language":"GB"}]}}],"eventCommon":{"companyId":"PH0099001","application":"LENDING.DIGI.LOANS,LENDING-DISBURSEMENT-SUCCESS","creationTime":"2026-02-27T08:30:00.000Z","today":"2026-02-27","customCommon":{"timeInLocal":"2026-02-27T16:30:00.000 Asia/Manila","ArrangementActivityReference":"LNACT260001POCBK3Z","ActivityContext":"User-Auth","ActivityStatus":"AUTH","ImmediateParentReference":"LNACT260001POCBK3Z","ParentReference":"LNACT260001POCBK3Z","Simulation":"NO","LoanAmount":"250000.00","LoanCurrency":"PHP","DisbursementAccount":"AAACT260001POCBK9X","LoanTerm":"36","LoanTermUnit":"MONTHS"},"operator":"POCUSR00101","transactionStage":"AA.ACT.AUTH.RTN"},"customFieldDetails":{"MessageType":"EMAIL","alertType":"LOAN_DISBURSEMENT_SUCCESSFUL","Release":"R25","originatingsource":null,"customer_id":"1000231005","customer_name":"Nitesh","timestamp":"2026-02-27T08:30:00Z","amount":"5000.00","loan_account":"1237567890","txn_ref":"TPHREF260000POCBK","days_overdue":"12","min_amount_due":"1500.00","grace_date":"2027-03-10","loan_ref":"LNREF260801POCBK","beneficiary_name":"Rosa Mary","beneficiary_id":"AAACT360802POCBK8M"}}}
2026-03-09 03:03:11 | alert Type:LOAN_DISBURSEMENT_SUCCESSFUL
2026-03-09 03:03:11 | customCommon Data: {"timeInLocal":"2026-02-27T16:30:00.000 Asia/Manila","ArrangementActivityReference":"LNACT260001POCBK3Z","ActivityContext":"User-Auth","ActivityStatus":"AUTH","ImmediateParentReference":"LNACT260001POCBK3Z","ParentReference":"LNACT260001POCBK3Z","Simulation":"NO","LoanAmount":"250000.00","LoanCurrency":"PHP","DisbursementAccount":"AAACT260001POCBK9X","LoanTerm":"36","LoanTermUnit":"MONTHS"}
2026-03-09 03:03:11 | customFieldDetails Data:{"MessageType":"EMAIL","alertType":"LOAN_DISBURSEMENT_SUCCESSFUL","Release":"R25","originatingsource":null,"customer_id":"1000231005","customer_name":"Nitesh","timestamp":"2026-02-27T08:30:00Z","amount":"5000.00","loan_account":"1237567890","txn_ref":"TPHREF260000POCBK","days_overdue":"12","min_amount_due":"1500.00","grace_date":"2027-03-10","loan_ref":"LNREF260801POCBK","beneficiary_name":"Rosa Mary","beneficiary_id":"AAACT360802POCBK8M"}
2026-03-09 03:03:11 | eventCommon Data:{"companyId":"PH0099001","application":"LENDING.DIGI.LOANS,LENDING-DISBURSEMENT-SUCCESS","creationTime":"2026-02-27T08:30:00.000Z","today":"2026-02-27","customCommon":{"timeInLocal":"2026-02-27T16:30:00.000 Asia/Manila","ArrangementActivityReference":"LNACT260001POCBK3Z","ActivityContext":"User-Auth","ActivityStatus":"AUTH","ImmediateParentReference":"LNACT260001POCBK3Z","ParentReference":"LNACT260001POCBK3Z","Simulation":"NO","LoanAmount":"250000.00","LoanCurrency":"PHP","DisbursementAccount":"AAACT260001POCBK9X","LoanTerm":"36","LoanTermUnit":"MONTHS"},"operator":"POCUSR00101","transactionStage":"AA.ACT.AUTH.RTN"}
2026-03-09 03:03:11 | Extracted Payload Values: {amount=5000.00, event_id=c3d4e5f6-a7b8-9012-cdef-123456789012, loan_account_last4=7890, customer_name=Nitesh, txn_ref=TPHREF260000POCBK, timestamp=2026-02-27T08:30:00Z}
2026-03-09 03:03:11 | Replacing placeholders in template
2026-03-09 03:03:11 | Replacing placeholder amount with value 5000.00
2026-03-09 03:03:11 | Replacing placeholder event_id with value c3d4e5f6-a7b8-9012-cdef-123456789012
2026-03-09 03:03:11 | Replacing placeholder loan_account_last4 with value 7890
2026-03-09 03:03:11 | Replacing placeholder customer_name with value Nitesh
2026-03-09 03:03:11 | Replacing placeholder txn_ref with value TPHREF260000POCBK
2026-03-09 03:03:11 | Replacing placeholder timestamp with value 2026-02-27T08:30:00Z
2026-03-09 03:03:11 | Final Generated Template:
2026-03-09 03:03:11 | Hi Nitesh,

Your POCBank loan has been successfully disbursed.

• Amount: Php 5000.00
• Destination Account: ****7890
• Date/Time: 2026-02-27T08:30:00Z
• Reference Number: TPHREF260000POCBK

You may check your amortization schedule through the POCBank mobile app.

If you have questions, please visit https://www.pocbank.com/info/contact-us.
Reference: c3d4e5f6-a7b8-9012-cdef-123456789012

Thank you,
POCBank Lending Team
2026-03-09 03:03:11 | Fetching event_unique_id from EVENT_TYPE_MASTER
2026-03-09 03:03:11 | Processed alert stored in PROCESSED_ALERT_AUDIT table
2026-03-09 03:03:11 | TEMPLATE PROCESS COMPLETED
2026-03-09 03:03:11 | ------------------------------------------------
2026-03-09 03:03:11 | Event Unique Id : EV02
2026-03-09 03:03:11 | Fetching template mapping from EVENT_TEMPLATE_MAPPING
2026-03-09 03:03:11 | Template Id found : 7
2026-03-09 03:03:11 | Fetching template from TEMPLATE_MST
2026-03-09 03:03:11 | ------------------------------------------------
2026-03-09 03:03:11 | TEMPLATE PROCESS STARTED
2026-03-09 03:03:11 | EventType: CustomerEvents-CustomerCreated_CU_ACTIVITY_EVENT
2026-03-09 03:03:11 | AlertType: CUSTOMER_CREATED
2026-03-09 03:03:11 | MessageType: SMS
2026-03-09 03:03:11 | Fetching template from TEMPLATE_MST
2026-03-09 03:03:11 | Template Found
2026-03-09 03:03:11 | Template ID: TPSMS002
2026-03-09 03:03:11 | Template Subject: null
2026-03-09 03:03:11 | Original Template:
2026-03-09 03:03:11 | POCBank: Welcome, {customer_name}! Your customer profile ****{customer_id_last4} is now active as of {timestamp}. For assistance, visit https://www.pocbank.com/info/contact-us
2026-03-09 03:03:11 | Extracting required fields from payload
2026-03-09 03:03:11 | ------------------------------------------------
2026-03-09 03:03:11 | PAYLOAD DATA EXTRACTION PROCESS STARTED
2026-03-09 03:03:11 | PAYLOAD :{"businessKey":"POCBank|PH0099001|CUSTACT260001POCBK7Y","aliasInfo":null,"commandType":null,"correlationId":null,"dateTime":"2026-02-27T08:30:00.000+0000","deviceid":null,"entityId":null,"entityName":null,"eventId":"b2c3d4e5-f6a7-8901-bcde-f12345678901","eventSourceId":"POCBank","headers":null,"operation":null,"operationInstanceId":null,"organizationId":null,"priority":null,"sequenceInstanceId":null,"sequenceNo":null,"serviceRequestComment":null,"serviceRequestId":null,"sourceRequestIdentifier":null,"sourceUri":"https://temenos.com/microservice/cloudevents/POCBank","status":"PROCESSED","subject":"event","tenantId":null,"tracecontext":null,"transactionDate":null,"userId":null,"businessObjects":null,"eventType":"CustomerEvents-CustomerCreated_CU_ACTIVITY_EVENT","payload":{"APPLICATIONCUSTOMERDetails":[{"applicationcustomerid":"300002","applicationcustomername1List":{"applicationcustomername1":[{"applicationcustomername1":"Maria Santos","language":"GB"}]}}],"eventCommon":{"companyId":"PH0099001","application":"CRM.DIGI.CUSTOMER,CUSTOMER-CREATION-SUCCESS","creationTime":"2026-02-27T08:30:00.000Z","today":"2026-02-27","customCommon":{"timeInLocal":"2026-02-27T16:30:00.000 Asia/Manila","ArrangementActivityReference":"CUSTACT260001POCBK7Y","ActivityContext":"User-Auth","ActivityStatus":"AUTH","ImmediateParentReference":"CUSTACT260001POCBK7Y","ParentReference":"CUSTACT260001POCBK7Y","Simulation":"NO"},"operator":"POCUSR00101","transactionStage":"CU.ACT.AUTH.RTN"},"customFieldDetails":{"MessageType":"SMS","alertType":"CUSTOMER_CREATED","Release":"R25","originatingsource":null,"customer_id":"1000230205","customer_name":"Vasanth Ajai","timestamp":"2026-02-27T08:30:00Z","amount":"5000.00","loan_account":"1237567890","txn_ref":"TPHREF260001POCBK","days_overdue":"12","min_amount_due":"1500.00","grace_date":"2027-03-10","loan_ref":"LNREF268001POCBK","beneficiary_name":"Maruthi","beneficiary_id":"AAACT269002POCBK8M"}}}
2026-03-09 03:03:11 | alert Type:CUSTOMER_CREATED
2026-03-09 03:03:11 | customCommon Data: {"timeInLocal":"2026-02-27T16:30:00.000 Asia/Manila","ArrangementActivityReference":"CUSTACT260001POCBK7Y","ActivityContext":"User-Auth","ActivityStatus":"AUTH","ImmediateParentReference":"CUSTACT260001POCBK7Y","ParentReference":"CUSTACT260001POCBK7Y","Simulation":"NO"}
2026-03-09 03:03:11 | customFieldDetails Data:{"MessageType":"SMS","alertType":"CUSTOMER_CREATED","Release":"R25","originatingsource":null,"customer_id":"1000230205","customer_name":"Vasanth Ajai","timestamp":"2026-02-27T08:30:00Z","amount":"5000.00","loan_account":"1237567890","txn_ref":"TPHREF260001POCBK","days_overdue":"12","min_amount_due":"1500.00","grace_date":"2027-03-10","loan_ref":"LNREF268001POCBK","beneficiary_name":"Maruthi","beneficiary_id":"AAACT269002POCBK8M"}
2026-03-09 03:03:11 | eventCommon Data:{"companyId":"PH0099001","application":"CRM.DIGI.CUSTOMER,CUSTOMER-CREATION-SUCCESS","creationTime":"2026-02-27T08:30:00.000Z","today":"2026-02-27","customCommon":{"timeInLocal":"2026-02-27T16:30:00.000 Asia/Manila","ArrangementActivityReference":"CUSTACT260001POCBK7Y","ActivityContext":"User-Auth","ActivityStatus":"AUTH","ImmediateParentReference":"CUSTACT260001POCBK7Y","ParentReference":"CUSTACT260001POCBK7Y","Simulation":"NO"},"operator":"POCUSR00101","transactionStage":"CU.ACT.AUTH.RTN"}
2026-03-09 03:03:11 | Extracted Payload Values: {customer_id_last4=0205, event_id=b2c3d4e5-f6a7-8901-bcde-f12345678901, customer_name=Vasanth Ajai, timestamp=2026-02-27T08:30:00Z}
2026-03-09 03:03:11 | Replacing placeholders in template
2026-03-09 03:03:11 | Replacing placeholder customer_id_last4 with value 0205
2026-03-09 03:03:11 | Replacing placeholder event_id with value b2c3d4e5-f6a7-8901-bcde-f12345678901
2026-03-09 03:03:11 | Replacing placeholder customer_name with value Vasanth Ajai
2026-03-09 03:03:11 | Replacing placeholder timestamp with value 2026-02-27T08:30:00Z
2026-03-09 03:03:11 | Final Generated Template:
2026-03-09 03:03:11 | POCBank: Welcome, Vasanth Ajai! Your customer profile ****0205 is now active as of 2026-02-27T08:30:00Z. For assistance, visit https://www.pocbank.com/info/contact-us
2026-03-09 03:03:11 | Processed alert stored in PROCESSED_ALERT_AUDIT table
2026-03-09 03:03:11 | TEMPLATE PROCESS COMPLETED
2026-03-09 03:03:11 | ------------------------------------------------
2026-03-09 03:03:11 | Generated SMS Message:
2026-03-09 03:03:11 | POCBank: Welcome, Vasanth Ajai! Your customer profile ****0205 is now active as of 2026-02-27T08:30:00Z. For assistance, visit https://www.pocbank.com/info/contact-us
2026-03-09 03:03:11 | Fetching event_unique_id from EVENT_TYPE_MASTER
2026-03-09 03:03:11 | Event Unique Id : EV04
2026-03-09 03:03:11 | Fetching template mapping from EVENT_TEMPLATE_MAPPING
2026-03-09 03:03:11 | Template Id found : 9
2026-03-09 03:03:11 | Fetching template from TEMPLATE_MST
2026-03-09 03:03:11 | ------------------------------------------------
2026-03-09 03:03:11 | TEMPLATE PROCESS STARTED
2026-03-09 03:03:11 | EventType: ArrangementEvents-LoanPastDueReminder_AA_ACTIVITY_EVENT
2026-03-09 03:03:11 | AlertType: LOAN_PAST_DUE_REMINDER
2026-03-09 03:03:11 | MessageType: SMS
2026-03-09 03:03:11 | Fetching template from TEMPLATE_MST
2026-03-09 03:03:11 | Template Found
2026-03-09 03:03:11 | Template ID: TPSMS004
2026-03-09 03:03:11 | Template Subject: null
2026-03-09 03:03:11 | Original Template:
2026-03-09 03:03:11 | POCBank: Your loan on ****{loan_account_last4} is {days_overdue} day(s) past due. Pay Php {min_amount_due} by {grace_date} to avoid penalties. Ref: {loan_ref}. Help: https://www.pocbank.com/info/contact-us
2026-03-09 03:03:11 | Extracting required fields from payload
2026-03-09 03:03:11 | ------------------------------------------------
2026-03-09 03:03:11 | PAYLOAD DATA EXTRACTION PROCESS STARTED
2026-03-09 03:03:11 | PAYLOAD :{"businessKey":"POCBank|PH0099001|LNACT260001POCBK4W","aliasInfo":null,"commandType":null,"correlationId":null,"dateTime":"2026-02-27T08:30:00.000+0000","deviceid":null,"entityId":null,"entityName":null,"eventId":"d4e5f6a7-b8c9-0123-defa-234567890123","eventSourceId":"POCBank","headers":null,"operation":null,"operationInstanceId":null,"organizationId":null,"priority":null,"sequenceInstanceId":null,"sequenceNo":null,"serviceRequestComment":null,"serviceRequestId":null,"sourceRequestIdentifier":null,"sourceUri":"https://temenos.com/microservice/cloudevents/POCBank","status":"PROCESSED","subject":"event","tenantId":null,"tracecontext":null,"transactionDate":null,"userId":null,"businessObjects":null,"eventType":"ArrangementEvents-LoanPastDueReminder_AA_ACTIVITY_EVENT","payload":{"APPLICATIONCUSTOMERDetails":[{"applicationcustomerid":"300004","applicationcustomername1List":{"applicationcustomername1":[{"applicationcustomername1":"Ana Villanueva","language":"GB"}]}}],"eventCommon":{"companyId":"PH0099001","application":"LENDING.DIGI.LOANS,LENDING-PASTDUE-REMINDER","creationTime":"2026-02-27T08:30:00.000Z","today":"2026-02-27","customCommon":{"timeInLocal":"2026-02-27T16:30:00.000 Asia/Manila","ArrangementActivityReference":"LNACT260001POCBK4W","ActivityContext":"User-Auth","ActivityStatus":"AUTH","ImmediateParentReference":"LNACT260001POCBK4W","ParentReference":"LNACT260001POCBK4W","Simulation":"NO","PastDueDays":"90","OverdueAmount":"15000.00","OverdueCurrency":"PHP","DueDate":"2025-11-29","PenaltyCharges":"4500.00"},"operator":"POCUSR00101","transactionStage":"AA.ACT.AUTH.RTN"},"customFieldDetails":{"MessageType":"SMS","alertType":"LOAN_PAST_DUE_REMINDER","PastDueDays":"90","Release":"R25","originatingsource":null,"customer_id":"1030430005","customer_name":"Rishi Mendoza","timestamp":"2026-02-27T08:30:00Z","amount":"5000.00","loan_account":"1235567890","txn_ref":"TPHREF760001POCBK","days_overdue":"12","min_amount_due":"1500.00","grace_date":"2027-03-10","loan_ref":"LNRRF260001POCBK","beneficiary_name":"Rosa Maduro","beneficiary_id":"AAACT260002POCBK8M"}}}
2026-03-09 03:03:11 | alert Type:LOAN_PAST_DUE_REMINDER
2026-03-09 03:03:11 | customCommon Data: {"timeInLocal":"2026-02-27T16:30:00.000 Asia/Manila","ArrangementActivityReference":"LNACT260001POCBK4W","ActivityContext":"User-Auth","ActivityStatus":"AUTH","ImmediateParentReference":"LNACT260001POCBK4W","ParentReference":"LNACT260001POCBK4W","Simulation":"NO","PastDueDays":"90","OverdueAmount":"15000.00","OverdueCurrency":"PHP","DueDate":"2025-11-29","PenaltyCharges":"4500.00"}
2026-03-09 03:03:11 | customFieldDetails Data:{"MessageType":"SMS","alertType":"LOAN_PAST_DUE_REMINDER","PastDueDays":"90","Release":"R25","originatingsource":null,"customer_id":"1030430005","customer_name":"Rishi Mendoza","timestamp":"2026-02-27T08:30:00Z","amount":"5000.00","loan_account":"1235567890","txn_ref":"TPHREF760001POCBK","days_overdue":"12","min_amount_due":"1500.00","grace_date":"2027-03-10","loan_ref":"LNRRF260001POCBK","beneficiary_name":"Rosa Maduro","beneficiary_id":"AAACT260002POCBK8M"}
2026-03-09 03:03:11 | eventCommon Data:{"companyId":"PH0099001","application":"LENDING.DIGI.LOANS,LENDING-PASTDUE-REMINDER","creationTime":"2026-02-27T08:30:00.000Z","today":"2026-02-27","customCommon":{"timeInLocal":"2026-02-27T16:30:00.000 Asia/Manila","ArrangementActivityReference":"LNACT260001POCBK4W","ActivityContext":"User-Auth","ActivityStatus":"AUTH","ImmediateParentReference":"LNACT260001POCBK4W","ParentReference":"LNACT260001POCBK4W","Simulation":"NO","PastDueDays":"90","OverdueAmount":"15000.00","OverdueCurrency":"PHP","DueDate":"2025-11-29","PenaltyCharges":"4500.00"},"operator":"POCUSR00101","transactionStage":"AA.ACT.AUTH.RTN"}
2026-03-09 03:03:11 | Extracted Payload Values: {event_id=d4e5f6a7-b8c9-0123-defa-234567890123, grace_date=2027-03-10, loan_ref=LNRRF260001POCBK, loan_account_last4=7890, customer_name=Rishi Mendoza, days_overdue=12, min_amount_due=1500.00}
2026-03-09 03:03:11 | Replacing placeholders in template
2026-03-09 03:03:11 | Replacing placeholder event_id with value d4e5f6a7-b8c9-0123-defa-234567890123
2026-03-09 03:03:11 | Replacing placeholder grace_date with value 2027-03-10
2026-03-09 03:03:11 | Replacing placeholder loan_ref with value LNRRF260001POCBK
2026-03-09 03:03:11 | Replacing placeholder loan_account_last4 with value 7890
2026-03-09 03:03:11 | Replacing placeholder customer_name with value Rishi Mendoza
2026-03-09 03:03:11 | Replacing placeholder days_overdue with value 12
2026-03-09 03:03:11 | Replacing placeholder min_amount_due with value 1500.00
2026-03-09 03:03:11 | Final Generated Template:
2026-03-09 03:03:11 | POCBank: Your loan on ****7890 is 12 day(s) past due. Pay Php 1500.00 by 2027-03-10 to avoid penalties. Ref: LNRRF260001POCBK. Help: https://www.pocbank.com/info/contact-us
2026-03-09 03:03:11 | Processed alert stored in PROCESSED_ALERT_AUDIT table
2026-03-09 03:03:11 | TEMPLATE PROCESS COMPLETED
2026-03-09 03:03:11 | ------------------------------------------------
2026-03-09 03:03:11 | Generated SMS Message:
2026-03-09 03:03:11 | POCBank: Your loan on ****7890 is 12 day(s) past due. Pay Php 1500.00 by 2027-03-10 to avoid penalties. Ref: LNRRF260001POCBK. Help: https://www.pocbank.com/info/contact-us
2026-03-09 03:04:40 | Fetching event_unique_id from EVENT_TYPE_MASTER
2026-03-09 03:04:40 | Event Unique Id : EV01
2026-03-09 03:04:40 | Fetching template mapping from EVENT_TEMPLATE_MAPPING
2026-03-09 03:04:40 | Template Id found : 6
2026-03-09 03:04:40 | Fetching template from TEMPLATE_MST
2026-03-09 03:04:40 | ------------------------------------------------
2026-03-09 03:04:40 | TEMPLATE PROCESS STARTED
2026-03-09 03:04:40 | EventType: ArrangementEvents-AccountCreated_AA_ACTIVITY_EVENT
2026-03-09 03:04:40 | AlertType: ACCOUNT_CREATED
2026-03-09 03:04:40 | MessageType: SMS
2026-03-09 03:04:40 | Fetching template from TEMPLATE_MST
2026-03-09 03:04:40 | No active template found in TEMPLATE_MST
2026-03-09 03:04:40 | Generated SMS Message:
2026-03-09 03:04:40 | null
2026-03-09 03:06:30 | Fetching event_unique_id from EVENT_TYPE_MASTER
2026-03-09 03:06:30 | Event Unique Id : EV05
2026-03-09 03:06:30 | Fetching template mapping from EVENT_TEMPLATE_MAPPING
2026-03-09 03:06:30 | Fetching event_unique_id from EVENT_TYPE_MASTER
2026-03-09 03:06:30 | Event Unique Id : EV05
2026-03-09 03:06:30 | Fetching template mapping from EVENT_TEMPLATE_MAPPING
2026-03-09 03:06:30 | Template Id found : 10
2026-03-09 03:06:30 | Fetching template from TEMPLATE_MST
2026-03-09 03:06:30 | ------------------------------------------------
2026-03-09 03:06:30 | TEMPLATE PROCESS STARTED
2026-03-09 03:06:30 | EventType: PaymentEvents-FundTransferSuccessful_TPH_ACTIVITY_EVENT
2026-03-09 03:06:30 | AlertType: FUND_TRANSFER_SUCCESSFUL
2026-03-09 03:06:30 | MessageType: SMS
2026-03-09 03:06:30 | Fetching template from TEMPLATE_MST
2026-03-09 03:06:30 | Template Id found : 5
2026-03-09 03:06:30 | Fetching template from TEMPLATE_MST
2026-03-09 03:06:30 | ------------------------------------------------
2026-03-09 03:06:30 | TEMPLATE PROCESS STARTED
2026-03-09 03:06:30 | Template Found
2026-03-09 03:06:30 | EventType: PaymentEvents-FundTransferSuccessful_TPH_ACTIVITY_EVENT
2026-03-09 03:06:30 | Template ID: TPSMS005
2026-03-09 03:06:30 | AlertType: FUND_TRANSFER_SUCCESSFUL
2026-03-09 03:06:30 | Template Subject: null
2026-03-09 03:06:30 | Original Template:
2026-03-09 03:06:30 | MessageType: EMAIL
2026-03-09 03:06:30 | Fetching template from TEMPLATE_MST
2026-03-09 03:06:30 | POCBank: Transfer successful—Php {amount} from ****{account_last4} to {beneficiary_masked} on {timestamp}. Ref: {txn_ref}. Help: https://www.pocbank.com/info/contact-us
2026-03-09 03:06:30 | Extracting required fields from payload
2026-03-09 03:06:30 | ------------------------------------------------
2026-03-09 03:06:30 | PAYLOAD DATA EXTRACTION PROCESS STARTED
2026-03-09 03:06:30 | PAYLOAD :{"businessKey":"POCBank|PH0099001|TPHACT260001POCBK5V","aliasInfo":null,"commandType":null,"correlationId":null,"dateTime":"2026-02-27T08:30:00.000+0000","deviceid":null,"entityId":null,"entityName":null,"eventId":"e5f6a7b8-c9d0-1234-efab-345678901235","eventSourceId":"POCBank","headers":null,"operation":null,"operationInstanceId":null,"organizationId":null,"priority":null,"sequenceInstanceId":null,"sequenceNo":null,"serviceRequestComment":null,"serviceRequestId":null,"sourceRequestIdentifier":null,"sourceUri":"https://temenos.com/microservice/cloudevents/POCBank","status":"PROCESSED","subject":"event","tenantId":null,"tracecontext":null,"transactionDate":null,"userId":null,"businessObjects":null,"eventType":"PaymentEvents-FundTransferSuccessful_TPH_ACTIVITY_EVENT","payload":{"APPLICATIONCUSTOMERDetails":[{"applicationcustomerid":"300005","applicationcustomername1List":{"applicationcustomername1":[{"applicationcustomername1":"Pedro Mendoza","language":"GB"}]}}],"eventCommon":{"companyId":"PH0099001","application":"TPH.DIGI.PAYMENTS,PAYMENTS-FUND-TRANSFER-SUCCESS","creationTime":"2026-02-27T08:30:00.000Z","today":"2026-02-27","customCommon":{"timeInLocal":"2026-02-27T16:30:00.000 Asia/Manila","ArrangementActivityReference":"TPHACT260001POCBK5V","ActivityContext":"User-Auth","ActivityStatus":"AUTH","ImmediateParentReference":"TPHACT260001POCBK5V","ParentReference":"TPHACT260001POCBK5V","Simulation":"NO","TransferAmount":"5000.00","TransferCurrency":"PHP","SenderAccount":"AAACT260001POCBK9X","ReceiverAccount":"AAACT260002POCBK8M","ReceiverName":"Rosa Mendoza","TransferType":"INSTAPAY","ReferenceNumber":"TPHREF260001POCBK"},"operator":"POCUSR00101","transactionStage":"TPH.ACT.AUTH.RTN"},"customFieldDetails":{"MessageType":"BOTH","alertType":"FUND_TRANSFER_SUCCESSFUL","Release":"R25","originatingsource":"TPH","customer_id":"1000230005","customer_name":"Marco Mendoza","timestamp":"2026-02-27T08:30:00Z","amount":"5000.00","loan_account":"123450","txn_ref":"TPHREF260001POCBK","days_overdue":"12","min_amount_due":"1500.00","grace_date":"2027-03-10","loan_ref":"LNREF260001POCBK","beneficiary_name":"Rosa Mendoza","beneficiary_id":"AAACT260002POCBK8M"}}}
2026-03-09 03:06:30 | alert Type:FUND_TRANSFER_SUCCESSFUL
2026-03-09 03:06:30 | customCommon Data: {"timeInLocal":"2026-02-27T16:30:00.000 Asia/Manila","ArrangementActivityReference":"TPHACT260001POCBK5V","ActivityContext":"User-Auth","ActivityStatus":"AUTH","ImmediateParentReference":"TPHACT260001POCBK5V","ParentReference":"TPHACT260001POCBK5V","Simulation":"NO","TransferAmount":"5000.00","TransferCurrency":"PHP","SenderAccount":"AAACT260001POCBK9X","ReceiverAccount":"AAACT260002POCBK8M","ReceiverName":"Rosa Mendoza","TransferType":"INSTAPAY","ReferenceNumber":"TPHREF260001POCBK"}
2026-03-09 03:06:30 | customFieldDetails Data:{"MessageType":"BOTH","alertType":"FUND_TRANSFER_SUCCESSFUL","Release":"R25","originatingsource":"TPH","customer_id":"1000230005","customer_name":"Marco Mendoza","timestamp":"2026-02-27T08:30:00Z","amount":"5000.00","loan_account":"123450","txn_ref":"TPHREF260001POCBK","days_overdue":"12","min_amount_due":"1500.00","grace_date":"2027-03-10","loan_ref":"LNREF260001POCBK","beneficiary_name":"Rosa Mendoza","beneficiary_id":"AAACT260002POCBK8M"}
2026-03-09 03:06:30 | eventCommon Data:{"companyId":"PH0099001","application":"TPH.DIGI.PAYMENTS,PAYMENTS-FUND-TRANSFER-SUCCESS","creationTime":"2026-02-27T08:30:00.000Z","today":"2026-02-27","customCommon":{"timeInLocal":"2026-02-27T16:30:00.000 Asia/Manila","ArrangementActivityReference":"TPHACT260001POCBK5V","ActivityContext":"User-Auth","ActivityStatus":"AUTH","ImmediateParentReference":"TPHACT260001POCBK5V","ParentReference":"TPHACT260001POCBK5V","Simulation":"NO","TransferAmount":"5000.00","TransferCurrency":"PHP","SenderAccount":"AAACT260001POCBK9X","ReceiverAccount":"AAACT260002POCBK8M","ReceiverName":"Rosa Mendoza","TransferType":"INSTAPAY","ReferenceNumber":"TPHREF260001POCBK"},"operator":"POCUSR00101","transactionStage":"TPH.ACT.AUTH.RTN"}
2026-03-09 03:06:30 | Extracted Payload Values: {beneficiary_name=Rosa Mendoza, amount=5000.00, event_id=e5f6a7b8-c9d0-1234-efab-345678901235, account_last4=BK9X, beneficiary_masked=****BK8M, customer_name=Marco Mendoza, txn_ref=TPHREF260001POCBK, timestamp=2026-02-27T08:30:00Z}
2026-03-09 03:06:30 | Replacing placeholders in template
2026-03-09 03:06:30 | Replacing placeholder beneficiary_name with value Rosa Mendoza
2026-03-09 03:06:30 | Replacing placeholder amount with value 5000.00
2026-03-09 03:06:30 | Replacing placeholder event_id with value e5f6a7b8-c9d0-1234-efab-345678901235
2026-03-09 03:06:30 | Replacing placeholder account_last4 with value BK9X
2026-03-09 03:06:30 | Replacing placeholder beneficiary_masked with value ****BK8M
2026-03-09 03:06:30 | Replacing placeholder customer_name with value Marco Mendoza
2026-03-09 03:06:30 | Replacing placeholder txn_ref with value TPHREF260001POCBK
2026-03-09 03:06:30 | Replacing placeholder timestamp with value 2026-02-27T08:30:00Z
2026-03-09 03:06:30 | Final Generated Template:
2026-03-09 03:06:30 | POCBank: Transfer successful—Php 5000.00 from ****BK9X to ****BK8M on 2026-02-27T08:30:00Z. Ref: TPHREF260001POCBK. Help: https://www.pocbank.com/info/contact-us
2026-03-09 03:06:30 | Template Found
2026-03-09 03:06:30 | Template ID: TPEMAIL005
2026-03-09 03:06:30 | Template Subject: Your POCBank fund transfer of Php {amount} is successful
2026-03-09 03:06:30 | Original Template:
2026-03-09 03:06:30 | Hi {customer_name},

Your fund transfer has been successfully completed.

• Amount: Php {amount}
• From: ****{account_last4}
• To: {beneficiary_name} ({beneficiary_masked})
• Date/Time: {timestamp}
• Reference Number: {txn_ref}

If you did not authorize this transaction, please contact POCBank immediately through https://www.pocbank.com/info/contact-us.

Reference: {event_id}

Best regards,
POCBank Payments Team
2026-03-09 03:06:30 | Extracting required fields from payload
2026-03-09 03:06:30 | ------------------------------------------------
2026-03-09 03:06:30 | PAYLOAD DATA EXTRACTION PROCESS STARTED
2026-03-09 03:06:30 | PAYLOAD :{"businessKey":"POCBank|PH0099001|TPHACT260001POCBK5V","aliasInfo":null,"commandType":null,"correlationId":null,"dateTime":"2026-02-27T08:30:00.000+0000","deviceid":null,"entityId":null,"entityName":null,"eventId":"e5f6a7b8-c9d0-1234-efab-345678901235","eventSourceId":"POCBank","headers":null,"operation":null,"operationInstanceId":null,"organizationId":null,"priority":null,"sequenceInstanceId":null,"sequenceNo":null,"serviceRequestComment":null,"serviceRequestId":null,"sourceRequestIdentifier":null,"sourceUri":"https://temenos.com/microservice/cloudevents/POCBank","status":"PROCESSED","subject":"event","tenantId":null,"tracecontext":null,"transactionDate":null,"userId":null,"businessObjects":null,"eventType":"PaymentEvents-FundTransferSuccessful_TPH_ACTIVITY_EVENT","payload":{"APPLICATIONCUSTOMERDetails":[{"applicationcustomerid":"300005","applicationcustomername1List":{"applicationcustomername1":[{"applicationcustomername1":"Pedro Mendoza","language":"GB"}]}}],"eventCommon":{"companyId":"PH0099001","application":"TPH.DIGI.PAYMENTS,PAYMENTS-FUND-TRANSFER-SUCCESS","creationTime":"2026-02-27T08:30:00.000Z","today":"2026-02-27","customCommon":{"timeInLocal":"2026-02-27T16:30:00.000 Asia/Manila","ArrangementActivityReference":"TPHACT260001POCBK5V","ActivityContext":"User-Auth","ActivityStatus":"AUTH","ImmediateParentReference":"TPHACT260001POCBK5V","ParentReference":"TPHACT260001POCBK5V","Simulation":"NO","TransferAmount":"5000.00","TransferCurrency":"PHP","SenderAccount":"AAACT260001POCBK9X","ReceiverAccount":"AAACT260002POCBK8M","ReceiverName":"Rosa Mendoza","TransferType":"INSTAPAY","ReferenceNumber":"TPHREF260001POCBK"},"operator":"POCUSR00101","transactionStage":"TPH.ACT.AUTH.RTN"},"customFieldDetails":{"MessageType":"BOTH","alertType":"FUND_TRANSFER_SUCCESSFUL","Release":"R25","originatingsource":"TPH","customer_id":"1000230005","customer_name":"Marco Mendoza","timestamp":"2026-02-27T08:30:00Z","amount":"5000.00","loan_account":"123450","txn_ref":"TPHREF260001POCBK","days_overdue":"12","min_amount_due":"1500.00","grace_date":"2027-03-10","loan_ref":"LNREF260001POCBK","beneficiary_name":"Rosa Mendoza","beneficiary_id":"AAACT260002POCBK8M"}}}
2026-03-09 03:06:30 | alert Type:FUND_TRANSFER_SUCCESSFUL
2026-03-09 03:06:30 | customCommon Data: {"timeInLocal":"2026-02-27T16:30:00.000 Asia/Manila","ArrangementActivityReference":"TPHACT260001POCBK5V","ActivityContext":"User-Auth","ActivityStatus":"AUTH","ImmediateParentReference":"TPHACT260001POCBK5V","ParentReference":"TPHACT260001POCBK5V","Simulation":"NO","TransferAmount":"5000.00","TransferCurrency":"PHP","SenderAccount":"AAACT260001POCBK9X","ReceiverAccount":"AAACT260002POCBK8M","ReceiverName":"Rosa Mendoza","TransferType":"INSTAPAY","ReferenceNumber":"TPHREF260001POCBK"}
2026-03-09 03:06:30 | customFieldDetails Data:{"MessageType":"BOTH","alertType":"FUND_TRANSFER_SUCCESSFUL","Release":"R25","originatingsource":"TPH","customer_id":"1000230005","customer_name":"Marco Mendoza","timestamp":"2026-02-27T08:30:00Z","amount":"5000.00","loan_account":"123450","txn_ref":"TPHREF260001POCBK","days_overdue":"12","min_amount_due":"1500.00","grace_date":"2027-03-10","loan_ref":"LNREF260001POCBK","beneficiary_name":"Rosa Mendoza","beneficiary_id":"AAACT260002POCBK8M"}
2026-03-09 03:06:30 | eventCommon Data:{"companyId":"PH0099001","application":"TPH.DIGI.PAYMENTS,PAYMENTS-FUND-TRANSFER-SUCCESS","creationTime":"2026-02-27T08:30:00.000Z","today":"2026-02-27","customCommon":{"timeInLocal":"2026-02-27T16:30:00.000 Asia/Manila","ArrangementActivityReference":"TPHACT260001POCBK5V","ActivityContext":"User-Auth","ActivityStatus":"AUTH","ImmediateParentReference":"TPHACT260001POCBK5V","ParentReference":"TPHACT260001POCBK5V","Simulation":"NO","TransferAmount":"5000.00","TransferCurrency":"PHP","SenderAccount":"AAACT260001POCBK9X","ReceiverAccount":"AAACT260002POCBK8M","ReceiverName":"Rosa Mendoza","TransferType":"INSTAPAY","ReferenceNumber":"TPHREF260001POCBK"},"operator":"POCUSR00101","transactionStage":"TPH.ACT.AUTH.RTN"}
2026-03-09 03:06:30 | Extracted Payload Values: {beneficiary_name=Rosa Mendoza, amount=5000.00, event_id=e5f6a7b8-c9d0-1234-efab-345678901235, account_last4=BK9X, beneficiary_masked=****BK8M, customer_name=Marco Mendoza, txn_ref=TPHREF260001POCBK, timestamp=2026-02-27T08:30:00Z}
2026-03-09 03:06:30 | Replacing placeholders in template
2026-03-09 03:06:30 | Replacing placeholder beneficiary_name with value Rosa Mendoza
2026-03-09 03:06:30 | Replacing placeholder amount with value 5000.00
2026-03-09 03:06:30 | Replacing placeholder event_id with value e5f6a7b8-c9d0-1234-efab-345678901235
2026-03-09 03:06:30 | Replacing placeholder account_last4 with value BK9X
2026-03-09 03:06:30 | Replacing placeholder beneficiary_masked with value ****BK8M
2026-03-09 03:06:30 | Replacing placeholder customer_name with value Marco Mendoza
2026-03-09 03:06:30 | Replacing placeholder txn_ref with value TPHREF260001POCBK
2026-03-09 03:06:30 | Replacing placeholder timestamp with value 2026-02-27T08:30:00Z
2026-03-09 03:06:30 | Final Generated Template:
2026-03-09 03:06:30 | Hi Marco Mendoza,

Your fund transfer has been successfully completed.

• Amount: Php 5000.00
• From: ****BK9X
• To: Rosa Mendoza (****BK8M)
• Date/Time: 2026-02-27T08:30:00Z
• Reference Number: TPHREF260001POCBK

If you did not authorize this transaction, please contact POCBank immediately through https://www.pocbank.com/info/contact-us.

Reference: e5f6a7b8-c9d0-1234-efab-345678901235

Best regards,
POCBank Payments Team
2026-03-09 03:06:30 | Processed alert stored in PROCESSED_ALERT_AUDIT table
2026-03-09 03:06:30 | TEMPLATE PROCESS COMPLETED
2026-03-09 03:06:30 | ------------------------------------------------
2026-03-09 03:06:30 | Generated SMS Message:
2026-03-09 03:06:30 | POCBank: Transfer successful—Php 5000.00 from ****BK9X to ****BK8M on 2026-02-27T08:30:00Z. Ref: TPHREF260001POCBK. Help: https://www.pocbank.com/info/contact-us
2026-03-09 03:06:30 | Processed alert stored in PROCESSED_ALERT_AUDIT table
2026-03-09 03:06:30 | TEMPLATE PROCESS COMPLETED
2026-03-09 03:06:30 | ------------------------------------------------
2026-03-09 03:06:30 | Fetching event_unique_id from EVENT_TYPE_MASTER
2026-03-09 03:06:30 | Event Unique Id : EV01
2026-03-09 03:06:30 | Fetching template mapping from EVENT_TEMPLATE_MAPPING
2026-03-09 03:06:30 | Template Id found : 6
2026-03-09 03:06:30 | Fetching template from TEMPLATE_MST
2026-03-09 03:06:30 | ------------------------------------------------
2026-03-09 03:06:30 | TEMPLATE PROCESS STARTED
2026-03-09 03:06:30 | EventType: ArrangementEvents-AccountCreated_AA_ACTIVITY_EVENT
2026-03-09 03:06:30 | AlertType: ACCOUNT_CREATED
2026-03-09 03:06:30 | MessageType: SMS
2026-03-09 03:06:30 | Fetching template from TEMPLATE_MST
2026-03-09 03:06:30 | Fetching event_unique_id from EVENT_TYPE_MASTER
2026-03-09 03:06:30 | No active template found in TEMPLATE_MST
2026-03-09 03:06:30 | Generated SMS Message:
2026-03-09 03:06:30 | null
2026-03-09 03:06:30 | Event Unique Id : EV03
2026-03-09 03:06:30 | Fetching template mapping from EVENT_TEMPLATE_MAPPING
2026-03-09 03:06:30 | Template Id found : 3
2026-03-09 03:06:30 | Fetching template from TEMPLATE_MST
2026-03-09 03:06:30 | ------------------------------------------------
2026-03-09 03:06:30 | TEMPLATE PROCESS STARTED
2026-03-09 03:06:30 | EventType: ArrangementEvents-LoanDisbursementSuccessful_AA_ACTIVITY_EVENT
2026-03-09 03:06:30 | AlertType: LOAN_DISBURSEMENT_SUCCESSFUL
2026-03-09 03:06:30 | MessageType: EMAIL
2026-03-09 03:06:30 | Fetching template from TEMPLATE_MST
2026-03-09 03:06:30 | Template Found
2026-03-09 03:06:30 | Template ID: TPEMAIL003
2026-03-09 03:06:30 | Template Subject: Your POCBank loan disbursement of Php {amount} is complete
2026-03-09 03:06:30 | Original Template:
2026-03-09 03:06:30 | Hi {customer_name},

Your POCBank loan has been successfully disbursed.

• Amount: Php {amount}
• Destination Account: ****{loan_account_last4}
• Date/Time: {timestamp}
• Reference Number: {txn_ref}

You may check your amortization schedule through the POCBank mobile app.

If you have questions, please visit https://www.pocbank.com/info/contact-us.
Reference: {event_id}

Thank you,
POCBank Lending Team
2026-03-09 03:06:30 | Extracting required fields from payload
2026-03-09 03:06:30 | ------------------------------------------------
2026-03-09 03:06:30 | PAYLOAD DATA EXTRACTION PROCESS STARTED
2026-03-09 03:06:30 | PAYLOAD :{"businessKey":"POCBank|PH0099001|LNACT260001POCBK3Z","aliasInfo":null,"commandType":null,"correlationId":null,"dateTime":"2026-02-27T08:30:00.000+0000","deviceid":null,"entityId":null,"entityName":null,"eventId":"c3d4e5f6-a7b8-9012-cdef-123456789013","eventSourceId":"POCBank","headers":null,"operation":null,"operationInstanceId":null,"organizationId":null,"priority":null,"sequenceInstanceId":null,"sequenceNo":null,"serviceRequestComment":null,"serviceRequestId":null,"sourceRequestIdentifier":null,"sourceUri":"https://temenos.com/microservice/cloudevents/POCBank","status":"PROCESSED","subject":"event","tenantId":null,"tracecontext":null,"transactionDate":null,"userId":null,"businessObjects":null,"eventType":"ArrangementEvents-LoanDisbursementSuccessful_AA_ACTIVITY_EVENT","payload":{"APPLICATIONCUSTOMERDetails":[{"applicationcustomerid":"300003","applicationcustomername1List":{"applicationcustomername1":[{"applicationcustomername1":"Jose Reyes","language":"GB"}]}}],"eventCommon":{"companyId":"PH0099001","application":"LENDING.DIGI.LOANS,LENDING-DISBURSEMENT-SUCCESS","creationTime":"2026-02-27T08:30:00.000Z","today":"2026-02-27","customCommon":{"timeInLocal":"2026-02-27T16:30:00.000 Asia/Manila","ArrangementActivityReference":"LNACT260001POCBK3Z","ActivityContext":"User-Auth","ActivityStatus":"AUTH","ImmediateParentReference":"LNACT260001POCBK3Z","ParentReference":"LNACT260001POCBK3Z","Simulation":"NO","LoanAmount":"250000.00","LoanCurrency":"PHP","DisbursementAccount":"AAACT260001POCBK9X","LoanTerm":"36","LoanTermUnit":"MONTHS"},"operator":"POCUSR00101","transactionStage":"AA.ACT.AUTH.RTN"},"customFieldDetails":{"MessageType":"EMAIL","alertType":"LOAN_DISBURSEMENT_SUCCESSFUL","Release":"R25","originatingsource":null,"customer_id":"1000231005","customer_name":"Nitesh","timestamp":"2026-02-27T08:30:00Z","amount":"5000.00","loan_account":"1237567890","txn_ref":"TPHREF260000POCBK","days_overdue":"12","min_amount_due":"1500.00","grace_date":"2027-03-10","loan_ref":"LNREF260801POCBK","beneficiary_name":"Rosa Mary","beneficiary_id":"AAACT360802POCBK8M"}}}
2026-03-09 03:06:30 | alert Type:LOAN_DISBURSEMENT_SUCCESSFUL
2026-03-09 03:06:30 | customCommon Data: {"timeInLocal":"2026-02-27T16:30:00.000 Asia/Manila","ArrangementActivityReference":"LNACT260001POCBK3Z","ActivityContext":"User-Auth","ActivityStatus":"AUTH","ImmediateParentReference":"LNACT260001POCBK3Z","ParentReference":"LNACT260001POCBK3Z","Simulation":"NO","LoanAmount":"250000.00","LoanCurrency":"PHP","DisbursementAccount":"AAACT260001POCBK9X","LoanTerm":"36","LoanTermUnit":"MONTHS"}
2026-03-09 03:06:30 | customFieldDetails Data:{"MessageType":"EMAIL","alertType":"LOAN_DISBURSEMENT_SUCCESSFUL","Release":"R25","originatingsource":null,"customer_id":"1000231005","customer_name":"Nitesh","timestamp":"2026-02-27T08:30:00Z","amount":"5000.00","loan_account":"1237567890","txn_ref":"TPHREF260000POCBK","days_overdue":"12","min_amount_due":"1500.00","grace_date":"2027-03-10","loan_ref":"LNREF260801POCBK","beneficiary_name":"Rosa Mary","beneficiary_id":"AAACT360802POCBK8M"}
2026-03-09 03:06:30 | eventCommon Data:{"companyId":"PH0099001","application":"LENDING.DIGI.LOANS,LENDING-DISBURSEMENT-SUCCESS","creationTime":"2026-02-27T08:30:00.000Z","today":"2026-02-27","customCommon":{"timeInLocal":"2026-02-27T16:30:00.000 Asia/Manila","ArrangementActivityReference":"LNACT260001POCBK3Z","ActivityContext":"User-Auth","ActivityStatus":"AUTH","ImmediateParentReference":"LNACT260001POCBK3Z","ParentReference":"LNACT260001POCBK3Z","Simulation":"NO","LoanAmount":"250000.00","LoanCurrency":"PHP","DisbursementAccount":"AAACT260001POCBK9X","LoanTerm":"36","LoanTermUnit":"MONTHS"},"operator":"POCUSR00101","transactionStage":"AA.ACT.AUTH.RTN"}
2026-03-09 03:06:30 | Extracted Payload Values: {amount=5000.00, event_id=c3d4e5f6-a7b8-9012-cdef-123456789013, loan_account_last4=7890, customer_name=Nitesh, txn_ref=TPHREF260000POCBK, timestamp=2026-02-27T08:30:00Z}
2026-03-09 03:06:30 | Replacing placeholders in template
2026-03-09 03:06:30 | Replacing placeholder amount with value 5000.00
2026-03-09 03:06:30 | Replacing placeholder event_id with value c3d4e5f6-a7b8-9012-cdef-123456789013
2026-03-09 03:06:30 | Replacing placeholder loan_account_last4 with value 7890
2026-03-09 03:06:30 | Replacing placeholder customer_name with value Nitesh
2026-03-09 03:06:30 | Replacing placeholder txn_ref with value TPHREF260000POCBK
2026-03-09 03:06:30 | Replacing placeholder timestamp with value 2026-02-27T08:30:00Z
2026-03-09 03:06:30 | Final Generated Template:
2026-03-09 03:06:30 | Hi Nitesh,

Your POCBank loan has been successfully disbursed.

• Amount: Php 5000.00
• Destination Account: ****7890
• Date/Time: 2026-02-27T08:30:00Z
• Reference Number: TPHREF260000POCBK

You may check your amortization schedule through the POCBank mobile app.

If you have questions, please visit https://www.pocbank.com/info/contact-us.
Reference: c3d4e5f6-a7b8-9012-cdef-123456789013

Thank you,
POCBank Lending Team
2026-03-09 03:06:30 | Fetching event_unique_id from EVENT_TYPE_MASTER
2026-03-09 03:06:30 | Processed alert stored in PROCESSED_ALERT_AUDIT table
2026-03-09 03:06:30 | TEMPLATE PROCESS COMPLETED
2026-03-09 03:06:30 | ------------------------------------------------
2026-03-09 03:06:30 | Event Unique Id : EV02
2026-03-09 03:06:30 | Fetching template mapping from EVENT_TEMPLATE_MAPPING
2026-03-09 03:06:30 | Template Id found : 7
2026-03-09 03:06:30 | Fetching template from TEMPLATE_MST
2026-03-09 03:06:30 | ------------------------------------------------
2026-03-09 03:06:30 | TEMPLATE PROCESS STARTED
2026-03-09 03:06:30 | EventType: CustomerEvents-CustomerCreated_CU_ACTIVITY_EVENT
2026-03-09 03:06:30 | AlertType: CUSTOMER_CREATED
2026-03-09 03:06:30 | MessageType: SMS
2026-03-09 03:06:30 | Fetching template from TEMPLATE_MST
2026-03-09 03:06:30 | Template Found
2026-03-09 03:06:30 | Template ID: TPSMS002
2026-03-09 03:06:30 | Template Subject: null
2026-03-09 03:06:30 | Original Template:
2026-03-09 03:06:30 | POCBank: Welcome, {customer_name}! Your customer profile ****{customer_id_last4} is now active as of {timestamp}. For assistance, visit https://www.pocbank.com/info/contact-us
2026-03-09 03:06:30 | Extracting required fields from payload
2026-03-09 03:06:30 | ------------------------------------------------
2026-03-09 03:06:30 | PAYLOAD DATA EXTRACTION PROCESS STARTED
2026-03-09 03:06:30 | PAYLOAD :{"businessKey":"POCBank|PH0099001|CUSTACT260001POCBK7Y","aliasInfo":null,"commandType":null,"correlationId":null,"dateTime":"2026-02-27T08:30:00.000+0000","deviceid":null,"entityId":null,"entityName":null,"eventId":"b2c3d4e5-f6a7-8901-bcde-f12345678902","eventSourceId":"POCBank","headers":null,"operation":null,"operationInstanceId":null,"organizationId":null,"priority":null,"sequenceInstanceId":null,"sequenceNo":null,"serviceRequestComment":null,"serviceRequestId":null,"sourceRequestIdentifier":null,"sourceUri":"https://temenos.com/microservice/cloudevents/POCBank","status":"PROCESSED","subject":"event","tenantId":null,"tracecontext":null,"transactionDate":null,"userId":null,"businessObjects":null,"eventType":"CustomerEvents-CustomerCreated_CU_ACTIVITY_EVENT","payload":{"APPLICATIONCUSTOMERDetails":[{"applicationcustomerid":"300002","applicationcustomername1List":{"applicationcustomername1":[{"applicationcustomername1":"Maria Santos","language":"GB"}]}}],"eventCommon":{"companyId":"PH0099001","application":"CRM.DIGI.CUSTOMER,CUSTOMER-CREATION-SUCCESS","creationTime":"2026-02-27T08:30:00.000Z","today":"2026-02-27","customCommon":{"timeInLocal":"2026-02-27T16:30:00.000 Asia/Manila","ArrangementActivityReference":"CUSTACT260001POCBK7Y","ActivityContext":"User-Auth","ActivityStatus":"AUTH","ImmediateParentReference":"CUSTACT260001POCBK7Y","ParentReference":"CUSTACT260001POCBK7Y","Simulation":"NO"},"operator":"POCUSR00101","transactionStage":"CU.ACT.AUTH.RTN"},"customFieldDetails":{"MessageType":"SMS","alertType":"CUSTOMER_CREATED","Release":"R25","originatingsource":null,"customer_id":"1000230205","customer_name":"Vasanth Ajai","timestamp":"2026-02-27T08:30:00Z","amount":"5000.00","loan_account":"1237567890","txn_ref":"TPHREF260001POCBK","days_overdue":"12","min_amount_due":"1500.00","grace_date":"2027-03-10","loan_ref":"LNREF268001POCBK","beneficiary_name":"Maruthi","beneficiary_id":"AAACT269002POCBK8M"}}}
2026-03-09 03:06:30 | alert Type:CUSTOMER_CREATED
2026-03-09 03:06:30 | customCommon Data: {"timeInLocal":"2026-02-27T16:30:00.000 Asia/Manila","ArrangementActivityReference":"CUSTACT260001POCBK7Y","ActivityContext":"User-Auth","ActivityStatus":"AUTH","ImmediateParentReference":"CUSTACT260001POCBK7Y","ParentReference":"CUSTACT260001POCBK7Y","Simulation":"NO"}
2026-03-09 03:06:30 | customFieldDetails Data:{"MessageType":"SMS","alertType":"CUSTOMER_CREATED","Release":"R25","originatingsource":null,"customer_id":"1000230205","customer_name":"Vasanth Ajai","timestamp":"2026-02-27T08:30:00Z","amount":"5000.00","loan_account":"1237567890","txn_ref":"TPHREF260001POCBK","days_overdue":"12","min_amount_due":"1500.00","grace_date":"2027-03-10","loan_ref":"LNREF268001POCBK","beneficiary_name":"Maruthi","beneficiary_id":"AAACT269002POCBK8M"}
2026-03-09 03:06:30 | eventCommon Data:{"companyId":"PH0099001","application":"CRM.DIGI.CUSTOMER,CUSTOMER-CREATION-SUCCESS","creationTime":"2026-02-27T08:30:00.000Z","today":"2026-02-27","customCommon":{"timeInLocal":"2026-02-27T16:30:00.000 Asia/Manila","ArrangementActivityReference":"CUSTACT260001POCBK7Y","ActivityContext":"User-Auth","ActivityStatus":"AUTH","ImmediateParentReference":"CUSTACT260001POCBK7Y","ParentReference":"CUSTACT260001POCBK7Y","Simulation":"NO"},"operator":"POCUSR00101","transactionStage":"CU.ACT.AUTH.RTN"}
2026-03-09 03:06:30 | Extracted Payload Values: {customer_id_last4=0205, event_id=b2c3d4e5-f6a7-8901-bcde-f12345678902, customer_name=Vasanth Ajai, timestamp=2026-02-27T08:30:00Z}
2026-03-09 03:06:30 | Replacing placeholders in template
2026-03-09 03:06:30 | Replacing placeholder customer_id_last4 with value 0205
2026-03-09 03:06:30 | Replacing placeholder event_id with value b2c3d4e5-f6a7-8901-bcde-f12345678902
2026-03-09 03:06:30 | Replacing placeholder customer_name with value Vasanth Ajai
2026-03-09 03:06:30 | Replacing placeholder timestamp with value 2026-02-27T08:30:00Z
2026-03-09 03:06:30 | Final Generated Template:
2026-03-09 03:06:30 | POCBank: Welcome, Vasanth Ajai! Your customer profile ****0205 is now active as of 2026-02-27T08:30:00Z. For assistance, visit https://www.pocbank.com/info/contact-us
2026-03-09 03:06:30 | Processed alert stored in PROCESSED_ALERT_AUDIT table
2026-03-09 03:06:30 | TEMPLATE PROCESS COMPLETED
2026-03-09 03:06:30 | ------------------------------------------------
2026-03-09 03:06:30 | Generated SMS Message:
2026-03-09 03:06:30 | POCBank: Welcome, Vasanth Ajai! Your customer profile ****0205 is now active as of 2026-02-27T08:30:00Z. For assistance, visit https://www.pocbank.com/info/contact-us
2026-03-09 03:06:30 | Fetching event_unique_id from EVENT_TYPE_MASTER
2026-03-09 03:06:30 | Event Unique Id : EV04
2026-03-09 03:06:30 | Fetching template mapping from EVENT_TEMPLATE_MAPPING
2026-03-09 03:06:30 | Template Id found : 9
2026-03-09 03:06:30 | Fetching template from TEMPLATE_MST
2026-03-09 03:06:30 | ------------------------------------------------
2026-03-09 03:06:30 | TEMPLATE PROCESS STARTED
2026-03-09 03:06:30 | EventType: ArrangementEvents-LoanPastDueReminder_AA_ACTIVITY_EVENT
2026-03-09 03:06:30 | AlertType: LOAN_PAST_DUE_REMINDER
2026-03-09 03:06:30 | MessageType: SMS
2026-03-09 03:06:30 | Fetching template from TEMPLATE_MST
2026-03-09 03:06:30 | Template Found
2026-03-09 03:06:30 | Template ID: TPSMS004
2026-03-09 03:06:30 | Template Subject: null
2026-03-09 03:06:30 | Original Template:
2026-03-09 03:06:30 | POCBank: Your loan on ****{loan_account_last4} is {days_overdue} day(s) past due. Pay Php {min_amount_due} by {grace_date} to avoid penalties. Ref: {loan_ref}. Help: https://www.pocbank.com/info/contact-us
2026-03-09 03:06:30 | Extracting required fields from payload
2026-03-09 03:06:30 | ------------------------------------------------
2026-03-09 03:06:30 | PAYLOAD DATA EXTRACTION PROCESS STARTED
2026-03-09 03:06:30 | PAYLOAD :{"businessKey":"POCBank|PH0099001|LNACT260001POCBK4W","aliasInfo":null,"commandType":null,"correlationId":null,"dateTime":"2026-02-27T08:30:00.000+0000","deviceid":null,"entityId":null,"entityName":null,"eventId":"d4e5f6a7-b8c9-0123-defa-234567890124","eventSourceId":"POCBank","headers":null,"operation":null,"operationInstanceId":null,"organizationId":null,"priority":null,"sequenceInstanceId":null,"sequenceNo":null,"serviceRequestComment":null,"serviceRequestId":null,"sourceRequestIdentifier":null,"sourceUri":"https://temenos.com/microservice/cloudevents/POCBank","status":"PROCESSED","subject":"event","tenantId":null,"tracecontext":null,"transactionDate":null,"userId":null,"businessObjects":null,"eventType":"ArrangementEvents-LoanPastDueReminder_AA_ACTIVITY_EVENT","payload":{"APPLICATIONCUSTOMERDetails":[{"applicationcustomerid":"300004","applicationcustomername1List":{"applicationcustomername1":[{"applicationcustomername1":"Ana Villanueva","language":"GB"}]}}],"eventCommon":{"companyId":"PH0099001","application":"LENDING.DIGI.LOANS,LENDING-PASTDUE-REMINDER","creationTime":"2026-02-27T08:30:00.000Z","today":"2026-02-27","customCommon":{"timeInLocal":"2026-02-27T16:30:00.000 Asia/Manila","ArrangementActivityReference":"LNACT260001POCBK4W","ActivityContext":"User-Auth","ActivityStatus":"AUTH","ImmediateParentReference":"LNACT260001POCBK4W","ParentReference":"LNACT260001POCBK4W","Simulation":"NO","PastDueDays":"90","OverdueAmount":"15000.00","OverdueCurrency":"PHP","DueDate":"2025-11-29","PenaltyCharges":"4500.00"},"operator":"POCUSR00101","transactionStage":"AA.ACT.AUTH.RTN"},"customFieldDetails":{"MessageType":"SMS","alertType":"LOAN_PAST_DUE_REMINDER","PastDueDays":"90","Release":"R25","originatingsource":null,"customer_id":"1030430005","customer_name":"Rishi Mendoza","timestamp":"2026-02-27T08:30:00Z","amount":"5000.00","loan_account":"1235567890","txn_ref":"TPHREF760001POCBK","days_overdue":"12","min_amount_due":"1500.00","grace_date":"2027-03-10","loan_ref":"LNRRF260001POCBK","beneficiary_name":"Rosa Maduro","beneficiary_id":"AAACT260002POCBK8M"}}}
2026-03-09 03:06:30 | alert Type:LOAN_PAST_DUE_REMINDER
2026-03-09 03:06:30 | customCommon Data: {"timeInLocal":"2026-02-27T16:30:00.000 Asia/Manila","ArrangementActivityReference":"LNACT260001POCBK4W","ActivityContext":"User-Auth","ActivityStatus":"AUTH","ImmediateParentReference":"LNACT260001POCBK4W","ParentReference":"LNACT260001POCBK4W","Simulation":"NO","PastDueDays":"90","OverdueAmount":"15000.00","OverdueCurrency":"PHP","DueDate":"2025-11-29","PenaltyCharges":"4500.00"}
2026-03-09 03:06:30 | customFieldDetails Data:{"MessageType":"SMS","alertType":"LOAN_PAST_DUE_REMINDER","PastDueDays":"90","Release":"R25","originatingsource":null,"customer_id":"1030430005","customer_name":"Rishi Mendoza","timestamp":"2026-02-27T08:30:00Z","amount":"5000.00","loan_account":"1235567890","txn_ref":"TPHREF760001POCBK","days_overdue":"12","min_amount_due":"1500.00","grace_date":"2027-03-10","loan_ref":"LNRRF260001POCBK","beneficiary_name":"Rosa Maduro","beneficiary_id":"AAACT260002POCBK8M"}
2026-03-09 03:06:30 | eventCommon Data:{"companyId":"PH0099001","application":"LENDING.DIGI.LOANS,LENDING-PASTDUE-REMINDER","creationTime":"2026-02-27T08:30:00.000Z","today":"2026-02-27","customCommon":{"timeInLocal":"2026-02-27T16:30:00.000 Asia/Manila","ArrangementActivityReference":"LNACT260001POCBK4W","ActivityContext":"User-Auth","ActivityStatus":"AUTH","ImmediateParentReference":"LNACT260001POCBK4W","ParentReference":"LNACT260001POCBK4W","Simulation":"NO","PastDueDays":"90","OverdueAmount":"15000.00","OverdueCurrency":"PHP","DueDate":"2025-11-29","PenaltyCharges":"4500.00"},"operator":"POCUSR00101","transactionStage":"AA.ACT.AUTH.RTN"}
2026-03-09 03:06:30 | Extracted Payload Values: {event_id=d4e5f6a7-b8c9-0123-defa-234567890124, grace_date=2027-03-10, loan_ref=LNRRF260001POCBK, loan_account_last4=7890, customer_name=Rishi Mendoza, days_overdue=12, min_amount_due=1500.00}
2026-03-09 03:06:30 | Replacing placeholders in template
2026-03-09 03:06:30 | Replacing placeholder event_id with value d4e5f6a7-b8c9-0123-defa-234567890124
2026-03-09 03:06:30 | Replacing placeholder grace_date with value 2027-03-10
2026-03-09 03:06:30 | Replacing placeholder loan_ref with value LNRRF260001POCBK
2026-03-09 03:06:30 | Replacing placeholder loan_account_last4 with value 7890
2026-03-09 03:06:30 | Replacing placeholder customer_name with value Rishi Mendoza
2026-03-09 03:06:30 | Replacing placeholder days_overdue with value 12
2026-03-09 03:06:30 | Replacing placeholder min_amount_due with value 1500.00
2026-03-09 03:06:30 | Final Generated Template:
2026-03-09 03:06:30 | POCBank: Your loan on ****7890 is 12 day(s) past due. Pay Php 1500.00 by 2027-03-10 to avoid penalties. Ref: LNRRF260001POCBK. Help: https://www.pocbank.com/info/contact-us
2026-03-09 03:06:30 | Processed alert stored in PROCESSED_ALERT_AUDIT table
2026-03-09 03:06:30 | TEMPLATE PROCESS COMPLETED
2026-03-09 03:06:30 | ------------------------------------------------
2026-03-09 03:06:30 | Generated SMS Message:
2026-03-09 03:06:30 | POCBank: Your loan on ****7890 is 12 day(s) past due. Pay Php 1500.00 by 2027-03-10 to avoid penalties. Ref: LNRRF260001POCBK. Help: https://www.pocbank.com/info/contact-us
2026-03-09 03:37:15 | Fetching event_unique_id from EVENT_TYPE_MASTER
2026-03-09 03:37:15 | Fetching event_unique_id from EVENT_TYPE_MASTER
2026-03-09 03:37:15 | Event Unique Id : EV01
2026-03-09 03:37:15 | Event Unique Id : EV03
2026-03-09 03:37:15 | Fetching template mapping from EVENT_TEMPLATE_MAPPING
2026-03-09 03:37:15 | Fetching template mapping from EVENT_TEMPLATE_MAPPING
2026-03-09 03:37:15 | Template Id found : 3
2026-03-09 03:37:15 | Template Id found : 6
2026-03-09 03:37:15 | Fetching template from TEMPLATE_MST
2026-03-09 03:37:15 | ------------------------------------------------
2026-03-09 03:37:15 | TEMPLATE PROCESS STARTED
2026-03-09 03:37:15 | Fetching template from TEMPLATE_MST
2026-03-09 03:37:15 | EventType: ArrangementEvents-AccountCreated_AA_ACTIVITY_EVENT
2026-03-09 03:37:15 | ------------------------------------------------
2026-03-09 03:37:15 | AlertType: ACCOUNT_CREATED
2026-03-09 03:37:15 | MessageType: SMS
2026-03-09 03:37:15 | Fetching template from TEMPLATE_MST
2026-03-09 03:37:15 | TEMPLATE PROCESS STARTED
2026-03-09 03:37:15 | EventType: ArrangementEvents-LoanDisbursementSuccessful_AA_ACTIVITY_EVENT
2026-03-09 03:37:15 | AlertType: LOAN_DISBURSEMENT_SUCCESSFUL
2026-03-09 03:37:15 | MessageType: EMAIL
2026-03-09 03:37:15 | Fetching template from TEMPLATE_MST
2026-03-09 03:37:15 | No active template found in TEMPLATE_MST
2026-03-09 03:37:15 | Generated SMS Message:
2026-03-09 03:37:15 | null
2026-03-09 03:37:15 | Template Found
2026-03-09 03:37:15 | Template ID: TPEMAIL003
2026-03-09 03:37:15 | Template Subject: Your POCBank loan disbursement of Php {amount} is complete
2026-03-09 03:37:15 | Original Template:
2026-03-09 03:37:15 | Hi {customer_name},

Your POCBank loan has been successfully disbursed.

• Amount: Php {amount}
• Destination Account: ****{loan_account_last4}
• Date/Time: {timestamp}
• Reference Number: {txn_ref}

You may check your amortization schedule through the POCBank mobile app.

If you have questions, please visit https://www.pocbank.com/info/contact-us.
Reference: {event_id}

Thank you,
POCBank Lending Team
2026-03-09 03:37:15 | Extracting required fields from payload
2026-03-09 03:37:15 | ------------------------------------------------
2026-03-09 03:37:15 | PAYLOAD DATA EXTRACTION PROCESS STARTED
2026-03-09 03:37:15 | PAYLOAD :{"businessKey":"POCBank|PH0099001|LNACT260001POCBK3Z","aliasInfo":null,"commandType":null,"correlationId":null,"dateTime":"2026-02-27T08:30:00.000+0000","deviceid":null,"entityId":null,"entityName":null,"eventId":"c3d4e5f6-a7b8-9012-cdef-123456789015","eventSourceId":"POCBank","headers":null,"operation":null,"operationInstanceId":null,"organizationId":null,"priority":null,"sequenceInstanceId":null,"sequenceNo":null,"serviceRequestComment":null,"serviceRequestId":null,"sourceRequestIdentifier":null,"sourceUri":"https://temenos.com/microservice/cloudevents/POCBank","status":"PROCESSED","subject":"event","tenantId":null,"tracecontext":null,"transactionDate":null,"userId":null,"businessObjects":null,"eventType":"ArrangementEvents-LoanDisbursementSuccessful_AA_ACTIVITY_EVENT","payload":{"APPLICATIONCUSTOMERDetails":[{"applicationcustomerid":"300003","applicationcustomername1List":{"applicationcustomername1":[{"applicationcustomername1":"Jose Reyes","language":"GB"}]}}],"eventCommon":{"companyId":"PH0099001","application":"LENDING.DIGI.LOANS,LENDING-DISBURSEMENT-SUCCESS","creationTime":"2026-02-27T08:30:00.000Z","today":"2026-02-27","customCommon":{"timeInLocal":"2026-02-27T16:30:00.000 Asia/Manila","ArrangementActivityReference":"LNACT260001POCBK3Z","ActivityContext":"User-Auth","ActivityStatus":"AUTH","ImmediateParentReference":"LNACT260001POCBK3Z","ParentReference":"LNACT260001POCBK3Z","Simulation":"NO","LoanAmount":"250000.00","LoanCurrency":"PHP","DisbursementAccount":"AAACT260001POCBK9X","LoanTerm":"36","LoanTermUnit":"MONTHS"},"operator":"POCUSR00101","transactionStage":"AA.ACT.AUTH.RTN"},"customFieldDetails":{"MessageType":"EMAIL","alertType":"LOAN_DISBURSEMENT_SUCCESSFUL","Release":"R25","originatingsource":null,"customer_id":"1000231005","customer_name":"Nitesh","timestamp":"2026-02-27T08:30:00Z","amount":"5000.00","loan_account":"1237567890","txn_ref":"TPHREF260000POCBK","days_overdue":"12","min_amount_due":"1500.00","grace_date":"2027-03-10","loan_ref":"LNREF260801POCBK","beneficiary_name":"Rosa Mary","beneficiary_id":"AAACT360802POCBK8M"}}}
2026-03-09 03:37:15 | alert Type:LOAN_DISBURSEMENT_SUCCESSFUL
2026-03-09 03:37:15 | Fetching event_unique_id from EVENT_TYPE_MASTER
2026-03-09 03:37:15 | Event Unique Id : EV01
2026-03-09 03:37:15 | Fetching template mapping from EVENT_TEMPLATE_MAPPING
2026-03-09 03:37:15 | customCommon Data: {"timeInLocal":"2026-02-27T16:30:00.000 Asia/Manila","ArrangementActivityReference":"LNACT260001POCBK3Z","ActivityContext":"User-Auth","ActivityStatus":"AUTH","ImmediateParentReference":"LNACT260001POCBK3Z","ParentReference":"LNACT260001POCBK3Z","Simulation":"NO","LoanAmount":"250000.00","LoanCurrency":"PHP","DisbursementAccount":"AAACT260001POCBK9X","LoanTerm":"36","LoanTermUnit":"MONTHS"}
2026-03-09 03:37:15 | Template Id found : 6
2026-03-09 03:37:15 | Fetching template from TEMPLATE_MST
2026-03-09 03:37:15 | ------------------------------------------------
2026-03-09 03:37:15 | TEMPLATE PROCESS STARTED
2026-03-09 03:37:15 | EventType: ArrangementEvents-AccountCreated_AA_ACTIVITY_EVENT
2026-03-09 03:37:15 | AlertType: ACCOUNT_CREATED
2026-03-09 03:37:15 | MessageType: SMS
2026-03-09 03:37:15 | Fetching template from TEMPLATE_MST
2026-03-09 03:37:15 | customFieldDetails Data:{"MessageType":"EMAIL","alertType":"LOAN_DISBURSEMENT_SUCCESSFUL","Release":"R25","originatingsource":null,"customer_id":"1000231005","customer_name":"Nitesh","timestamp":"2026-02-27T08:30:00Z","amount":"5000.00","loan_account":"1237567890","txn_ref":"TPHREF260000POCBK","days_overdue":"12","min_amount_due":"1500.00","grace_date":"2027-03-10","loan_ref":"LNREF260801POCBK","beneficiary_name":"Rosa Mary","beneficiary_id":"AAACT360802POCBK8M"}
2026-03-09 03:37:15 | eventCommon Data:{"companyId":"PH0099001","application":"LENDING.DIGI.LOANS,LENDING-DISBURSEMENT-SUCCESS","creationTime":"2026-02-27T08:30:00.000Z","today":"2026-02-27","customCommon":{"timeInLocal":"2026-02-27T16:30:00.000 Asia/Manila","ArrangementActivityReference":"LNACT260001POCBK3Z","ActivityContext":"User-Auth","ActivityStatus":"AUTH","ImmediateParentReference":"LNACT260001POCBK3Z","ParentReference":"LNACT260001POCBK3Z","Simulation":"NO","LoanAmount":"250000.00","LoanCurrency":"PHP","DisbursementAccount":"AAACT260001POCBK9X","LoanTerm":"36","LoanTermUnit":"MONTHS"},"operator":"POCUSR00101","transactionStage":"AA.ACT.AUTH.RTN"}
2026-03-09 03:37:15 | Extracted Payload Values: {amount=5000.00, event_id=c3d4e5f6-a7b8-9012-cdef-123456789015, loan_account_last4=7890, customer_name=Nitesh, txn_ref=TPHREF260000POCBK, timestamp=2026-02-27T08:30:00Z}
2026-03-09 03:37:15 | Replacing placeholders in template
2026-03-09 03:37:15 | Replacing placeholder amount with value 5000.00
2026-03-09 03:37:15 | Replacing placeholder event_id with value c3d4e5f6-a7b8-9012-cdef-123456789015
2026-03-09 03:37:15 | Replacing placeholder loan_account_last4 with value 7890
2026-03-09 03:37:15 | No active template found in TEMPLATE_MST
2026-03-09 03:37:15 | Generated SMS Message:
2026-03-09 03:37:15 | Replacing placeholder customer_name with value Nitesh
2026-03-09 03:37:15 | null
2026-03-09 03:37:15 | Replacing placeholder txn_ref with value TPHREF260000POCBK
2026-03-09 03:37:15 | Replacing placeholder timestamp with value 2026-02-27T08:30:00Z
2026-03-09 03:37:15 | Final Generated Template:
2026-03-09 03:37:15 | Hi Nitesh,

Your POCBank loan has been successfully disbursed.

• Amount: Php 5000.00
• Destination Account: ****7890
• Date/Time: 2026-02-27T08:30:00Z
• Reference Number: TPHREF260000POCBK

You may check your amortization schedule through the POCBank mobile app.

If you have questions, please visit https://www.pocbank.com/info/contact-us.
Reference: c3d4e5f6-a7b8-9012-cdef-123456789015

Thank you,
POCBank Lending Team
2026-03-09 03:37:15 | Processed alert stored in PROCESSED_ALERT_AUDIT table
2026-03-09 03:37:15 | TEMPLATE PROCESS COMPLETED
2026-03-09 03:37:15 | ------------------------------------------------
2026-03-09 03:37:15 | Fetching event_unique_id from EVENT_TYPE_MASTER
2026-03-09 03:37:15 | Event Unique Id : EV02
2026-03-09 03:37:15 | Fetching template mapping from EVENT_TEMPLATE_MAPPING
2026-03-09 03:37:15 | Template Id found : 7
2026-03-09 03:37:15 | Fetching template from TEMPLATE_MST
2026-03-09 03:37:15 | ------------------------------------------------
2026-03-09 03:37:15 | TEMPLATE PROCESS STARTED
2026-03-09 03:37:15 | EventType: CustomerEvents-CustomerCreated_CU_ACTIVITY_EVENT
2026-03-09 03:37:15 | AlertType: CUSTOMER_CREATED
2026-03-09 03:37:15 | MessageType: SMS
2026-03-09 03:37:15 | Fetching template from TEMPLATE_MST
2026-03-09 03:37:15 | Template Found
2026-03-09 03:37:15 | Template ID: TPSMS002
2026-03-09 03:37:15 | Template Subject: null
2026-03-09 03:37:15 | Original Template:
2026-03-09 03:37:15 | POCBank: Welcome, {customer_name}! Your customer profile ****{customer_id_last4} is now active as of {timestamp}. For assistance, visit https://www.pocbank.com/info/contact-us
2026-03-09 03:37:15 | Extracting required fields from payload
2026-03-09 03:37:15 | ------------------------------------------------
2026-03-09 03:37:15 | PAYLOAD DATA EXTRACTION PROCESS STARTED
2026-03-09 03:37:15 | PAYLOAD :{"businessKey":"POCBank|PH0099001|CUSTACT260001POCBK7Y","aliasInfo":null,"commandType":null,"correlationId":null,"dateTime":"2026-02-27T08:30:00.000+0000","deviceid":null,"entityId":null,"entityName":null,"eventId":"b2c3d4e5-f6a7-8901-bcde-f12345678905","eventSourceId":"POCBank","headers":null,"operation":null,"operationInstanceId":null,"organizationId":null,"priority":null,"sequenceInstanceId":null,"sequenceNo":null,"serviceRequestComment":null,"serviceRequestId":null,"sourceRequestIdentifier":null,"sourceUri":"https://temenos.com/microservice/cloudevents/POCBank","status":"PROCESSED","subject":"event","tenantId":null,"tracecontext":null,"transactionDate":null,"userId":null,"businessObjects":null,"eventType":"CustomerEvents-CustomerCreated_CU_ACTIVITY_EVENT","payload":{"APPLICATIONCUSTOMERDetails":[{"applicationcustomerid":"300002","applicationcustomername1List":{"applicationcustomername1":[{"applicationcustomername1":"Maria Santos","language":"GB"}]}}],"eventCommon":{"companyId":"PH0099001","application":"CRM.DIGI.CUSTOMER,CUSTOMER-CREATION-SUCCESS","creationTime":"2026-02-27T08:30:00.000Z","today":"2026-02-27","customCommon":{"timeInLocal":"2026-02-27T16:30:00.000 Asia/Manila","ArrangementActivityReference":"CUSTACT260001POCBK7Y","ActivityContext":"User-Auth","ActivityStatus":"AUTH","ImmediateParentReference":"CUSTACT260001POCBK7Y","ParentReference":"CUSTACT260001POCBK7Y","Simulation":"NO"},"operator":"POCUSR00101","transactionStage":"CU.ACT.AUTH.RTN"},"customFieldDetails":{"MessageType":"SMS","alertType":"CUSTOMER_CREATED","Release":"R25","originatingsource":null,"customer_id":"1000230205","customer_name":"Vasanth Ajai","timestamp":"2026-02-27T08:30:00Z","amount":"5000.00","loan_account":"1237567890","txn_ref":"TPHREF260001POCBK","days_overdue":"12","min_amount_due":"1500.00","grace_date":"2027-03-10","loan_ref":"LNREF268001POCBK","beneficiary_name":"Maruthi","beneficiary_id":"AAACT269002POCBK8M"}}}
2026-03-09 03:37:15 | alert Type:CUSTOMER_CREATED
2026-03-09 03:37:15 | customCommon Data: {"timeInLocal":"2026-02-27T16:30:00.000 Asia/Manila","ArrangementActivityReference":"CUSTACT260001POCBK7Y","ActivityContext":"User-Auth","ActivityStatus":"AUTH","ImmediateParentReference":"CUSTACT260001POCBK7Y","ParentReference":"CUSTACT260001POCBK7Y","Simulation":"NO"}
2026-03-09 03:37:15 | customFieldDetails Data:{"MessageType":"SMS","alertType":"CUSTOMER_CREATED","Release":"R25","originatingsource":null,"customer_id":"1000230205","customer_name":"Vasanth Ajai","timestamp":"2026-02-27T08:30:00Z","amount":"5000.00","loan_account":"1237567890","txn_ref":"TPHREF260001POCBK","days_overdue":"12","min_amount_due":"1500.00","grace_date":"2027-03-10","loan_ref":"LNREF268001POCBK","beneficiary_name":"Maruthi","beneficiary_id":"AAACT269002POCBK8M"}
2026-03-09 03:37:15 | eventCommon Data:{"companyId":"PH0099001","application":"CRM.DIGI.CUSTOMER,CUSTOMER-CREATION-SUCCESS","creationTime":"2026-02-27T08:30:00.000Z","today":"2026-02-27","customCommon":{"timeInLocal":"2026-02-27T16:30:00.000 Asia/Manila","ArrangementActivityReference":"CUSTACT260001POCBK7Y","ActivityContext":"User-Auth","ActivityStatus":"AUTH","ImmediateParentReference":"CUSTACT260001POCBK7Y","ParentReference":"CUSTACT260001POCBK7Y","Simulation":"NO"},"operator":"POCUSR00101","transactionStage":"CU.ACT.AUTH.RTN"}
2026-03-09 03:37:15 | Extracted Payload Values: {customer_id_last4=0205, event_id=b2c3d4e5-f6a7-8901-bcde-f12345678905, customer_name=Vasanth Ajai, timestamp=2026-02-27T08:30:00Z}
2026-03-09 03:37:15 | Replacing placeholders in template
2026-03-09 03:37:15 | Replacing placeholder customer_id_last4 with value 0205
2026-03-09 03:37:15 | Replacing placeholder event_id with value b2c3d4e5-f6a7-8901-bcde-f12345678905
2026-03-09 03:37:15 | Replacing placeholder customer_name with value Vasanth Ajai
2026-03-09 03:37:15 | Replacing placeholder timestamp with value 2026-02-27T08:30:00Z
2026-03-09 03:37:15 | Final Generated Template:
2026-03-09 03:37:15 | POCBank: Welcome, Vasanth Ajai! Your customer profile ****0205 is now active as of 2026-02-27T08:30:00Z. For assistance, visit https://www.pocbank.com/info/contact-us
2026-03-09 03:37:15 | Sending SMS to mobile number : 919600525114
2026-03-09 03:37:16 | SMS sending triggered
2026-03-09 03:37:16 | Processed alert stored in PROCESSED_ALERT_AUDIT table
2026-03-09 03:37:16 | TEMPLATE PROCESS COMPLETED
2026-03-09 03:37:16 | ------------------------------------------------
2026-03-09 03:37:16 | Generated SMS Message:
2026-03-09 03:37:16 | POCBank: Welcome, Vasanth Ajai! Your customer profile ****0205 is now active as of 2026-02-27T08:30:00Z. For assistance, visit https://www.pocbank.com/info/contact-us
2026-03-09 03:37:16 | Fetching event_unique_id from EVENT_TYPE_MASTER
2026-03-09 03:37:16 | Event Unique Id : EV04
2026-03-09 03:37:16 | Fetching template mapping from EVENT_TEMPLATE_MAPPING
2026-03-09 03:37:16 | Template Id found : 9
2026-03-09 03:37:16 | Fetching template from TEMPLATE_MST
2026-03-09 03:37:16 | ------------------------------------------------
2026-03-09 03:37:16 | TEMPLATE PROCESS STARTED
2026-03-09 03:37:16 | EventType: ArrangementEvents-LoanPastDueReminder_AA_ACTIVITY_EVENT
2026-03-09 03:37:16 | AlertType: LOAN_PAST_DUE_REMINDER
2026-03-09 03:37:16 | MessageType: SMS
2026-03-09 03:37:16 | Fetching template from TEMPLATE_MST
2026-03-09 03:37:16 | Template Found
2026-03-09 03:37:16 | Template ID: TPSMS004
2026-03-09 03:37:16 | Template Subject: null
2026-03-09 03:37:16 | Original Template:
2026-03-09 03:37:16 | POCBank: Your loan on ****{loan_account_last4} is {days_overdue} day(s) past due. Pay Php {min_amount_due} by {grace_date} to avoid penalties. Ref: {loan_ref}. Help: https://www.pocbank.com/info/contact-us
2026-03-09 03:37:16 | Extracting required fields from payload
2026-03-09 03:37:16 | ------------------------------------------------
2026-03-09 03:37:16 | PAYLOAD DATA EXTRACTION PROCESS STARTED
2026-03-09 03:37:16 | PAYLOAD :{"businessKey":"POCBank|PH0099001|LNACT260001POCBK4W","aliasInfo":null,"commandType":null,"correlationId":null,"dateTime":"2026-02-27T08:30:00.000+0000","deviceid":null,"entityId":null,"entityName":null,"eventId":"d4e5f6a7-b8c9-0123-defa-234567890125","eventSourceId":"POCBank","headers":null,"operation":null,"operationInstanceId":null,"organizationId":null,"priority":null,"sequenceInstanceId":null,"sequenceNo":null,"serviceRequestComment":null,"serviceRequestId":null,"sourceRequestIdentifier":null,"sourceUri":"https://temenos.com/microservice/cloudevents/POCBank","status":"PROCESSED","subject":"event","tenantId":null,"tracecontext":null,"transactionDate":null,"userId":null,"businessObjects":null,"eventType":"ArrangementEvents-LoanPastDueReminder_AA_ACTIVITY_EVENT","payload":{"APPLICATIONCUSTOMERDetails":[{"applicationcustomerid":"300004","applicationcustomername1List":{"applicationcustomername1":[{"applicationcustomername1":"Ana Villanueva","language":"GB"}]}}],"eventCommon":{"companyId":"PH0099001","application":"LENDING.DIGI.LOANS,LENDING-PASTDUE-REMINDER","creationTime":"2026-02-27T08:30:00.000Z","today":"2026-02-27","customCommon":{"timeInLocal":"2026-02-27T16:30:00.000 Asia/Manila","ArrangementActivityReference":"LNACT260001POCBK4W","ActivityContext":"User-Auth","ActivityStatus":"AUTH","ImmediateParentReference":"LNACT260001POCBK4W","ParentReference":"LNACT260001POCBK4W","Simulation":"NO","PastDueDays":"90","OverdueAmount":"15000.00","OverdueCurrency":"PHP","DueDate":"2025-11-29","PenaltyCharges":"4500.00"},"operator":"POCUSR00101","transactionStage":"AA.ACT.AUTH.RTN"},"customFieldDetails":{"MessageType":"SMS","alertType":"LOAN_PAST_DUE_REMINDER","PastDueDays":"90","Release":"R25","originatingsource":null,"customer_id":"1030430005","customer_name":"Rishi Mendoza","timestamp":"2026-02-27T08:30:00Z","amount":"5000.00","loan_account":"1235567890","txn_ref":"TPHREF760001POCBK","days_overdue":"12","min_amount_due":"1500.00","grace_date":"2027-03-10","loan_ref":"LNRRF260001POCBK","beneficiary_name":"Rosa Maduro","beneficiary_id":"AAACT260002POCBK8M"}}}
2026-03-09 03:37:16 | alert Type:LOAN_PAST_DUE_REMINDER
2026-03-09 03:37:16 | customCommon Data: {"timeInLocal":"2026-02-27T16:30:00.000 Asia/Manila","ArrangementActivityReference":"LNACT260001POCBK4W","ActivityContext":"User-Auth","ActivityStatus":"AUTH","ImmediateParentReference":"LNACT260001POCBK4W","ParentReference":"LNACT260001POCBK4W","Simulation":"NO","PastDueDays":"90","OverdueAmount":"15000.00","OverdueCurrency":"PHP","DueDate":"2025-11-29","PenaltyCharges":"4500.00"}
2026-03-09 03:37:16 | customFieldDetails Data:{"MessageType":"SMS","alertType":"LOAN_PAST_DUE_REMINDER","PastDueDays":"90","Release":"R25","originatingsource":null,"customer_id":"1030430005","customer_name":"Rishi Mendoza","timestamp":"2026-02-27T08:30:00Z","amount":"5000.00","loan_account":"1235567890","txn_ref":"TPHREF760001POCBK","days_overdue":"12","min_amount_due":"1500.00","grace_date":"2027-03-10","loan_ref":"LNRRF260001POCBK","beneficiary_name":"Rosa Maduro","beneficiary_id":"AAACT260002POCBK8M"}
2026-03-09 03:37:16 | eventCommon Data:{"companyId":"PH0099001","application":"LENDING.DIGI.LOANS,LENDING-PASTDUE-REMINDER","creationTime":"2026-02-27T08:30:00.000Z","today":"2026-02-27","customCommon":{"timeInLocal":"2026-02-27T16:30:00.000 Asia/Manila","ArrangementActivityReference":"LNACT260001POCBK4W","ActivityContext":"User-Auth","ActivityStatus":"AUTH","ImmediateParentReference":"LNACT260001POCBK4W","ParentReference":"LNACT260001POCBK4W","Simulation":"NO","PastDueDays":"90","OverdueAmount":"15000.00","OverdueCurrency":"PHP","DueDate":"2025-11-29","PenaltyCharges":"4500.00"},"operator":"POCUSR00101","transactionStage":"AA.ACT.AUTH.RTN"}
2026-03-09 03:37:16 | Extracted Payload Values: {event_id=d4e5f6a7-b8c9-0123-defa-234567890125, grace_date=2027-03-10, loan_ref=LNRRF260001POCBK, loan_account_last4=7890, customer_name=Rishi Mendoza, days_overdue=12, min_amount_due=1500.00}
2026-03-09 03:37:16 | Replacing placeholders in template
2026-03-09 03:37:16 | Replacing placeholder event_id with value d4e5f6a7-b8c9-0123-defa-234567890125
2026-03-09 03:37:16 | Replacing placeholder grace_date with value 2027-03-10
2026-03-09 03:37:16 | Replacing placeholder loan_ref with value LNRRF260001POCBK
2026-03-09 03:37:16 | Replacing placeholder loan_account_last4 with value 7890
2026-03-09 03:37:16 | Replacing placeholder customer_name with value Rishi Mendoza
2026-03-09 03:37:16 | Replacing placeholder days_overdue with value 12
2026-03-09 03:37:16 | Replacing placeholder min_amount_due with value 1500.00
2026-03-09 03:37:16 | Final Generated Template:
2026-03-09 03:37:16 | POCBank: Your loan on ****7890 is 12 day(s) past due. Pay Php 1500.00 by 2027-03-10 to avoid penalties. Ref: LNRRF260001POCBK. Help: https://www.pocbank.com/info/contact-us
2026-03-09 03:37:16 | Sending SMS to mobile number : 919600525114
2026-03-09 03:37:16 | SMS sending triggered
2026-03-09 03:37:16 | Processed alert stored in PROCESSED_ALERT_AUDIT table
2026-03-09 03:37:16 | TEMPLATE PROCESS COMPLETED
2026-03-09 03:37:16 | ------------------------------------------------
2026-03-09 03:37:16 | Generated SMS Message:
2026-03-09 03:37:16 | POCBank: Your loan on ****7890 is 12 day(s) past due. Pay Php 1500.00 by 2027-03-10 to avoid penalties. Ref: LNRRF260001POCBK. Help: https://www.pocbank.com/info/contact-us
2026-03-09 03:42:14 | Fetching event_unique_id from EVENT_TYPE_MASTER
2026-03-09 03:42:14 | Event Unique Id : EV01
2026-03-09 03:42:14 | Fetching template mapping from EVENT_TEMPLATE_MAPPING
2026-03-09 03:42:14 | Template Id found : 6
2026-03-09 03:42:14 | Fetching template from TEMPLATE_MST
2026-03-09 03:42:14 | ------------------------------------------------
2026-03-09 03:42:14 | TEMPLATE PROCESS STARTED
2026-03-09 03:42:14 | EventType: ArrangementEvents-AccountCreated_AA_ACTIVITY_EVENT
2026-03-09 03:42:14 | AlertType: ACCOUNT_CREATED
2026-03-09 03:42:14 | MessageType: SMS
2026-03-09 03:42:14 | Fetching template from TEMPLATE_MST
2026-03-09 03:42:14 | No active template found in TEMPLATE_MST
2026-03-09 03:42:14 | Generated SMS Message:
2026-03-09 03:42:14 | null
2026-03-09 03:44:34 | Fetching event_unique_id from EVENT_TYPE_MASTER
2026-03-09 03:44:34 | Event Unique Id : EV01
2026-03-09 03:44:34 | Fetching template mapping from EVENT_TEMPLATE_MAPPING
2026-03-09 03:44:34 | Template Id found : 6
2026-03-09 03:44:34 | Fetching template from TEMPLATE_MST
2026-03-09 03:44:34 | ------------------------------------------------
2026-03-09 03:44:34 | TEMPLATE PROCESS STARTED
2026-03-09 03:44:34 | EventType: ArrangementEvents-AccountCreated_AA_ACTIVITY_EVENT
2026-03-09 03:44:34 | AlertType: ACCOUNT_CREATED
2026-03-09 03:44:34 | MessageType: SMS
2026-03-09 03:44:34 | Fetching template from TEMPLATE_MST
2026-03-09 03:44:34 | No active template found in TEMPLATE_MST
2026-03-09 03:44:34 | Generated SMS Message:
2026-03-09 03:44:34 | null
2026-03-09 03:45:53 | Fetching event_unique_id from EVENT_TYPE_MASTER
2026-03-09 03:45:53 | Event Unique Id : EV02
2026-03-09 03:45:53 | Fetching template mapping from EVENT_TEMPLATE_MAPPING
2026-03-09 03:45:53 | Template Id found : 7
2026-03-09 03:45:53 | Fetching template from TEMPLATE_MST
2026-03-09 03:45:53 | ------------------------------------------------
2026-03-09 03:45:53 | TEMPLATE PROCESS STARTED
2026-03-09 03:45:53 | EventType: CustomerEvents-CustomerCreated_CU_ACTIVITY_EVENT
2026-03-09 03:45:53 | AlertType: CUSTOMER_CREATED
2026-03-09 03:45:53 | MessageType: SMS
2026-03-09 03:45:53 | Fetching template from TEMPLATE_MST
2026-03-09 03:45:53 | Template Found
2026-03-09 03:45:53 | Template ID: TPSMS002
2026-03-09 03:45:53 | Template Subject: null
2026-03-09 03:45:53 | Original Template:
2026-03-09 03:45:53 | POCBank: Welcome, {customer_name}! Your customer profile ****{customer_id_last4} is now active as of {timestamp}. For assistance, visit https://www.pocbank.com/info/contact-us
2026-03-09 03:45:53 | Extracting required fields from payload
2026-03-09 03:45:53 | ------------------------------------------------
2026-03-09 03:45:53 | PAYLOAD DATA EXTRACTION PROCESS STARTED
2026-03-09 03:45:53 | PAYLOAD :{"businessKey":"POCBank|PH0099001|CUSTACT260001POCBK7Y","aliasInfo":null,"commandType":null,"correlationId":null,"dateTime":"2026-02-27T08:30:00.000+0000","deviceid":null,"entityId":null,"entityName":null,"eventId":"b2c3d4e5-f6a7-8901-bcde-f12345678906","eventSourceId":"POCBank","headers":null,"operation":null,"operationInstanceId":null,"organizationId":null,"priority":null,"sequenceInstanceId":null,"sequenceNo":null,"serviceRequestComment":null,"serviceRequestId":null,"sourceRequestIdentifier":null,"sourceUri":"https://temenos.com/microservice/cloudevents/POCBank","status":"PROCESSED","subject":"event","tenantId":null,"tracecontext":null,"transactionDate":null,"userId":null,"businessObjects":null,"eventType":"CustomerEvents-CustomerCreated_CU_ACTIVITY_EVENT","payload":{"APPLICATIONCUSTOMERDetails":[{"applicationcustomerid":"300002","applicationcustomername1List":{"applicationcustomername1":[{"applicationcustomername1":"Maria Santos","language":"GB"}]}}],"eventCommon":{"companyId":"PH0099001","application":"CRM.DIGI.CUSTOMER,CUSTOMER-CREATION-SUCCESS","creationTime":"2026-02-27T08:30:00.000Z","today":"2026-02-27","customCommon":{"timeInLocal":"2026-02-27T16:30:00.000 Asia/Manila","ArrangementActivityReference":"CUSTACT260001POCBK7Y","ActivityContext":"User-Auth","ActivityStatus":"AUTH","ImmediateParentReference":"CUSTACT260001POCBK7Y","ParentReference":"CUSTACT260001POCBK7Y","Simulation":"NO"},"operator":"POCUSR00101","transactionStage":"CU.ACT.AUTH.RTN"},"customFieldDetails":{"MessageType":"SMS","alertType":"CUSTOMER_CREATED","Release":"R25","originatingsource":null,"customer_id":"1000230205","customer_name":"Vasanth Ajai","timestamp":"2026-02-27T08:30:00Z","amount":"5000.00","loan_account":"1237567890","txn_ref":"TPHREF260001POCBK","days_overdue":"12","min_amount_due":"1500.00","grace_date":"2027-03-10","loan_ref":"LNREF268001POCBK","beneficiary_name":"Maruthi","beneficiary_id":"AAACT269002POCBK8M"}}}
2026-03-09 03:45:53 | alert Type:CUSTOMER_CREATED
2026-03-09 03:45:53 | customCommon Data: {"timeInLocal":"2026-02-27T16:30:00.000 Asia/Manila","ArrangementActivityReference":"CUSTACT260001POCBK7Y","ActivityContext":"User-Auth","ActivityStatus":"AUTH","ImmediateParentReference":"CUSTACT260001POCBK7Y","ParentReference":"CUSTACT260001POCBK7Y","Simulation":"NO"}
2026-03-09 03:45:53 | customFieldDetails Data:{"MessageType":"SMS","alertType":"CUSTOMER_CREATED","Release":"R25","originatingsource":null,"customer_id":"1000230205","customer_name":"Vasanth Ajai","timestamp":"2026-02-27T08:30:00Z","amount":"5000.00","loan_account":"1237567890","txn_ref":"TPHREF260001POCBK","days_overdue":"12","min_amount_due":"1500.00","grace_date":"2027-03-10","loan_ref":"LNREF268001POCBK","beneficiary_name":"Maruthi","beneficiary_id":"AAACT269002POCBK8M"}
2026-03-09 03:45:53 | eventCommon Data:{"companyId":"PH0099001","application":"CRM.DIGI.CUSTOMER,CUSTOMER-CREATION-SUCCESS","creationTime":"2026-02-27T08:30:00.000Z","today":"2026-02-27","customCommon":{"timeInLocal":"2026-02-27T16:30:00.000 Asia/Manila","ArrangementActivityReference":"CUSTACT260001POCBK7Y","ActivityContext":"User-Auth","ActivityStatus":"AUTH","ImmediateParentReference":"CUSTACT260001POCBK7Y","ParentReference":"CUSTACT260001POCBK7Y","Simulation":"NO"},"operator":"POCUSR00101","transactionStage":"CU.ACT.AUTH.RTN"}
2026-03-09 03:45:53 | Extracted Payload Values: {customer_id_last4=0205, event_id=b2c3d4e5-f6a7-8901-bcde-f12345678906, customer_name=Vasanth Ajai, timestamp=2026-02-27T08:30:00Z}
2026-03-09 03:45:53 | Replacing placeholders in template
2026-03-09 03:45:53 | Replacing placeholder customer_id_last4 with value 0205
2026-03-09 03:45:53 | Replacing placeholder event_id with value b2c3d4e5-f6a7-8901-bcde-f12345678906
2026-03-09 03:45:53 | Replacing placeholder customer_name with value Vasanth Ajai
2026-03-09 03:45:53 | Replacing placeholder timestamp with value 2026-02-27T08:30:00Z
2026-03-09 03:45:53 | Final Generated Template:
2026-03-09 03:45:53 | POCBank: Welcome, Vasanth Ajai! Your customer profile ****0205 is now active as of 2026-02-27T08:30:00Z. For assistance, visit https://www.pocbank.com/info/contact-us
2026-03-09 03:45:53 | Sending SMS to mobile number : 919600525114
2026-03-09 03:45:54 | SMS sending triggered
2026-03-09 03:45:54 | Processed alert stored in PROCESSED_ALERT_AUDIT table
2026-03-09 03:45:54 | TEMPLATE PROCESS COMPLETED
2026-03-09 03:45:54 | ------------------------------------------------
2026-03-09 03:45:54 | Generated SMS Message:
2026-03-09 03:45:54 | POCBank: Welcome, Vasanth Ajai! Your customer profile ****0205 is now active as of 2026-02-27T08:30:00Z. For assistance, visit https://www.pocbank.com/info/contact-us
2026-03-09 03:48:04 | Fetching event_unique_id from EVENT_TYPE_MASTER
2026-03-09 03:48:04 | Event Unique Id : EV02
2026-03-09 03:48:04 | Fetching template mapping from EVENT_TEMPLATE_MAPPING
2026-03-09 03:48:04 | Template Id found : 7
2026-03-09 03:48:04 | Fetching template from TEMPLATE_MST
2026-03-09 03:48:04 | ------------------------------------------------
2026-03-09 03:48:04 | TEMPLATE PROCESS STARTED
2026-03-09 03:48:04 | EventType: CustomerEvents-CustomerCreated_CU_ACTIVITY_EVENT
2026-03-09 03:48:04 | AlertType: CUSTOMER_CREATED
2026-03-09 03:48:04 | MessageType: SMS
2026-03-09 03:48:04 | Fetching template from TEMPLATE_MST
2026-03-09 03:48:04 | Template Found
2026-03-09 03:48:04 | Template ID: TPSMS002
2026-03-09 03:48:04 | Template Subject: null
2026-03-09 03:48:04 | Original Template:
2026-03-09 03:48:04 | POCBank: Welcome, {customer_name}! Your customer profile ****{customer_id_last4} is now active as of {timestamp}. For assistance, visit https://www.pocbank.com/info/contact-us
2026-03-09 03:48:04 | Extracting required fields from payload
2026-03-09 03:48:04 | ------------------------------------------------
2026-03-09 03:48:04 | PAYLOAD DATA EXTRACTION PROCESS STARTED
2026-03-09 03:48:04 | PAYLOAD :{"businessKey":"POCBank|PH0099001|CUSTACT260001POCBK7Y","aliasInfo":null,"commandType":null,"correlationId":null,"dateTime":"2026-02-27T08:30:00.000+0000","deviceid":null,"entityId":null,"entityName":null,"eventId":"a2c3d4e5-f6a7-8901-bcde-f12345678906","eventSourceId":"POCBank","headers":null,"operation":null,"operationInstanceId":null,"organizationId":null,"priority":null,"sequenceInstanceId":null,"sequenceNo":null,"serviceRequestComment":null,"serviceRequestId":null,"sourceRequestIdentifier":null,"sourceUri":"https://temenos.com/microservice/cloudevents/POCBank","status":"PROCESSED","subject":"event","tenantId":null,"tracecontext":null,"transactionDate":null,"userId":null,"businessObjects":null,"eventType":"CustomerEvents-CustomerCreated_CU_ACTIVITY_EVENT","payload":{"APPLICATIONCUSTOMERDetails":[{"applicationcustomerid":"300002","applicationcustomername1List":{"applicationcustomername1":[{"applicationcustomername1":"Maria Santos","language":"GB"}]}}],"eventCommon":{"companyId":"PH0099001","application":"CRM.DIGI.CUSTOMER,CUSTOMER-CREATION-SUCCESS","creationTime":"2026-02-27T08:30:00.000Z","today":"2026-02-27","customCommon":{"timeInLocal":"2026-02-27T16:30:00.000 Asia/Manila","ArrangementActivityReference":"CUSTACT260001POCBK7Y","ActivityContext":"User-Auth","ActivityStatus":"AUTH","ImmediateParentReference":"CUSTACT260001POCBK7Y","ParentReference":"CUSTACT260001POCBK7Y","Simulation":"NO"},"operator":"POCUSR00101","transactionStage":"CU.ACT.AUTH.RTN"},"customFieldDetails":{"MessageType":"SMS","alertType":"CUSTOMER_CREATED","Release":"R25","originatingsource":null,"customer_id":"1000230205","customer_name":"Vasanth Ajai","timestamp":"2026-02-27T08:30:00Z","amount":"5000.00","loan_account":"1237567890","txn_ref":"TPHREF260001POCBK","days_overdue":"12","min_amount_due":"1500.00","grace_date":"2027-03-10","loan_ref":"LNREF268001POCBK","beneficiary_name":"Maruthi","beneficiary_id":"AAACT269002POCBK8M"}}}
2026-03-09 03:48:04 | alert Type:CUSTOMER_CREATED
2026-03-09 03:48:04 | customCommon Data: {"timeInLocal":"2026-02-27T16:30:00.000 Asia/Manila","ArrangementActivityReference":"CUSTACT260001POCBK7Y","ActivityContext":"User-Auth","ActivityStatus":"AUTH","ImmediateParentReference":"CUSTACT260001POCBK7Y","ParentReference":"CUSTACT260001POCBK7Y","Simulation":"NO"}
2026-03-09 03:48:04 | customFieldDetails Data:{"MessageType":"SMS","alertType":"CUSTOMER_CREATED","Release":"R25","originatingsource":null,"customer_id":"1000230205","customer_name":"Vasanth Ajai","timestamp":"2026-02-27T08:30:00Z","amount":"5000.00","loan_account":"1237567890","txn_ref":"TPHREF260001POCBK","days_overdue":"12","min_amount_due":"1500.00","grace_date":"2027-03-10","loan_ref":"LNREF268001POCBK","beneficiary_name":"Maruthi","beneficiary_id":"AAACT269002POCBK8M"}
2026-03-09 03:48:04 | eventCommon Data:{"companyId":"PH0099001","application":"CRM.DIGI.CUSTOMER,CUSTOMER-CREATION-SUCCESS","creationTime":"2026-02-27T08:30:00.000Z","today":"2026-02-27","customCommon":{"timeInLocal":"2026-02-27T16:30:00.000 Asia/Manila","ArrangementActivityReference":"CUSTACT260001POCBK7Y","ActivityContext":"User-Auth","ActivityStatus":"AUTH","ImmediateParentReference":"CUSTACT260001POCBK7Y","ParentReference":"CUSTACT260001POCBK7Y","Simulation":"NO"},"operator":"POCUSR00101","transactionStage":"CU.ACT.AUTH.RTN"}
2026-03-09 03:48:04 | Extracted Payload Values: {customer_id_last4=0205, event_id=a2c3d4e5-f6a7-8901-bcde-f12345678906, customer_name=Vasanth Ajai, timestamp=2026-02-27T08:30:00Z}
2026-03-09 03:48:04 | Replacing placeholders in template
2026-03-09 03:48:04 | Replacing placeholder customer_id_last4 with value 0205
2026-03-09 03:48:04 | Replacing placeholder event_id with value a2c3d4e5-f6a7-8901-bcde-f12345678906
2026-03-09 03:48:04 | Replacing placeholder customer_name with value Vasanth Ajai
2026-03-09 03:48:04 | Replacing placeholder timestamp with value 2026-02-27T08:30:00Z
2026-03-09 03:48:04 | Final Generated Template:
2026-03-09 03:48:04 | POCBank: Welcome, Vasanth Ajai! Your customer profile ****0205 is now active as of 2026-02-27T08:30:00Z. For assistance, visit https://www.pocbank.com/info/contact-us
2026-03-09 03:48:04 | Sending SMS to mobile number : 919600525114
2026-03-09 03:48:05 | SMS sending triggered
2026-03-09 03:48:05 | Processed alert stored in PROCESSED_ALERT_AUDIT table
2026-03-09 03:48:05 | TEMPLATE PROCESS COMPLETED
2026-03-09 03:48:05 | ------------------------------------------------
2026-03-09 03:48:05 | Generated SMS Message:
2026-03-09 03:48:05 | POCBank: Welcome, Vasanth Ajai! Your customer profile ****0205 is now active as of 2026-02-27T08:30:00Z. For assistance, visit https://www.pocbank.com/info/contact-us
2026-03-09 08:58:51 | Fetching event_unique_id from EVENT_TYPE_MASTER
2026-03-09 08:58:51 | Fetching event_unique_id from EVENT_TYPE_MASTER
2026-03-09 08:58:51 | Event Unique Id : EV03
2026-03-09 08:58:51 | Fetching template mapping from EVENT_TEMPLATE_MAPPING
2026-03-09 08:58:51 | Event Unique Id : EV01
2026-03-09 08:58:51 | Fetching template mapping from EVENT_TEMPLATE_MAPPING
2026-03-09 08:58:51 | Template Id found : 3
2026-03-09 08:58:51 | Template Id found : 6
2026-03-09 08:58:51 | Fetching template from TEMPLATE_MST
2026-03-09 08:58:51 | ------------------------------------------------
2026-03-09 08:58:51 | Fetching template from TEMPLATE_MST
2026-03-09 08:58:51 | TEMPLATE PROCESS STARTED
2026-03-09 08:58:51 | ------------------------------------------------
2026-03-09 08:58:51 | EventType: ArrangementEvents-AccountCreated_AA_ACTIVITY_EVENT
2026-03-09 08:58:51 | TEMPLATE PROCESS STARTED
2026-03-09 08:58:51 | AlertType: ACCOUNT_CREATED
2026-03-09 08:58:51 | EventType: ArrangementEvents-LoanDisbursementSuccessful_AA_ACTIVITY_EVENT
2026-03-09 08:58:51 | MessageType: SMS
2026-03-09 08:58:51 | AlertType: LOAN_DISBURSEMENT_SUCCESSFUL
2026-03-09 08:58:51 | Fetching template from TEMPLATE_MST
2026-03-09 08:58:51 | MessageType: EMAIL
2026-03-09 08:58:51 | Fetching template from TEMPLATE_MST
2026-03-09 08:58:51 | No active template found in TEMPLATE_MST
2026-03-09 08:58:51 | Generated SMS Message:
2026-03-09 08:58:51 | null
2026-03-09 08:58:51 | Template Found
2026-03-09 08:58:51 | Template ID: TPEMAIL003
2026-03-09 08:58:51 | Template Subject: Your POCBank loan disbursement of Php {amount} is complete
2026-03-09 08:58:51 | Original Template:
2026-03-09 08:58:51 | Hi {customer_name},

Your POCBank loan has been successfully disbursed.

• Amount: Php {amount}
• Destination Account: ****{loan_account_last4}
• Date/Time: {timestamp}
• Reference Number: {txn_ref}

You may check your amortization schedule through the POCBank mobile app.

If you have questions, please visit https://www.pocbank.com/info/contact-us.
Reference: {event_id}

Thank you,
POCBank Lending Team
2026-03-09 08:58:51 | Extracting required fields from payload
2026-03-09 08:58:51 | ------------------------------------------------
2026-03-09 08:58:51 | PAYLOAD DATA EXTRACTION PROCESS STARTED
2026-03-09 08:58:51 | PAYLOAD :{"businessKey":"POCBank|PH0099001|LNACT260001POCBK3Z","aliasInfo":null,"commandType":null,"correlationId":null,"dateTime":"2026-02-27T08:30:00.000+0000","deviceid":null,"entityId":null,"entityName":null,"eventId":"c3d4e5f6-a7b8-9012-cdef-123456789017","eventSourceId":"POCBank","headers":null,"operation":null,"operationInstanceId":null,"organizationId":null,"priority":null,"sequenceInstanceId":null,"sequenceNo":null,"serviceRequestComment":null,"serviceRequestId":null,"sourceRequestIdentifier":null,"sourceUri":"https://temenos.com/microservice/cloudevents/POCBank","status":"PROCESSED","subject":"event","tenantId":null,"tracecontext":null,"transactionDate":null,"userId":null,"businessObjects":null,"eventType":"ArrangementEvents-LoanDisbursementSuccessful_AA_ACTIVITY_EVENT","payload":{"APPLICATIONCUSTOMERDetails":[{"applicationcustomerid":"300003","applicationcustomername1List":{"applicationcustomername1":[{"applicationcustomername1":"Jose Reyes","language":"GB"}]}}],"eventCommon":{"companyId":"PH0099001","application":"LENDING.DIGI.LOANS,LENDING-DISBURSEMENT-SUCCESS","creationTime":"2026-02-27T08:30:00.000Z","today":"2026-02-27","customCommon":{"timeInLocal":"2026-02-27T16:30:00.000 Asia/Manila","ArrangementActivityReference":"LNACT260001POCBK3Z","ActivityContext":"User-Auth","ActivityStatus":"AUTH","ImmediateParentReference":"LNACT260001POCBK3Z","ParentReference":"LNACT260001POCBK3Z","Simulation":"NO","LoanAmount":"250000.00","LoanCurrency":"PHP","DisbursementAccount":"AAACT260001POCBK9X","LoanTerm":"36","LoanTermUnit":"MONTHS"},"operator":"POCUSR00101","transactionStage":"AA.ACT.AUTH.RTN"},"customFieldDetails":{"MessageType":"EMAIL","alertType":"LOAN_DISBURSEMENT_SUCCESSFUL","Release":"R25","originatingsource":null,"customer_id":"1000231005","customer_name":"Nitesh","timestamp":"2026-02-27T08:30:00Z","amount":"5000.00","loan_account":"1237567890","txn_ref":"TPHREF260000POCBK","days_overdue":"12","min_amount_due":"1500.00","grace_date":"2027-03-10","loan_ref":"LNREF260801POCBK","beneficiary_name":"Rosa Mary","beneficiary_id":"AAACT360802POCBK8M"}}}
2026-03-09 08:58:51 | alert Type:LOAN_DISBURSEMENT_SUCCESSFUL
2026-03-09 08:58:51 | customCommon Data: {"timeInLocal":"2026-02-27T16:30:00.000 Asia/Manila","ArrangementActivityReference":"LNACT260001POCBK3Z","ActivityContext":"User-Auth","ActivityStatus":"AUTH","ImmediateParentReference":"LNACT260001POCBK3Z","ParentReference":"LNACT260001POCBK3Z","Simulation":"NO","LoanAmount":"250000.00","LoanCurrency":"PHP","DisbursementAccount":"AAACT260001POCBK9X","LoanTerm":"36","LoanTermUnit":"MONTHS"}
2026-03-09 08:58:51 | customFieldDetails Data:{"MessageType":"EMAIL","alertType":"LOAN_DISBURSEMENT_SUCCESSFUL","Release":"R25","originatingsource":null,"customer_id":"1000231005","customer_name":"Nitesh","timestamp":"2026-02-27T08:30:00Z","amount":"5000.00","loan_account":"1237567890","txn_ref":"TPHREF260000POCBK","days_overdue":"12","min_amount_due":"1500.00","grace_date":"2027-03-10","loan_ref":"LNREF260801POCBK","beneficiary_name":"Rosa Mary","beneficiary_id":"AAACT360802POCBK8M"}
2026-03-09 08:58:51 | eventCommon Data:{"companyId":"PH0099001","application":"LENDING.DIGI.LOANS,LENDING-DISBURSEMENT-SUCCESS","creationTime":"2026-02-27T08:30:00.000Z","today":"2026-02-27","customCommon":{"timeInLocal":"2026-02-27T16:30:00.000 Asia/Manila","ArrangementActivityReference":"LNACT260001POCBK3Z","ActivityContext":"User-Auth","ActivityStatus":"AUTH","ImmediateParentReference":"LNACT260001POCBK3Z","ParentReference":"LNACT260001POCBK3Z","Simulation":"NO","LoanAmount":"250000.00","LoanCurrency":"PHP","DisbursementAccount":"AAACT260001POCBK9X","LoanTerm":"36","LoanTermUnit":"MONTHS"},"operator":"POCUSR00101","transactionStage":"AA.ACT.AUTH.RTN"}
2026-03-09 08:58:51 | Extracted Payload Values: {amount=5000.00, event_id=c3d4e5f6-a7b8-9012-cdef-123456789017, loan_account_last4=7890, customer_name=Nitesh, txn_ref=TPHREF260000POCBK, timestamp=2026-02-27T08:30:00Z}
2026-03-09 08:58:51 | Replacing placeholders in template
2026-03-09 08:58:51 | Replacing placeholder amount with value 5000.00
2026-03-09 08:58:51 | Replacing placeholder event_id with value c3d4e5f6-a7b8-9012-cdef-123456789017
2026-03-09 08:58:51 | Replacing placeholder loan_account_last4 with value 7890
2026-03-09 08:58:51 | Replacing placeholder customer_name with value Nitesh
2026-03-09 08:58:51 | Replacing placeholder txn_ref with value TPHREF260000POCBK
2026-03-09 08:58:51 | Replacing placeholder timestamp with value 2026-02-27T08:30:00Z
2026-03-09 08:58:51 | Final Generated Template:
2026-03-09 08:58:51 | Hi Nitesh,

Your POCBank loan has been successfully disbursed.

• Amount: Php 5000.00
• Destination Account: ****7890
• Date/Time: 2026-02-27T08:30:00Z
• Reference Number: TPHREF260000POCBK

You may check your amortization schedule through the POCBank mobile app.

If you have questions, please visit https://www.pocbank.com/info/contact-us.
Reference: c3d4e5f6-a7b8-9012-cdef-123456789017

Thank you,
POCBank Lending Team
2026-03-09 08:58:51 | Processed alert stored in PROCESSED_ALERT_AUDIT table
2026-03-09 08:58:51 | TEMPLATE PROCESS COMPLETED
2026-03-09 08:58:51 | ------------------------------------------------
2026-03-09 09:05:22 | Fetching event_unique_id from EVENT_TYPE_MASTER
2026-03-09 09:05:22 | Event Unique Id : EV04
2026-03-09 09:05:22 | Fetching template mapping from EVENT_TEMPLATE_MAPPING
2026-03-09 09:05:22 | Template Id found : 9
2026-03-09 09:05:22 | Fetching template from TEMPLATE_MST
2026-03-09 09:05:22 | ------------------------------------------------
2026-03-09 09:05:22 | TEMPLATE PROCESS STARTED
2026-03-09 09:05:22 | EventType: ArrangementEvents-LoanPastDueReminder_AA_ACTIVITY_EVENT
2026-03-09 09:05:22 | AlertType: LOAN_PAST_DUE_REMINDER
2026-03-09 09:05:22 | MessageType: SMS
2026-03-09 09:05:22 | Fetching template from TEMPLATE_MST
2026-03-09 09:05:22 | Template Found
2026-03-09 09:05:22 | Template ID: TPSMS004
2026-03-09 09:05:22 | Template Subject: null
2026-03-09 09:05:22 | Original Template:
2026-03-09 09:05:22 | POCBank: Your loan on ****{loan_account_last4} is {days_overdue} day(s) past due. Pay Php {min_amount_due} by {grace_date} to avoid penalties. Ref: {loan_ref}. Help: https://www.pocbank.com/info/contact-us
2026-03-09 09:05:22 | Extracting required fields from payload
2026-03-09 09:05:22 | ------------------------------------------------
2026-03-09 09:05:22 | PAYLOAD DATA EXTRACTION PROCESS STARTED
2026-03-09 09:05:22 | PAYLOAD :{"businessKey":"POCBank|PH0099001|LNACT260001POCBK4W","aliasInfo":null,"commandType":null,"correlationId":null,"dateTime":"2026-02-27T08:30:00.000+0000","deviceid":null,"entityId":null,"entityName":null,"eventId":"d4e5f6a7-b8c9-0123-defa-234567890121","eventSourceId":"POCBank","headers":null,"operation":null,"operationInstanceId":null,"organizationId":null,"priority":null,"sequenceInstanceId":null,"sequenceNo":null,"serviceRequestComment":null,"serviceRequestId":null,"sourceRequestIdentifier":null,"sourceUri":"https://temenos.com/microservice/cloudevents/POCBank","status":"PROCESSED","subject":"event","tenantId":null,"tracecontext":null,"transactionDate":null,"userId":null,"businessObjects":null,"eventType":"ArrangementEvents-LoanPastDueReminder_AA_ACTIVITY_EVENT","payload":{"APPLICATIONCUSTOMERDetails":[{"applicationcustomerid":"300004","applicationcustomername1List":{"applicationcustomername1":[{"applicationcustomername1":"Ana Villanueva","language":"GB"}]}}],"eventCommon":{"companyId":"PH0099001","application":"LENDING.DIGI.LOANS,LENDING-PASTDUE-REMINDER","creationTime":"2026-02-27T08:30:00.000Z","today":"2026-02-27","customCommon":{"timeInLocal":"2026-02-27T16:30:00.000 Asia/Manila","ArrangementActivityReference":"LNACT260001POCBK4W","ActivityContext":"User-Auth","ActivityStatus":"AUTH","ImmediateParentReference":"LNACT260001POCBK4W","ParentReference":"LNACT260001POCBK4W","Simulation":"NO","PastDueDays":"90","OverdueAmount":"15000.00","OverdueCurrency":"PHP","DueDate":"2025-11-29","PenaltyCharges":"4500.00"},"operator":"POCUSR00101","transactionStage":"AA.ACT.AUTH.RTN"},"customFieldDetails":{"MessageType":"SMS","alertType":"LOAN_PAST_DUE_REMINDER","PastDueDays":"90","Release":"R25","originatingsource":null,"customer_id":"1030430005","customer_name":"Rishi Mendoza","timestamp":"2026-02-27T08:30:00Z","amount":"5000.00","loan_account":"1235567890","txn_ref":"TPHREF760001POCBK","days_overdue":"12","min_amount_due":"1500.00","grace_date":"2027-03-10","loan_ref":"LNRRF260001POCBK","beneficiary_name":"Rosa Maduro","beneficiary_id":"AAACT260002POCBK8M"}}}
2026-03-09 09:05:22 | alert Type:LOAN_PAST_DUE_REMINDER
2026-03-09 09:05:22 | customCommon Data: {"timeInLocal":"2026-02-27T16:30:00.000 Asia/Manila","ArrangementActivityReference":"LNACT260001POCBK4W","ActivityContext":"User-Auth","ActivityStatus":"AUTH","ImmediateParentReference":"LNACT260001POCBK4W","ParentReference":"LNACT260001POCBK4W","Simulation":"NO","PastDueDays":"90","OverdueAmount":"15000.00","OverdueCurrency":"PHP","DueDate":"2025-11-29","PenaltyCharges":"4500.00"}
2026-03-09 09:05:22 | customFieldDetails Data:{"MessageType":"SMS","alertType":"LOAN_PAST_DUE_REMINDER","PastDueDays":"90","Release":"R25","originatingsource":null,"customer_id":"1030430005","customer_name":"Rishi Mendoza","timestamp":"2026-02-27T08:30:00Z","amount":"5000.00","loan_account":"1235567890","txn_ref":"TPHREF760001POCBK","days_overdue":"12","min_amount_due":"1500.00","grace_date":"2027-03-10","loan_ref":"LNRRF260001POCBK","beneficiary_name":"Rosa Maduro","beneficiary_id":"AAACT260002POCBK8M"}
2026-03-09 09:05:22 | eventCommon Data:{"companyId":"PH0099001","application":"LENDING.DIGI.LOANS,LENDING-PASTDUE-REMINDER","creationTime":"2026-02-27T08:30:00.000Z","today":"2026-02-27","customCommon":{"timeInLocal":"2026-02-27T16:30:00.000 Asia/Manila","ArrangementActivityReference":"LNACT260001POCBK4W","ActivityContext":"User-Auth","ActivityStatus":"AUTH","ImmediateParentReference":"LNACT260001POCBK4W","ParentReference":"LNACT260001POCBK4W","Simulation":"NO","PastDueDays":"90","OverdueAmount":"15000.00","OverdueCurrency":"PHP","DueDate":"2025-11-29","PenaltyCharges":"4500.00"},"operator":"POCUSR00101","transactionStage":"AA.ACT.AUTH.RTN"}
2026-03-09 09:05:22 | Extracted Payload Values: {event_id=d4e5f6a7-b8c9-0123-defa-234567890121, grace_date=2027-03-10, loan_ref=LNRRF260001POCBK, loan_account_last4=7890, customer_name=Rishi Mendoza, days_overdue=12, min_amount_due=1500.00}
2026-03-09 09:05:22 | Replacing placeholders in template
2026-03-09 09:05:22 | Replacing placeholder event_id with value d4e5f6a7-b8c9-0123-defa-234567890121
2026-03-09 09:05:22 | Replacing placeholder grace_date with value 2027-03-10
2026-03-09 09:05:22 | Replacing placeholder loan_ref with value LNRRF260001POCBK
2026-03-09 09:05:22 | Replacing placeholder loan_account_last4 with value 7890
2026-03-09 09:05:22 | Replacing placeholder customer_name with value Rishi Mendoza
2026-03-09 09:05:22 | Replacing placeholder days_overdue with value 12
2026-03-09 09:05:22 | Replacing placeholder min_amount_due with value 1500.00
2026-03-09 09:05:22 | Final Generated Template:
2026-03-09 09:05:22 | POCBank: Your loan on ****7890 is 12 day(s) past due. Pay Php 1500.00 by 2027-03-10 to avoid penalties. Ref: LNRRF260001POCBK. Help: https://www.pocbank.com/info/contact-us
2026-03-09 09:05:22 | Sending SMS to mobile number : 919600525114
2026-03-09 09:05:23 | SMS sending triggered
2026-03-09 09:05:23 | Processed alert stored in PROCESSED_ALERT_AUDIT table
2026-03-09 09:05:23 | TEMPLATE PROCESS COMPLETED
2026-03-09 09:05:23 | ------------------------------------------------
2026-03-09 09:05:23 | Generated SMS Message:
2026-03-09 09:05:23 | POCBank: Your loan on ****7890 is 12 day(s) past due. Pay Php 1500.00 by 2027-03-10 to avoid penalties. Ref: LNRRF260001POCBK. Help: https://www.pocbank.com/info/contact-us
