2026-03-09 00:00:03 [scheduling-1] INFO  c.p.a.scheduler.PayloadScheduler - =================================================
2026-03-09 00:00:03 [scheduling-1] INFO  c.p.a.scheduler.PayloadScheduler - Scheduler triggered : Checking DB for new payloads
2026-03-09 00:00:03 [scheduling-1] INFO  c.poc.alerts.service.PayloadService - ========= PAYLOAD PUBLISH JOB STARTED ==========
2026-03-09 00:00:03 [scheduling-1] INFO  c.poc.alerts.service.PayloadService - No payload found in DB
2026-03-09 00:00:03 [scheduling-1] INFO  c.poc.alerts.service.PayloadService - Waiting for payload insertion...
2026-03-09 00:00:03 [scheduling-1] INFO  c.p.a.scheduler.PayloadScheduler - Scheduler cycle completed
2026-03-09 00:00:03 [scheduling-1] INFO  c.p.a.scheduler.PayloadScheduler - =================================================
2026-03-09 00:00:13 [scheduling-1] INFO  c.p.a.scheduler.PayloadScheduler - =================================================
2026-03-09 00:00:13 [scheduling-1] INFO  c.p.a.scheduler.PayloadScheduler - Scheduler triggered : Checking DB for new payloads
2026-03-09 00:00:13 [scheduling-1] INFO  c.poc.alerts.service.PayloadService - ========= PAYLOAD PUBLISH JOB STARTED ==========
2026-03-09 00:00:13 [scheduling-1] INFO  c.poc.alerts.service.PayloadService - No payload found in DB
2026-03-09 00:00:13 [scheduling-1] INFO  c.poc.alerts.service.PayloadService - Waiting for payload insertion...
2026-03-09 00:00:13 [scheduling-1] INFO  c.p.a.scheduler.PayloadScheduler - Scheduler cycle completed
2026-03-09 00:00:13 [scheduling-1] INFO  c.p.a.scheduler.PayloadScheduler - =================================================
2026-03-09 00:00:23 [scheduling-1] INFO  c.p.a.scheduler.PayloadScheduler - =================================================
2026-03-09 00:00:23 [scheduling-1] INFO  c.p.a.scheduler.PayloadScheduler - Scheduler triggered : Checking DB for new payloads
2026-03-09 00:00:23 [scheduling-1] INFO  c.poc.alerts.service.PayloadService - ========= PAYLOAD PUBLISH JOB STARTED ==========
2026-03-09 00:00:23 [scheduling-1] INFO  c.poc.alerts.service.PayloadService - No payload found in DB
2026-03-09 00:00:23 [scheduling-1] INFO  c.poc.alerts.service.PayloadService - Waiting for payload insertion...
2026-03-09 00:00:23 [scheduling-1] INFO  c.p.a.scheduler.PayloadScheduler - Scheduler cycle completed
2026-03-09 00:00:23 [scheduling-1] INFO  c.p.a.scheduler.PayloadScheduler - =================================================
2026-03-09 00:00:33 [scheduling-1] INFO  c.p.a.scheduler.PayloadScheduler - =================================================
2026-03-09 00:00:33 [scheduling-1] INFO  c.p.a.scheduler.PayloadScheduler - Scheduler triggered : Checking DB for new payloads
2026-03-09 00:00:33 [scheduling-1] INFO  c.poc.alerts.service.PayloadService - ========= PAYLOAD PUBLISH JOB STARTED ==========
2026-03-09 00:00:33 [scheduling-1] INFO  c.poc.alerts.service.PayloadService - No payload found in DB
2026-03-09 00:00:33 [scheduling-1] INFO  c.poc.alerts.service.PayloadService - Waiting for payload insertion...
2026-03-09 00:00:33 [scheduling-1] INFO  c.p.a.scheduler.PayloadScheduler - Scheduler cycle completed
2026-03-09 00:00:33 [scheduling-1] INFO  c.p.a.scheduler.PayloadScheduler - =================================================
2026-03-09 00:00:43 [scheduling-1] INFO  c.p.a.scheduler.PayloadScheduler - =================================================
2026-03-09 00:00:43 [scheduling-1] INFO  c.p.a.scheduler.PayloadScheduler - Scheduler triggered : Checking DB for new payloads
2026-03-09 00:00:43 [scheduling-1] INFO  c.poc.alerts.service.PayloadService - ========= PAYLOAD PUBLISH JOB STARTED ==========
2026-03-09 00:00:43 [scheduling-1] INFO  c.poc.alerts.service.PayloadService - No payload found in DB
2026-03-09 00:00:43 [scheduling-1] INFO  c.poc.alerts.service.PayloadService - Waiting for payload insertion...
2026-03-09 00:00:43 [scheduling-1] INFO  c.p.a.scheduler.PayloadScheduler - Scheduler cycle completed
2026-03-09 00:00:43 [scheduling-1] INFO  c.p.a.scheduler.PayloadScheduler - =================================================
2026-03-09 00:00:53 [scheduling-1] INFO  c.p.a.scheduler.PayloadScheduler - =================================================
2026-03-09 00:00:53 [scheduling-1] INFO  c.p.a.scheduler.PayloadScheduler - Scheduler triggered : Checking DB for new payloads
2026-03-09 00:00:53 [scheduling-1] INFO  c.poc.alerts.service.PayloadService - ========= PAYLOAD PUBLISH JOB STARTED ==========
2026-03-09 00:00:53 [scheduling-1] INFO  c.poc.alerts.service.PayloadService - No payload found in DB
2026-03-09 00:00:53 [scheduling-1] INFO  c.poc.alerts.service.PayloadService - Waiting for payload insertion...
2026-03-09 00:00:53 [scheduling-1] INFO  c.p.a.scheduler.PayloadScheduler - Scheduler cycle completed
2026-03-09 00:00:53 [scheduling-1] INFO  c.p.a.scheduler.PayloadScheduler - =================================================
2026-03-09 00:01:03 [scheduling-1] INFO  c.p.a.scheduler.PayloadScheduler - =================================================
2026-03-09 00:01:03 [scheduling-1] INFO  c.p.a.scheduler.PayloadScheduler - Scheduler triggered : Checking DB for new payloads
2026-03-09 00:01:03 [scheduling-1] INFO  c.poc.alerts.service.PayloadService - ========= PAYLOAD PUBLISH JOB STARTED ==========
2026-03-09 00:01:03 [scheduling-1] INFO  c.poc.alerts.service.PayloadService - No payload found in DB
2026-03-09 00:01:03 [scheduling-1] INFO  c.poc.alerts.service.PayloadService - Waiting for payload insertion...
2026-03-09 00:01:03 [scheduling-1] INFO  c.p.a.scheduler.PayloadScheduler - Scheduler cycle completed
2026-03-09 00:01:03 [scheduling-1] INFO  c.p.a.scheduler.PayloadScheduler - =================================================
2026-03-09 00:01:13 [scheduling-1] INFO  c.p.a.scheduler.PayloadScheduler - =================================================
2026-03-09 00:01:13 [scheduling-1] INFO  c.p.a.scheduler.PayloadScheduler - Scheduler triggered : Checking DB for new payloads
2026-03-09 00:01:13 [scheduling-1] INFO  c.poc.alerts.service.PayloadService - ========= PAYLOAD PUBLISH JOB STARTED ==========
2026-03-09 00:01:13 [scheduling-1] INFO  c.poc.alerts.service.PayloadService - No payload found in DB
2026-03-09 00:01:13 [scheduling-1] INFO  c.poc.alerts.service.PayloadService - Waiting for payload insertion...
2026-03-09 00:01:13 [scheduling-1] INFO  c.p.a.scheduler.PayloadScheduler - Scheduler cycle completed
2026-03-09 00:01:13 [scheduling-1] INFO  c.p.a.scheduler.PayloadScheduler - =================================================
2026-03-09 00:01:23 [scheduling-1] INFO  c.p.a.scheduler.PayloadScheduler - =================================================
2026-03-09 00:01:23 [scheduling-1] INFO  c.p.a.scheduler.PayloadScheduler - Scheduler triggered : Checking DB for new payloads
2026-03-09 00:01:23 [scheduling-1] INFO  c.poc.alerts.service.PayloadService - ========= PAYLOAD PUBLISH JOB STARTED ==========
2026-03-09 00:01:23 [scheduling-1] INFO  c.poc.alerts.service.PayloadService - No payload found in DB
2026-03-09 00:01:23 [scheduling-1] INFO  c.poc.alerts.service.PayloadService - Waiting for payload insertion...
2026-03-09 00:01:23 [scheduling-1] INFO  c.p.a.scheduler.PayloadScheduler - Scheduler cycle completed
2026-03-09 00:01:23 [scheduling-1] INFO  c.p.a.scheduler.PayloadScheduler - =================================================
2026-03-09 00:01:33 [scheduling-1] INFO  c.p.a.scheduler.PayloadScheduler - =================================================
2026-03-09 00:01:33 [scheduling-1] INFO  c.p.a.scheduler.PayloadScheduler - Scheduler triggered : Checking DB for new payloads
2026-03-09 00:01:33 [scheduling-1] INFO  c.poc.alerts.service.PayloadService - ========= PAYLOAD PUBLISH JOB STARTED ==========
2026-03-09 00:01:33 [scheduling-1] INFO  c.poc.alerts.service.PayloadService - No payload found in DB
2026-03-09 00:01:33 [scheduling-1] INFO  c.poc.alerts.service.PayloadService - Waiting for payload insertion...
2026-03-09 00:01:33 [scheduling-1] INFO  c.p.a.scheduler.PayloadScheduler - Scheduler cycle completed
2026-03-09 00:01:33 [scheduling-1] INFO  c.p.a.scheduler.PayloadScheduler - =================================================
2026-03-09 00:01:43 [scheduling-1] INFO  c.p.a.scheduler.PayloadScheduler - =================================================
2026-03-09 00:01:43 [scheduling-1] INFO  c.p.a.scheduler.PayloadScheduler - Scheduler triggered : Checking DB for new payloads
2026-03-09 00:01:43 [scheduling-1] INFO  c.poc.alerts.service.PayloadService - ========= PAYLOAD PUBLISH JOB STARTED ==========
2026-03-09 00:01:43 [scheduling-1] INFO  c.poc.alerts.service.PayloadService - No payload found in DB
2026-03-09 00:01:43 [scheduling-1] INFO  c.poc.alerts.service.PayloadService - Waiting for payload insertion...
2026-03-09 00:01:43 [scheduling-1] INFO  c.p.a.scheduler.PayloadScheduler - Scheduler cycle completed
2026-03-09 00:01:43 [scheduling-1] INFO  c.p.a.scheduler.PayloadScheduler - =================================================
2026-03-09 00:01:53 [scheduling-1] INFO  c.p.a.scheduler.PayloadScheduler - =================================================
2026-03-09 00:01:53 [scheduling-1] INFO  c.p.a.scheduler.PayloadScheduler - Scheduler triggered : Checking DB for new payloads
2026-03-09 00:01:53 [scheduling-1] INFO  c.poc.alerts.service.PayloadService - ========= PAYLOAD PUBLISH JOB STARTED ==========
2026-03-09 00:01:53 [scheduling-1] INFO  c.poc.alerts.service.PayloadService - No payload found in DB
2026-03-09 00:01:53 [scheduling-1] INFO  c.poc.alerts.service.PayloadService - Waiting for payload insertion...
2026-03-09 00:01:53 [scheduling-1] INFO  c.p.a.scheduler.PayloadScheduler - Scheduler cycle completed
2026-03-09 00:01:53 [scheduling-1] INFO  c.p.a.scheduler.PayloadScheduler - =================================================
2026-03-09 00:02:03 [scheduling-1] INFO  c.p.a.scheduler.PayloadScheduler - =================================================
2026-03-09 00:02:03 [scheduling-1] INFO  c.p.a.scheduler.PayloadScheduler - Scheduler triggered : Checking DB for new payloads
2026-03-09 00:02:03 [scheduling-1] INFO  c.poc.alerts.service.PayloadService - ========= PAYLOAD PUBLISH JOB STARTED ==========
2026-03-09 00:02:03 [scheduling-1] INFO  c.poc.alerts.service.PayloadService - No payload found in DB
2026-03-09 00:02:03 [scheduling-1] INFO  c.poc.alerts.service.PayloadService - Waiting for payload insertion...
2026-03-09 00:02:03 [scheduling-1] INFO  c.p.a.scheduler.PayloadScheduler - Scheduler cycle completed
2026-03-09 00:02:03 [scheduling-1] INFO  c.p.a.scheduler.PayloadScheduler - =================================================
2026-03-09 00:02:13 [scheduling-1] INFO  c.p.a.scheduler.PayloadScheduler - =================================================
2026-03-09 00:02:13 [scheduling-1] INFO  c.p.a.scheduler.PayloadScheduler - Scheduler triggered : Checking DB for new payloads
2026-03-09 00:02:13 [scheduling-1] INFO  c.poc.alerts.service.PayloadService - ========= PAYLOAD PUBLISH JOB STARTED ==========
2026-03-09 00:02:13 [scheduling-1] INFO  c.poc.alerts.service.PayloadService - No payload found in DB
2026-03-09 00:02:13 [scheduling-1] INFO  c.poc.alerts.service.PayloadService - Waiting for payload insertion...
2026-03-09 00:02:13 [scheduling-1] INFO  c.p.a.scheduler.PayloadScheduler - Scheduler cycle completed
2026-03-09 00:02:13 [scheduling-1] INFO  c.p.a.scheduler.PayloadScheduler - =================================================
2026-03-09 00:02:23 [scheduling-1] INFO  c.p.a.scheduler.PayloadScheduler - =================================================
2026-03-09 00:02:23 [scheduling-1] INFO  c.p.a.scheduler.PayloadScheduler - Scheduler triggered : Checking DB for new payloads
2026-03-09 00:02:23 [scheduling-1] INFO  c.poc.alerts.service.PayloadService - ========= PAYLOAD PUBLISH JOB STARTED ==========
2026-03-09 00:02:23 [scheduling-1] INFO  c.poc.alerts.service.PayloadService - No payload found in DB
2026-03-09 00:02:23 [scheduling-1] INFO  c.poc.alerts.service.PayloadService - Waiting for payload insertion...
2026-03-09 00:02:23 [scheduling-1] INFO  c.p.a.scheduler.PayloadScheduler - Scheduler cycle completed
2026-03-09 00:02:23 [scheduling-1] INFO  c.p.a.scheduler.PayloadScheduler - =================================================
2026-03-09 00:02:33 [scheduling-1] INFO  c.p.a.scheduler.PayloadScheduler - =================================================
2026-03-09 00:02:33 [scheduling-1] INFO  c.p.a.scheduler.PayloadScheduler - Scheduler triggered : Checking DB for new payloads
2026-03-09 00:02:33 [scheduling-1] INFO  c.poc.alerts.service.PayloadService - ========= PAYLOAD PUBLISH JOB STARTED ==========
2026-03-09 00:02:33 [scheduling-1] INFO  c.poc.alerts.service.PayloadService - No payload found in DB
2026-03-09 00:02:33 [scheduling-1] INFO  c.poc.alerts.service.PayloadService - Waiting for payload insertion...
2026-03-09 00:02:33 [scheduling-1] INFO  c.p.a.scheduler.PayloadScheduler - Scheduler cycle completed
2026-03-09 00:02:33 [scheduling-1] INFO  c.p.a.scheduler.PayloadScheduler - =================================================
2026-03-09 00:02:43 [scheduling-1] INFO  c.p.a.scheduler.PayloadScheduler - =================================================
2026-03-09 00:02:43 [scheduling-1] INFO  c.p.a.scheduler.PayloadScheduler - Scheduler triggered : Checking DB for new payloads
2026-03-09 00:02:43 [scheduling-1] INFO  c.poc.alerts.service.PayloadService - ========= PAYLOAD PUBLISH JOB STARTED ==========
2026-03-09 00:02:43 [scheduling-1] INFO  c.poc.alerts.service.PayloadService - Total payload records fetched from DB : 1
2026-03-09 00:02:43 [scheduling-1] INFO  c.poc.alerts.service.PayloadService - -----------------------------------------------
2026-03-09 00:02:43 [scheduling-1] INFO  c.poc.alerts.service.PayloadService - Processing payload id : 20
2026-03-09 00:02:43 [scheduling-1] INFO  c.poc.alerts.service.PayloadService - Payload Type : LOAN_DISBURSEMENT_SUCCESSFUL
2026-03-09 00:02:43 [scheduling-1] INFO  c.p.a.service.KafkaProducerService - Producing message to topic notifications.events
2026-03-09 00:02:43 [scheduling-1] INFO  c.poc.alerts.service.PayloadService - Payload id 20 marked as PUBLISHED
2026-03-09 00:02:43 [scheduling-1] INFO  c.poc.alerts.service.PayloadService - ========= PAYLOAD PUBLISH JOB COMPLETED ==========
2026-03-09 00:02:43 [scheduling-1] INFO  c.p.a.scheduler.PayloadScheduler - Scheduler cycle completed
2026-03-09 00:02:43 [scheduling-1] INFO  c.p.a.scheduler.PayloadScheduler - =================================================
2026-03-09 00:02:43 [kafka-producer-network-thread | Producer_Setup-producer-1] INFO  c.p.a.service.KafkaProducerService - Message successfully published to topic notifications.events
2026-03-09 00:02:53 [scheduling-1] INFO  c.p.a.scheduler.PayloadScheduler - =================================================
2026-03-09 00:02:53 [scheduling-1] INFO  c.p.a.scheduler.PayloadScheduler - Scheduler triggered : Checking DB for new payloads
2026-03-09 00:02:53 [scheduling-1] INFO  c.poc.alerts.service.PayloadService - ========= PAYLOAD PUBLISH JOB STARTED ==========
2026-03-09 00:02:53 [scheduling-1] INFO  c.poc.alerts.service.PayloadService - No payload found in DB
2026-03-09 00:02:53 [scheduling-1] INFO  c.poc.alerts.service.PayloadService - Waiting for payload insertion...
2026-03-09 00:02:53 [scheduling-1] INFO  c.p.a.scheduler.PayloadScheduler - Scheduler cycle completed
2026-03-09 00:02:53 [scheduling-1] INFO  c.p.a.scheduler.PayloadScheduler - =================================================
2026-03-09 00:03:03 [scheduling-1] INFO  c.p.a.scheduler.PayloadScheduler - =================================================
2026-03-09 00:03:03 [scheduling-1] INFO  c.p.a.scheduler.PayloadScheduler - Scheduler triggered : Checking DB for new payloads
2026-03-09 00:03:03 [scheduling-1] INFO  c.poc.alerts.service.PayloadService - ========= PAYLOAD PUBLISH JOB STARTED ==========
2026-03-09 00:03:03 [scheduling-1] INFO  c.poc.alerts.service.PayloadService - No payload found in DB
2026-03-09 00:03:03 [scheduling-1] INFO  c.poc.alerts.service.PayloadService - Waiting for payload insertion...
2026-03-09 00:03:03 [scheduling-1] INFO  c.p.a.scheduler.PayloadScheduler - Scheduler cycle completed
2026-03-09 00:03:03 [scheduling-1] INFO  c.p.a.scheduler.PayloadScheduler - =================================================
2026-03-09 00:03:13 [scheduling-1] INFO  c.p.a.scheduler.PayloadScheduler - =================================================
2026-03-09 00:03:13 [scheduling-1] INFO  c.p.a.scheduler.PayloadScheduler - Scheduler triggered : Checking DB for new payloads
2026-03-09 00:03:13 [scheduling-1] INFO  c.poc.alerts.service.PayloadService - ========= PAYLOAD PUBLISH JOB STARTED ==========
2026-03-09 00:03:13 [scheduling-1] INFO  c.poc.alerts.service.PayloadService - Total payload records fetched from DB : 1
2026-03-09 00:03:13 [scheduling-1] INFO  c.poc.alerts.service.PayloadService - -----------------------------------------------
2026-03-09 00:03:13 [scheduling-1] INFO  c.poc.alerts.service.PayloadService - Processing payload id : 21
2026-03-09 00:03:13 [scheduling-1] INFO  c.poc.alerts.service.PayloadService - Payload Type : LOAN_DISBURSEMENT_SUCCESSFUL
2026-03-09 00:03:13 [scheduling-1] INFO  c.p.a.service.KafkaProducerService - Producing message to topic notifications.events
2026-03-09 00:03:13 [scheduling-1] INFO  c.poc.alerts.service.PayloadService - Payload id 21 marked as PUBLISHED
2026-03-09 00:03:13 [scheduling-1] INFO  c.poc.alerts.service.PayloadService - ========= PAYLOAD PUBLISH JOB COMPLETED ==========
2026-03-09 00:03:13 [scheduling-1] INFO  c.p.a.scheduler.PayloadScheduler - Scheduler cycle completed
2026-03-09 00:03:13 [scheduling-1] INFO  c.p.a.scheduler.PayloadScheduler - =================================================
2026-03-09 00:03:13 [kafka-producer-network-thread | Producer_Setup-producer-1] INFO  c.p.a.service.KafkaProducerService - Message successfully published to topic notifications.events
2026-03-09 00:03:23 [scheduling-1] INFO  c.p.a.scheduler.PayloadScheduler - =================================================
2026-03-09 00:03:23 [scheduling-1] INFO  c.p.a.scheduler.PayloadScheduler - Scheduler triggered : Checking DB for new payloads
2026-03-09 00:03:23 [scheduling-1] INFO  c.poc.alerts.service.PayloadService - ========= PAYLOAD PUBLISH JOB STARTED ==========
2026-03-09 00:03:23 [scheduling-1] INFO  c.poc.alerts.service.PayloadService - No payload found in DB
2026-03-09 00:03:23 [scheduling-1] INFO  c.poc.alerts.service.PayloadService - Waiting for payload insertion...
2026-03-09 00:03:23 [scheduling-1] INFO  c.p.a.scheduler.PayloadScheduler - Scheduler cycle completed
2026-03-09 00:03:23 [scheduling-1] INFO  c.p.a.scheduler.PayloadScheduler - =================================================
2026-03-09 00:03:33 [scheduling-1] INFO  c.p.a.scheduler.PayloadScheduler - =================================================
2026-03-09 00:03:33 [scheduling-1] INFO  c.p.a.scheduler.PayloadScheduler - Scheduler triggered : Checking DB for new payloads
2026-03-09 00:03:33 [scheduling-1] INFO  c.poc.alerts.service.PayloadService - ========= PAYLOAD PUBLISH JOB STARTED ==========
2026-03-09 00:03:33 [scheduling-1] INFO  c.poc.alerts.service.PayloadService - No payload found in DB
2026-03-09 00:03:33 [scheduling-1] INFO  c.poc.alerts.service.PayloadService - Waiting for payload insertion...
2026-03-09 00:03:33 [scheduling-1] INFO  c.p.a.scheduler.PayloadScheduler - Scheduler cycle completed
2026-03-09 00:03:33 [scheduling-1] INFO  c.p.a.scheduler.PayloadScheduler - =================================================
2026-03-09 00:03:43 [scheduling-1] INFO  c.p.a.scheduler.PayloadScheduler - =================================================
2026-03-09 00:03:43 [scheduling-1] INFO  c.p.a.scheduler.PayloadScheduler - Scheduler triggered : Checking DB for new payloads
2026-03-09 00:03:43 [scheduling-1] INFO  c.poc.alerts.service.PayloadService - ========= PAYLOAD PUBLISH JOB STARTED ==========
2026-03-09 00:03:43 [scheduling-1] INFO  c.poc.alerts.service.PayloadService - No payload found in DB
2026-03-09 00:03:43 [scheduling-1] INFO  c.poc.alerts.service.PayloadService - Waiting for payload insertion...
2026-03-09 00:03:43 [scheduling-1] INFO  c.p.a.scheduler.PayloadScheduler - Scheduler cycle completed
2026-03-09 00:03:43 [scheduling-1] INFO  c.p.a.scheduler.PayloadScheduler - =================================================
2026-03-09 00:03:53 [scheduling-1] INFO  c.p.a.scheduler.PayloadScheduler - =================================================
2026-03-09 00:03:53 [scheduling-1] INFO  c.p.a.scheduler.PayloadScheduler - Scheduler triggered : Checking DB for new payloads
2026-03-09 00:03:53 [scheduling-1] INFO  c.poc.alerts.service.PayloadService - ========= PAYLOAD PUBLISH JOB STARTED ==========
2026-03-09 00:03:53 [scheduling-1] INFO  c.poc.alerts.service.PayloadService - No payload found in DB
2026-03-09 00:03:53 [scheduling-1] INFO  c.poc.alerts.service.PayloadService - Waiting for payload insertion...
2026-03-09 00:03:53 [scheduling-1] INFO  c.p.a.scheduler.PayloadScheduler - Scheduler cycle completed
2026-03-09 00:03:53 [scheduling-1] INFO  c.p.a.scheduler.PayloadScheduler - =================================================
2026-03-09 00:04:03 [scheduling-1] INFO  c.p.a.scheduler.PayloadScheduler - =================================================
2026-03-09 00:04:03 [scheduling-1] INFO  c.p.a.scheduler.PayloadScheduler - Scheduler triggered : Checking DB for new payloads
2026-03-09 00:04:03 [scheduling-1] INFO  c.poc.alerts.service.PayloadService - ========= PAYLOAD PUBLISH JOB STARTED ==========
2026-03-09 00:04:03 [scheduling-1] INFO  c.poc.alerts.service.PayloadService - No payload found in DB
2026-03-09 00:04:03 [scheduling-1] INFO  c.poc.alerts.service.PayloadService - Waiting for payload insertion...
2026-03-09 00:04:03 [scheduling-1] INFO  c.p.a.scheduler.PayloadScheduler - Scheduler cycle completed
2026-03-09 00:04:03 [scheduling-1] INFO  c.p.a.scheduler.PayloadScheduler - =================================================
2026-03-09 00:04:13 [scheduling-1] INFO  c.p.a.scheduler.PayloadScheduler - =================================================
2026-03-09 00:04:13 [scheduling-1] INFO  c.p.a.scheduler.PayloadScheduler - Scheduler triggered : Checking DB for new payloads
2026-03-09 00:04:13 [scheduling-1] INFO  c.poc.alerts.service.PayloadService - ========= PAYLOAD PUBLISH JOB STARTED ==========
2026-03-09 00:04:13 [scheduling-1] INFO  c.poc.alerts.service.PayloadService - No payload found in DB
2026-03-09 00:04:13 [scheduling-1] INFO  c.poc.alerts.service.PayloadService - Waiting for payload insertion...
2026-03-09 00:04:13 [scheduling-1] INFO  c.p.a.scheduler.PayloadScheduler - Scheduler cycle completed
2026-03-09 00:04:13 [scheduling-1] INFO  c.p.a.scheduler.PayloadScheduler - =================================================
2026-03-09 00:04:23 [scheduling-1] INFO  c.p.a.scheduler.PayloadScheduler - =================================================
2026-03-09 00:04:23 [scheduling-1] INFO  c.p.a.scheduler.PayloadScheduler - Scheduler triggered : Checking DB for new payloads
2026-03-09 00:04:23 [scheduling-1] INFO  c.poc.alerts.service.PayloadService - ========= PAYLOAD PUBLISH JOB STARTED ==========
2026-03-09 00:04:23 [scheduling-1] INFO  c.poc.alerts.service.PayloadService - Total payload records fetched from DB : 1
2026-03-09 00:04:23 [scheduling-1] INFO  c.poc.alerts.service.PayloadService - -----------------------------------------------
2026-03-09 00:04:23 [scheduling-1] INFO  c.poc.alerts.service.PayloadService - Processing payload id : 22
2026-03-09 00:04:23 [scheduling-1] INFO  c.poc.alerts.service.PayloadService - Payload Type : ACCOUNT_CREATED
2026-03-09 00:04:23 [scheduling-1] INFO  c.p.a.service.KafkaProducerService - Producing message to topic notifications.events
2026-03-09 00:04:23 [scheduling-1] INFO  c.poc.alerts.service.PayloadService - Payload id 22 marked as PUBLISHED
2026-03-09 00:04:23 [scheduling-1] INFO  c.poc.alerts.service.PayloadService - ========= PAYLOAD PUBLISH JOB COMPLETED ==========
2026-03-09 00:04:23 [scheduling-1] INFO  c.p.a.scheduler.PayloadScheduler - Scheduler cycle completed
2026-03-09 00:04:23 [scheduling-1] INFO  c.p.a.scheduler.PayloadScheduler - =================================================
2026-03-09 00:04:23 [kafka-producer-network-thread | Producer_Setup-producer-1] INFO  c.p.a.service.KafkaProducerService - Message successfully published to topic notifications.events
2026-03-09 00:04:33 [scheduling-1] INFO  c.p.a.scheduler.PayloadScheduler - =================================================
2026-03-09 00:04:33 [scheduling-1] INFO  c.p.a.scheduler.PayloadScheduler - Scheduler triggered : Checking DB for new payloads
2026-03-09 00:04:33 [scheduling-1] INFO  c.poc.alerts.service.PayloadService - ========= PAYLOAD PUBLISH JOB STARTED ==========
2026-03-09 00:04:33 [scheduling-1] INFO  c.poc.alerts.service.PayloadService - No payload found in DB
2026-03-09 00:04:33 [scheduling-1] INFO  c.poc.alerts.service.PayloadService - Waiting for payload insertion...
2026-03-09 00:04:33 [scheduling-1] INFO  c.p.a.scheduler.PayloadScheduler - Scheduler cycle completed
2026-03-09 00:04:33 [scheduling-1] INFO  c.p.a.scheduler.PayloadScheduler - =================================================
2026-03-09 00:04:43 [scheduling-1] INFO  c.p.a.scheduler.PayloadScheduler - =================================================
2026-03-09 00:04:43 [scheduling-1] INFO  c.p.a.scheduler.PayloadScheduler - Scheduler triggered : Checking DB for new payloads
2026-03-09 00:04:43 [scheduling-1] INFO  c.poc.alerts.service.PayloadService - ========= PAYLOAD PUBLISH JOB STARTED ==========
2026-03-09 00:04:43 [scheduling-1] INFO  c.poc.alerts.service.PayloadService - No payload found in DB
2026-03-09 00:04:43 [scheduling-1] INFO  c.poc.alerts.service.PayloadService - Waiting for payload insertion...
2026-03-09 00:04:43 [scheduling-1] INFO  c.p.a.scheduler.PayloadScheduler - Scheduler cycle completed
2026-03-09 00:04:43 [scheduling-1] INFO  c.p.a.scheduler.PayloadScheduler - =================================================
2026-03-09 00:04:53 [scheduling-1] INFO  c.p.a.scheduler.PayloadScheduler - =================================================
2026-03-09 00:04:53 [scheduling-1] INFO  c.p.a.scheduler.PayloadScheduler - Scheduler triggered : Checking DB for new payloads
2026-03-09 00:04:53 [scheduling-1] INFO  c.poc.alerts.service.PayloadService - ========= PAYLOAD PUBLISH JOB STARTED ==========
2026-03-09 00:04:53 [scheduling-1] INFO  c.poc.alerts.service.PayloadService - No payload found in DB
2026-03-09 00:04:53 [scheduling-1] INFO  c.poc.alerts.service.PayloadService - Waiting for payload insertion...
2026-03-09 00:04:53 [scheduling-1] INFO  c.p.a.scheduler.PayloadScheduler - Scheduler cycle completed
2026-03-09 00:04:53 [scheduling-1] INFO  c.p.a.scheduler.PayloadScheduler - =================================================
2026-03-09 00:05:03 [scheduling-1] INFO  c.p.a.scheduler.PayloadScheduler - =================================================
2026-03-09 00:05:03 [scheduling-1] INFO  c.p.a.scheduler.PayloadScheduler - Scheduler triggered : Checking DB for new payloads
2026-03-09 00:05:03 [scheduling-1] INFO  c.poc.alerts.service.PayloadService - ========= PAYLOAD PUBLISH JOB STARTED ==========
2026-03-09 00:05:03 [scheduling-1] INFO  c.poc.alerts.service.PayloadService - No payload found in DB
2026-03-09 00:05:03 [scheduling-1] INFO  c.poc.alerts.service.PayloadService - Waiting for payload insertion...
2026-03-09 00:05:03 [scheduling-1] INFO  c.p.a.scheduler.PayloadScheduler - Scheduler cycle completed
2026-03-09 00:05:03 [scheduling-1] INFO  c.p.a.scheduler.PayloadScheduler - =================================================
2026-03-09 00:05:13 [scheduling-1] INFO  c.p.a.scheduler.PayloadScheduler - =================================================
2026-03-09 00:05:13 [scheduling-1] INFO  c.p.a.scheduler.PayloadScheduler - Scheduler triggered : Checking DB for new payloads
2026-03-09 00:05:13 [scheduling-1] INFO  c.poc.alerts.service.PayloadService - ========= PAYLOAD PUBLISH JOB STARTED ==========
2026-03-09 00:05:13 [scheduling-1] INFO  c.poc.alerts.service.PayloadService - No payload found in DB
2026-03-09 00:05:13 [scheduling-1] INFO  c.poc.alerts.service.PayloadService - Waiting for payload insertion...
2026-03-09 00:05:13 [scheduling-1] INFO  c.p.a.scheduler.PayloadScheduler - Scheduler cycle completed
2026-03-09 00:05:13 [scheduling-1] INFO  c.p.a.scheduler.PayloadScheduler - =================================================
2026-03-09 00:05:23 [scheduling-1] INFO  c.p.a.scheduler.PayloadScheduler - =================================================
2026-03-09 00:05:23 [scheduling-1] INFO  c.p.a.scheduler.PayloadScheduler - Scheduler triggered : Checking DB for new payloads
2026-03-09 00:05:23 [scheduling-1] INFO  c.poc.alerts.service.PayloadService - ========= PAYLOAD PUBLISH JOB STARTED ==========
2026-03-09 00:05:23 [scheduling-1] INFO  c.poc.alerts.service.PayloadService - No payload found in DB
2026-03-09 00:05:23 [scheduling-1] INFO  c.poc.alerts.service.PayloadService - Waiting for payload insertion...
2026-03-09 00:05:23 [scheduling-1] INFO  c.p.a.scheduler.PayloadScheduler - Scheduler cycle completed
2026-03-09 00:05:23 [scheduling-1] INFO  c.p.a.scheduler.PayloadScheduler - =================================================
2026-03-09 00:05:33 [scheduling-1] INFO  c.p.a.scheduler.PayloadScheduler - =================================================
2026-03-09 00:05:33 [scheduling-1] INFO  c.p.a.scheduler.PayloadScheduler - Scheduler triggered : Checking DB for new payloads
2026-03-09 00:05:33 [scheduling-1] INFO  c.poc.alerts.service.PayloadService - ========= PAYLOAD PUBLISH JOB STARTED ==========
2026-03-09 00:05:33 [scheduling-1] INFO  c.poc.alerts.service.PayloadService - No payload found in DB
2026-03-09 00:05:33 [scheduling-1] INFO  c.poc.alerts.service.PayloadService - Waiting for payload insertion...
2026-03-09 00:05:33 [scheduling-1] INFO  c.p.a.scheduler.PayloadScheduler - Scheduler cycle completed
2026-03-09 00:05:33 [scheduling-1] INFO  c.p.a.scheduler.PayloadScheduler - =================================================
2026-03-09 00:05:43 [scheduling-1] INFO  c.p.a.scheduler.PayloadScheduler - =================================================
2026-03-09 00:05:43 [scheduling-1] INFO  c.p.a.scheduler.PayloadScheduler - Scheduler triggered : Checking DB for new payloads
2026-03-09 00:05:43 [scheduling-1] INFO  c.poc.alerts.service.PayloadService - ========= PAYLOAD PUBLISH JOB STARTED ==========
2026-03-09 00:05:43 [scheduling-1] INFO  c.poc.alerts.service.PayloadService - No payload found in DB
2026-03-09 00:05:43 [scheduling-1] INFO  c.poc.alerts.service.PayloadService - Waiting for payload insertion...
2026-03-09 00:05:43 [scheduling-1] INFO  c.p.a.scheduler.PayloadScheduler - Scheduler cycle completed
2026-03-09 00:05:43 [scheduling-1] INFO  c.p.a.scheduler.PayloadScheduler - =================================================
2026-03-09 00:05:53 [scheduling-1] INFO  c.p.a.scheduler.PayloadScheduler - =================================================
2026-03-09 00:05:53 [scheduling-1] INFO  c.p.a.scheduler.PayloadScheduler - Scheduler triggered : Checking DB for new payloads
2026-03-09 00:05:53 [scheduling-1] INFO  c.poc.alerts.service.PayloadService - ========= PAYLOAD PUBLISH JOB STARTED ==========
2026-03-09 00:05:53 [scheduling-1] INFO  c.poc.alerts.service.PayloadService - No payload found in DB
2026-03-09 00:05:53 [scheduling-1] INFO  c.poc.alerts.service.PayloadService - Waiting for payload insertion...
2026-03-09 00:05:53 [scheduling-1] INFO  c.p.a.scheduler.PayloadScheduler - Scheduler cycle completed
2026-03-09 00:05:53 [scheduling-1] INFO  c.p.a.scheduler.PayloadScheduler - =================================================
2026-03-09 00:06:03 [scheduling-1] INFO  c.p.a.scheduler.PayloadScheduler - =================================================
2026-03-09 00:06:03 [scheduling-1] INFO  c.p.a.scheduler.PayloadScheduler - Scheduler triggered : Checking DB for new payloads
2026-03-09 00:06:03 [scheduling-1] INFO  c.poc.alerts.service.PayloadService - ========= PAYLOAD PUBLISH JOB STARTED ==========
2026-03-09 00:06:03 [scheduling-1] INFO  c.poc.alerts.service.PayloadService - No payload found in DB
2026-03-09 00:06:03 [scheduling-1] INFO  c.poc.alerts.service.PayloadService - Waiting for payload insertion...
2026-03-09 00:06:03 [scheduling-1] INFO  c.p.a.scheduler.PayloadScheduler - Scheduler cycle completed
2026-03-09 00:06:03 [scheduling-1] INFO  c.p.a.scheduler.PayloadScheduler - =================================================
2026-03-09 00:06:13 [scheduling-1] INFO  c.p.a.scheduler.PayloadScheduler - =================================================
2026-03-09 00:06:13 [scheduling-1] INFO  c.p.a.scheduler.PayloadScheduler - Scheduler triggered : Checking DB for new payloads
2026-03-09 00:06:13 [scheduling-1] INFO  c.poc.alerts.service.PayloadService - ========= PAYLOAD PUBLISH JOB STARTED ==========
2026-03-09 00:06:13 [scheduling-1] INFO  c.poc.alerts.service.PayloadService - No payload found in DB
2026-03-09 00:06:13 [scheduling-1] INFO  c.poc.alerts.service.PayloadService - Waiting for payload insertion...
2026-03-09 00:06:13 [scheduling-1] INFO  c.p.a.scheduler.PayloadScheduler - Scheduler cycle completed
2026-03-09 00:06:13 [scheduling-1] INFO  c.p.a.scheduler.PayloadScheduler - =================================================
2026-03-09 00:06:23 [scheduling-1] INFO  c.p.a.scheduler.PayloadScheduler - =================================================
2026-03-09 00:06:23 [scheduling-1] INFO  c.p.a.scheduler.PayloadScheduler - Scheduler triggered : Checking DB for new payloads
2026-03-09 00:06:23 [scheduling-1] INFO  c.poc.alerts.service.PayloadService - ========= PAYLOAD PUBLISH JOB STARTED ==========
2026-03-09 00:06:23 [scheduling-1] INFO  c.poc.alerts.service.PayloadService - No payload found in DB
2026-03-09 00:06:23 [scheduling-1] INFO  c.poc.alerts.service.PayloadService - Waiting for payload insertion...
2026-03-09 00:06:23 [scheduling-1] INFO  c.p.a.scheduler.PayloadScheduler - Scheduler cycle completed
2026-03-09 00:06:23 [scheduling-1] INFO  c.p.a.scheduler.PayloadScheduler - =================================================
2026-03-09 00:06:33 [scheduling-1] INFO  c.p.a.scheduler.PayloadScheduler - =================================================
2026-03-09 00:06:33 [scheduling-1] INFO  c.p.a.scheduler.PayloadScheduler - Scheduler triggered : Checking DB for new payloads
2026-03-09 00:06:33 [scheduling-1] INFO  c.poc.alerts.service.PayloadService - ========= PAYLOAD PUBLISH JOB STARTED ==========
2026-03-09 00:06:33 [scheduling-1] INFO  c.poc.alerts.service.PayloadService - No payload found in DB
2026-03-09 00:06:33 [scheduling-1] INFO  c.poc.alerts.service.PayloadService - Waiting for payload insertion...
2026-03-09 00:06:33 [scheduling-1] INFO  c.p.a.scheduler.PayloadScheduler - Scheduler cycle completed
2026-03-09 00:06:33 [scheduling-1] INFO  c.p.a.scheduler.PayloadScheduler - =================================================
2026-03-09 00:06:43 [scheduling-1] INFO  c.p.a.scheduler.PayloadScheduler - =================================================
2026-03-09 00:06:43 [scheduling-1] INFO  c.p.a.scheduler.PayloadScheduler - Scheduler triggered : Checking DB for new payloads
2026-03-09 00:06:43 [scheduling-1] INFO  c.poc.alerts.service.PayloadService - ========= PAYLOAD PUBLISH JOB STARTED ==========
2026-03-09 00:06:43 [scheduling-1] INFO  c.poc.alerts.service.PayloadService - No payload found in DB
2026-03-09 00:06:43 [scheduling-1] INFO  c.poc.alerts.service.PayloadService - Waiting for payload insertion...
2026-03-09 00:06:43 [scheduling-1] INFO  c.p.a.scheduler.PayloadScheduler - Scheduler cycle completed
2026-03-09 00:06:43 [scheduling-1] INFO  c.p.a.scheduler.PayloadScheduler - =================================================
2026-03-09 00:06:53 [scheduling-1] INFO  c.p.a.scheduler.PayloadScheduler - =================================================
2026-03-09 00:06:53 [scheduling-1] INFO  c.p.a.scheduler.PayloadScheduler - Scheduler triggered : Checking DB for new payloads
2026-03-09 00:06:53 [scheduling-1] INFO  c.poc.alerts.service.PayloadService - ========= PAYLOAD PUBLISH JOB STARTED ==========
2026-03-09 00:06:53 [scheduling-1] INFO  c.poc.alerts.service.PayloadService - No payload found in DB
2026-03-09 00:06:53 [scheduling-1] INFO  c.poc.alerts.service.PayloadService - Waiting for payload insertion...
2026-03-09 00:06:53 [scheduling-1] INFO  c.p.a.scheduler.PayloadScheduler - Scheduler cycle completed
2026-03-09 00:06:53 [scheduling-1] INFO  c.p.a.scheduler.PayloadScheduler - =================================================
2026-03-09 00:07:03 [scheduling-1] INFO  c.p.a.scheduler.PayloadScheduler - =================================================
2026-03-09 00:07:03 [scheduling-1] INFO  c.p.a.scheduler.PayloadScheduler - Scheduler triggered : Checking DB for new payloads
2026-03-09 00:07:03 [scheduling-1] INFO  c.poc.alerts.service.PayloadService - ========= PAYLOAD PUBLISH JOB STARTED ==========
2026-03-09 00:07:03 [scheduling-1] INFO  c.poc.alerts.service.PayloadService - No payload found in DB
2026-03-09 00:07:03 [scheduling-1] INFO  c.poc.alerts.service.PayloadService - Waiting for payload insertion...
2026-03-09 00:07:03 [scheduling-1] INFO  c.p.a.scheduler.PayloadScheduler - Scheduler cycle completed
2026-03-09 00:07:03 [scheduling-1] INFO  c.p.a.scheduler.PayloadScheduler - =================================================
2026-03-09 00:07:13 [scheduling-1] INFO  c.p.a.scheduler.PayloadScheduler - =================================================
2026-03-09 00:07:13 [scheduling-1] INFO  c.p.a.scheduler.PayloadScheduler - Scheduler triggered : Checking DB for new payloads
2026-03-09 00:07:13 [scheduling-1] INFO  c.poc.alerts.service.PayloadService - ========= PAYLOAD PUBLISH JOB STARTED ==========
2026-03-09 00:07:13 [scheduling-1] INFO  c.poc.alerts.service.PayloadService - No payload found in DB
2026-03-09 00:07:13 [scheduling-1] INFO  c.poc.alerts.service.PayloadService - Waiting for payload insertion...
2026-03-09 00:07:13 [scheduling-1] INFO  c.p.a.scheduler.PayloadScheduler - Scheduler cycle completed
2026-03-09 00:07:13 [scheduling-1] INFO  c.p.a.scheduler.PayloadScheduler - =================================================
2026-03-09 00:07:23 [scheduling-1] INFO  c.p.a.scheduler.PayloadScheduler - =================================================
2026-03-09 00:07:23 [scheduling-1] INFO  c.p.a.scheduler.PayloadScheduler - Scheduler triggered : Checking DB for new payloads
2026-03-09 00:07:23 [scheduling-1] INFO  c.poc.alerts.service.PayloadService - ========= PAYLOAD PUBLISH JOB STARTED ==========
2026-03-09 00:07:23 [scheduling-1] INFO  c.poc.alerts.service.PayloadService - No payload found in DB
2026-03-09 00:07:23 [scheduling-1] INFO  c.poc.alerts.service.PayloadService - Waiting for payload insertion...
2026-03-09 00:07:23 [scheduling-1] INFO  c.p.a.scheduler.PayloadScheduler - Scheduler cycle completed
2026-03-09 00:07:23 [scheduling-1] INFO  c.p.a.scheduler.PayloadScheduler - =================================================
2026-03-09 00:07:33 [scheduling-1] INFO  c.p.a.scheduler.PayloadScheduler - =================================================
2026-03-09 00:07:33 [scheduling-1] INFO  c.p.a.scheduler.PayloadScheduler - Scheduler triggered : Checking DB for new payloads
2026-03-09 00:07:33 [scheduling-1] INFO  c.poc.alerts.service.PayloadService - ========= PAYLOAD PUBLISH JOB STARTED ==========
2026-03-09 00:07:33 [scheduling-1] INFO  c.poc.alerts.service.PayloadService - No payload found in DB
2026-03-09 00:07:33 [scheduling-1] INFO  c.poc.alerts.service.PayloadService - Waiting for payload insertion...
2026-03-09 00:07:33 [scheduling-1] INFO  c.p.a.scheduler.PayloadScheduler - Scheduler cycle completed
2026-03-09 00:07:33 [scheduling-1] INFO  c.p.a.scheduler.PayloadScheduler - =================================================
2026-03-09 00:07:43 [scheduling-1] INFO  c.p.a.scheduler.PayloadScheduler - =================================================
2026-03-09 00:07:43 [scheduling-1] INFO  c.p.a.scheduler.PayloadScheduler - Scheduler triggered : Checking DB for new payloads
2026-03-09 00:07:43 [scheduling-1] INFO  c.poc.alerts.service.PayloadService - ========= PAYLOAD PUBLISH JOB STARTED ==========
2026-03-09 00:07:43 [scheduling-1] INFO  c.poc.alerts.service.PayloadService - No payload found in DB
2026-03-09 00:07:43 [scheduling-1] INFO  c.poc.alerts.service.PayloadService - Waiting for payload insertion...
2026-03-09 00:07:43 [scheduling-1] INFO  c.p.a.scheduler.PayloadScheduler - Scheduler cycle completed
2026-03-09 00:07:43 [scheduling-1] INFO  c.p.a.scheduler.PayloadScheduler - =================================================
2026-03-09 00:07:53 [scheduling-1] INFO  c.p.a.scheduler.PayloadScheduler - =================================================
2026-03-09 00:07:53 [scheduling-1] INFO  c.p.a.scheduler.PayloadScheduler - Scheduler triggered : Checking DB for new payloads
2026-03-09 00:07:53 [scheduling-1] INFO  c.poc.alerts.service.PayloadService - ========= PAYLOAD PUBLISH JOB STARTED ==========
2026-03-09 00:07:53 [scheduling-1] INFO  c.poc.alerts.service.PayloadService - No payload found in DB
2026-03-09 00:07:53 [scheduling-1] INFO  c.poc.alerts.service.PayloadService - Waiting for payload insertion...
2026-03-09 00:07:53 [scheduling-1] INFO  c.p.a.scheduler.PayloadScheduler - Scheduler cycle completed
2026-03-09 00:07:53 [scheduling-1] INFO  c.p.a.scheduler.PayloadScheduler - =================================================
2026-03-09 00:08:03 [scheduling-1] INFO  c.p.a.scheduler.PayloadScheduler - =================================================
2026-03-09 00:08:03 [scheduling-1] INFO  c.p.a.scheduler.PayloadScheduler - Scheduler triggered : Checking DB for new payloads
2026-03-09 00:08:03 [scheduling-1] INFO  c.poc.alerts.service.PayloadService - ========= PAYLOAD PUBLISH JOB STARTED ==========
2026-03-09 00:08:03 [scheduling-1] INFO  c.poc.alerts.service.PayloadService - No payload found in DB
2026-03-09 00:08:03 [scheduling-1] INFO  c.poc.alerts.service.PayloadService - Waiting for payload insertion...
2026-03-09 00:08:03 [scheduling-1] INFO  c.p.a.scheduler.PayloadScheduler - Scheduler cycle completed
2026-03-09 00:08:03 [scheduling-1] INFO  c.p.a.scheduler.PayloadScheduler - =================================================
2026-03-09 00:08:13 [scheduling-1] INFO  c.p.a.scheduler.PayloadScheduler - =================================================
2026-03-09 00:08:13 [scheduling-1] INFO  c.p.a.scheduler.PayloadScheduler - Scheduler triggered : Checking DB for new payloads
2026-03-09 00:08:13 [scheduling-1] INFO  c.poc.alerts.service.PayloadService - ========= PAYLOAD PUBLISH JOB STARTED ==========
2026-03-09 00:08:13 [scheduling-1] INFO  c.poc.alerts.service.PayloadService - No payload found in DB
2026-03-09 00:08:13 [scheduling-1] INFO  c.poc.alerts.service.PayloadService - Waiting for payload insertion...
2026-03-09 00:08:13 [scheduling-1] INFO  c.p.a.scheduler.PayloadScheduler - Scheduler cycle completed
2026-03-09 00:08:13 [scheduling-1] INFO  c.p.a.scheduler.PayloadScheduler - =================================================
2026-03-09 00:08:23 [scheduling-1] INFO  c.p.a.scheduler.PayloadScheduler - =================================================
2026-03-09 00:08:23 [scheduling-1] INFO  c.p.a.scheduler.PayloadScheduler - Scheduler triggered : Checking DB for new payloads
2026-03-09 00:08:23 [scheduling-1] INFO  c.poc.alerts.service.PayloadService - ========= PAYLOAD PUBLISH JOB STARTED ==========
2026-03-09 00:08:23 [scheduling-1] INFO  c.poc.alerts.service.PayloadService - No payload found in DB
2026-03-09 00:08:23 [scheduling-1] INFO  c.poc.alerts.service.PayloadService - Waiting for payload insertion...
2026-03-09 00:08:23 [scheduling-1] INFO  c.p.a.scheduler.PayloadScheduler - Scheduler cycle completed
2026-03-09 00:08:23 [scheduling-1] INFO  c.p.a.scheduler.PayloadScheduler - =================================================
2026-03-09 00:08:33 [scheduling-1] INFO  c.p.a.scheduler.PayloadScheduler - =================================================
2026-03-09 00:08:33 [scheduling-1] INFO  c.p.a.scheduler.PayloadScheduler - Scheduler triggered : Checking DB for new payloads
2026-03-09 00:08:33 [scheduling-1] INFO  c.poc.alerts.service.PayloadService - ========= PAYLOAD PUBLISH JOB STARTED ==========
2026-03-09 00:08:33 [scheduling-1] INFO  c.poc.alerts.service.PayloadService - No payload found in DB
2026-03-09 00:08:33 [scheduling-1] INFO  c.poc.alerts.service.PayloadService - Waiting for payload insertion...
2026-03-09 00:08:33 [scheduling-1] INFO  c.p.a.scheduler.PayloadScheduler - Scheduler cycle completed
2026-03-09 00:08:33 [scheduling-1] INFO  c.p.a.scheduler.PayloadScheduler - =================================================
2026-03-09 00:08:43 [scheduling-1] INFO  c.p.a.scheduler.PayloadScheduler - =================================================
2026-03-09 00:08:43 [scheduling-1] INFO  c.p.a.scheduler.PayloadScheduler - Scheduler triggered : Checking DB for new payloads
2026-03-09 00:08:43 [scheduling-1] INFO  c.poc.alerts.service.PayloadService - ========= PAYLOAD PUBLISH JOB STARTED ==========
2026-03-09 00:08:43 [scheduling-1] INFO  c.poc.alerts.service.PayloadService - No payload found in DB
2026-03-09 00:08:43 [scheduling-1] INFO  c.poc.alerts.service.PayloadService - Waiting for payload insertion...
2026-03-09 00:08:43 [scheduling-1] INFO  c.p.a.scheduler.PayloadScheduler - Scheduler cycle completed
2026-03-09 00:08:43 [scheduling-1] INFO  c.p.a.scheduler.PayloadScheduler - =================================================
2026-03-09 00:08:53 [scheduling-1] INFO  c.p.a.scheduler.PayloadScheduler - =================================================
2026-03-09 00:08:53 [scheduling-1] INFO  c.p.a.scheduler.PayloadScheduler - Scheduler triggered : Checking DB for new payloads
2026-03-09 00:08:53 [scheduling-1] INFO  c.poc.alerts.service.PayloadService - ========= PAYLOAD PUBLISH JOB STARTED ==========
2026-03-09 00:08:53 [scheduling-1] INFO  c.poc.alerts.service.PayloadService - No payload found in DB
2026-03-09 00:08:53 [scheduling-1] INFO  c.poc.alerts.service.PayloadService - Waiting for payload insertion...
2026-03-09 00:08:53 [scheduling-1] INFO  c.p.a.scheduler.PayloadScheduler - Scheduler cycle completed
2026-03-09 00:08:53 [scheduling-1] INFO  c.p.a.scheduler.PayloadScheduler - =================================================
2026-03-09 00:09:03 [scheduling-1] INFO  c.p.a.scheduler.PayloadScheduler - =================================================
2026-03-09 00:09:03 [scheduling-1] INFO  c.p.a.scheduler.PayloadScheduler - Scheduler triggered : Checking DB for new payloads
2026-03-09 00:09:03 [scheduling-1] INFO  c.poc.alerts.service.PayloadService - ========= PAYLOAD PUBLISH JOB STARTED ==========
2026-03-09 00:09:03 [scheduling-1] INFO  c.poc.alerts.service.PayloadService - No payload found in DB
2026-03-09 00:09:03 [scheduling-1] INFO  c.poc.alerts.service.PayloadService - Waiting for payload insertion...
2026-03-09 00:09:03 [scheduling-1] INFO  c.p.a.scheduler.PayloadScheduler - Scheduler cycle completed
2026-03-09 00:09:03 [scheduling-1] INFO  c.p.a.scheduler.PayloadScheduler - =================================================
2026-03-09 00:09:13 [scheduling-1] INFO  c.p.a.scheduler.PayloadScheduler - =================================================
2026-03-09 00:09:13 [scheduling-1] INFO  c.p.a.scheduler.PayloadScheduler - Scheduler triggered : Checking DB for new payloads
2026-03-09 00:09:13 [scheduling-1] INFO  c.poc.alerts.service.PayloadService - ========= PAYLOAD PUBLISH JOB STARTED ==========
2026-03-09 00:09:13 [scheduling-1] INFO  c.poc.alerts.service.PayloadService - No payload found in DB
2026-03-09 00:09:13 [scheduling-1] INFO  c.poc.alerts.service.PayloadService - Waiting for payload insertion...
2026-03-09 00:09:13 [scheduling-1] INFO  c.p.a.scheduler.PayloadScheduler - Scheduler cycle completed
2026-03-09 00:09:13 [scheduling-1] INFO  c.p.a.scheduler.PayloadScheduler - =================================================
2026-03-09 00:09:23 [scheduling-1] INFO  c.p.a.scheduler.PayloadScheduler - =================================================
2026-03-09 00:09:23 [scheduling-1] INFO  c.p.a.scheduler.PayloadScheduler - Scheduler triggered : Checking DB for new payloads
2026-03-09 00:09:23 [scheduling-1] INFO  c.poc.alerts.service.PayloadService - ========= PAYLOAD PUBLISH JOB STARTED ==========
2026-03-09 00:09:23 [scheduling-1] INFO  c.poc.alerts.service.PayloadService - No payload found in DB
2026-03-09 00:09:23 [scheduling-1] INFO  c.poc.alerts.service.PayloadService - Waiting for payload insertion...
2026-03-09 00:09:23 [scheduling-1] INFO  c.p.a.scheduler.PayloadScheduler - Scheduler cycle completed
2026-03-09 00:09:23 [scheduling-1] INFO  c.p.a.scheduler.PayloadScheduler - =================================================
2026-03-09 00:09:33 [scheduling-1] INFO  c.p.a.scheduler.PayloadScheduler - =================================================
2026-03-09 00:09:33 [scheduling-1] INFO  c.p.a.scheduler.PayloadScheduler - Scheduler triggered : Checking DB for new payloads
2026-03-09 00:09:33 [scheduling-1] INFO  c.poc.alerts.service.PayloadService - ========= PAYLOAD PUBLISH JOB STARTED ==========
2026-03-09 00:09:33 [scheduling-1] INFO  c.poc.alerts.service.PayloadService - No payload found in DB
2026-03-09 00:09:33 [scheduling-1] INFO  c.poc.alerts.service.PayloadService - Waiting for payload insertion...
2026-03-09 00:09:33 [scheduling-1] INFO  c.p.a.scheduler.PayloadScheduler - Scheduler cycle completed
2026-03-09 00:09:33 [scheduling-1] INFO  c.p.a.scheduler.PayloadScheduler - =================================================
2026-03-09 00:09:43 [scheduling-1] INFO  c.p.a.scheduler.PayloadScheduler - =================================================
2026-03-09 00:09:43 [scheduling-1] INFO  c.p.a.scheduler.PayloadScheduler - Scheduler triggered : Checking DB for new payloads
2026-03-09 00:09:43 [scheduling-1] INFO  c.poc.alerts.service.PayloadService - ========= PAYLOAD PUBLISH JOB STARTED ==========
2026-03-09 00:09:43 [scheduling-1] INFO  c.poc.alerts.service.PayloadService - No payload found in DB
2026-03-09 00:09:43 [scheduling-1] INFO  c.poc.alerts.service.PayloadService - Waiting for payload insertion...
2026-03-09 00:09:43 [scheduling-1] INFO  c.p.a.scheduler.PayloadScheduler - Scheduler cycle completed
2026-03-09 00:09:43 [scheduling-1] INFO  c.p.a.scheduler.PayloadScheduler - =================================================
2026-03-09 00:09:53 [scheduling-1] INFO  c.p.a.scheduler.PayloadScheduler - =================================================
2026-03-09 00:09:53 [scheduling-1] INFO  c.p.a.scheduler.PayloadScheduler - Scheduler triggered : Checking DB for new payloads
2026-03-09 00:09:53 [scheduling-1] INFO  c.poc.alerts.service.PayloadService - ========= PAYLOAD PUBLISH JOB STARTED ==========
2026-03-09 00:09:53 [scheduling-1] INFO  c.poc.alerts.service.PayloadService - No payload found in DB
2026-03-09 00:09:53 [scheduling-1] INFO  c.poc.alerts.service.PayloadService - Waiting for payload insertion...
2026-03-09 00:09:53 [scheduling-1] INFO  c.p.a.scheduler.PayloadScheduler - Scheduler cycle completed
2026-03-09 00:09:53 [scheduling-1] INFO  c.p.a.scheduler.PayloadScheduler - =================================================
2026-03-09 00:10:03 [scheduling-1] INFO  c.p.a.scheduler.PayloadScheduler - =================================================
2026-03-09 00:10:03 [scheduling-1] INFO  c.p.a.scheduler.PayloadScheduler - Scheduler triggered : Checking DB for new payloads
2026-03-09 00:10:03 [scheduling-1] INFO  c.poc.alerts.service.PayloadService - ========= PAYLOAD PUBLISH JOB STARTED ==========
2026-03-09 00:10:03 [scheduling-1] INFO  c.poc.alerts.service.PayloadService - No payload found in DB
2026-03-09 00:10:03 [scheduling-1] INFO  c.poc.alerts.service.PayloadService - Waiting for payload insertion...
2026-03-09 00:10:03 [scheduling-1] INFO  c.p.a.scheduler.PayloadScheduler - Scheduler cycle completed
2026-03-09 00:10:03 [scheduling-1] INFO  c.p.a.scheduler.PayloadScheduler - =================================================
2026-03-09 00:10:13 [scheduling-1] INFO  c.p.a.scheduler.PayloadScheduler - =================================================
2026-03-09 00:10:13 [scheduling-1] INFO  c.p.a.scheduler.PayloadScheduler - Scheduler triggered : Checking DB for new payloads
2026-03-09 00:10:13 [scheduling-1] INFO  c.poc.alerts.service.PayloadService - ========= PAYLOAD PUBLISH JOB STARTED ==========
2026-03-09 00:10:13 [scheduling-1] INFO  c.poc.alerts.service.PayloadService - No payload found in DB
2026-03-09 00:10:13 [scheduling-1] INFO  c.poc.alerts.service.PayloadService - Waiting for payload insertion...
2026-03-09 00:10:13 [scheduling-1] INFO  c.p.a.scheduler.PayloadScheduler - Scheduler cycle completed
2026-03-09 00:10:13 [scheduling-1] INFO  c.p.a.scheduler.PayloadScheduler - =================================================
2026-03-09 00:10:23 [scheduling-1] INFO  c.p.a.scheduler.PayloadScheduler - =================================================
2026-03-09 00:10:23 [scheduling-1] INFO  c.p.a.scheduler.PayloadScheduler - Scheduler triggered : Checking DB for new payloads
2026-03-09 00:10:23 [scheduling-1] INFO  c.poc.alerts.service.PayloadService - ========= PAYLOAD PUBLISH JOB STARTED ==========
2026-03-09 00:10:23 [scheduling-1] INFO  c.poc.alerts.service.PayloadService - No payload found in DB
2026-03-09 00:10:23 [scheduling-1] INFO  c.poc.alerts.service.PayloadService - Waiting for payload insertion...
2026-03-09 00:10:23 [scheduling-1] INFO  c.p.a.scheduler.PayloadScheduler - Scheduler cycle completed
2026-03-09 00:10:23 [scheduling-1] INFO  c.p.a.scheduler.PayloadScheduler - =================================================
2026-03-09 00:10:33 [scheduling-1] INFO  c.p.a.scheduler.PayloadScheduler - =================================================
2026-03-09 00:10:33 [scheduling-1] INFO  c.p.a.scheduler.PayloadScheduler - Scheduler triggered : Checking DB for new payloads
2026-03-09 00:10:33 [scheduling-1] INFO  c.poc.alerts.service.PayloadService - ========= PAYLOAD PUBLISH JOB STARTED ==========
2026-03-09 00:10:33 [scheduling-1] INFO  c.poc.alerts.service.PayloadService - No payload found in DB
2026-03-09 00:10:33 [scheduling-1] INFO  c.poc.alerts.service.PayloadService - Waiting for payload insertion...
2026-03-09 00:10:33 [scheduling-1] INFO  c.p.a.scheduler.PayloadScheduler - Scheduler cycle completed
2026-03-09 00:10:33 [scheduling-1] INFO  c.p.a.scheduler.PayloadScheduler - =================================================
2026-03-09 00:10:43 [scheduling-1] INFO  c.p.a.scheduler.PayloadScheduler - =================================================
2026-03-09 00:10:43 [scheduling-1] INFO  c.p.a.scheduler.PayloadScheduler - Scheduler triggered : Checking DB for new payloads
2026-03-09 00:10:43 [scheduling-1] INFO  c.poc.alerts.service.PayloadService - ========= PAYLOAD PUBLISH JOB STARTED ==========
2026-03-09 00:10:43 [scheduling-1] INFO  c.poc.alerts.service.PayloadService - No payload found in DB
2026-03-09 00:10:43 [scheduling-1] INFO  c.poc.alerts.service.PayloadService - Waiting for payload insertion...
2026-03-09 00:10:43 [scheduling-1] INFO  c.p.a.scheduler.PayloadScheduler - Scheduler cycle completed
2026-03-09 00:10:43 [scheduling-1] INFO  c.p.a.scheduler.PayloadScheduler - =================================================
2026-03-09 00:10:53 [scheduling-1] INFO  c.p.a.scheduler.PayloadScheduler - =================================================
2026-03-09 00:10:53 [scheduling-1] INFO  c.p.a.scheduler.PayloadScheduler - Scheduler triggered : Checking DB for new payloads
2026-03-09 00:10:53 [scheduling-1] INFO  c.poc.alerts.service.PayloadService - ========= PAYLOAD PUBLISH JOB STARTED ==========
2026-03-09 00:10:53 [scheduling-1] INFO  c.poc.alerts.service.PayloadService - No payload found in DB
2026-03-09 00:10:53 [scheduling-1] INFO  c.poc.alerts.service.PayloadService - Waiting for payload insertion...
2026-03-09 00:10:53 [scheduling-1] INFO  c.p.a.scheduler.PayloadScheduler - Scheduler cycle completed
2026-03-09 00:10:53 [scheduling-1] INFO  c.p.a.scheduler.PayloadScheduler - =================================================
2026-03-09 00:11:03 [scheduling-1] INFO  c.p.a.scheduler.PayloadScheduler - =================================================
2026-03-09 00:11:03 [scheduling-1] INFO  c.p.a.scheduler.PayloadScheduler - Scheduler triggered : Checking DB for new payloads
2026-03-09 00:11:03 [scheduling-1] INFO  c.poc.alerts.service.PayloadService - ========= PAYLOAD PUBLISH JOB STARTED ==========
2026-03-09 00:11:03 [scheduling-1] INFO  c.poc.alerts.service.PayloadService - No payload found in DB
2026-03-09 00:11:03 [scheduling-1] INFO  c.poc.alerts.service.PayloadService - Waiting for payload insertion...
2026-03-09 00:11:03 [scheduling-1] INFO  c.p.a.scheduler.PayloadScheduler - Scheduler cycle completed
2026-03-09 00:11:03 [scheduling-1] INFO  c.p.a.scheduler.PayloadScheduler - =================================================
2026-03-09 00:11:13 [scheduling-1] INFO  c.p.a.scheduler.PayloadScheduler - =================================================
2026-03-09 00:11:13 [scheduling-1] INFO  c.p.a.scheduler.PayloadScheduler - Scheduler triggered : Checking DB for new payloads
2026-03-09 00:11:13 [scheduling-1] INFO  c.poc.alerts.service.PayloadService - ========= PAYLOAD PUBLISH JOB STARTED ==========
2026-03-09 00:11:13 [scheduling-1] INFO  c.poc.alerts.service.PayloadService - No payload found in DB
2026-03-09 00:11:13 [scheduling-1] INFO  c.poc.alerts.service.PayloadService - Waiting for payload insertion...
2026-03-09 00:11:13 [scheduling-1] INFO  c.p.a.scheduler.PayloadScheduler - Scheduler cycle completed
2026-03-09 00:11:13 [scheduling-1] INFO  c.p.a.scheduler.PayloadScheduler - =================================================
2026-03-09 00:11:23 [scheduling-1] INFO  c.p.a.scheduler.PayloadScheduler - =================================================
2026-03-09 00:11:23 [scheduling-1] INFO  c.p.a.scheduler.PayloadScheduler - Scheduler triggered : Checking DB for new payloads
2026-03-09 00:11:23 [scheduling-1] INFO  c.poc.alerts.service.PayloadService - ========= PAYLOAD PUBLISH JOB STARTED ==========
2026-03-09 00:11:23 [scheduling-1] INFO  c.poc.alerts.service.PayloadService - No payload found in DB
2026-03-09 00:11:23 [scheduling-1] INFO  c.poc.alerts.service.PayloadService - Waiting for payload insertion...
2026-03-09 00:11:23 [scheduling-1] INFO  c.p.a.scheduler.PayloadScheduler - Scheduler cycle completed
2026-03-09 00:11:23 [scheduling-1] INFO  c.p.a.scheduler.PayloadScheduler - =================================================
2026-03-09 00:11:33 [scheduling-1] INFO  c.p.a.scheduler.PayloadScheduler - =================================================
2026-03-09 00:11:33 [scheduling-1] INFO  c.p.a.scheduler.PayloadScheduler - Scheduler triggered : Checking DB for new payloads
2026-03-09 00:11:33 [scheduling-1] INFO  c.poc.alerts.service.PayloadService - ========= PAYLOAD PUBLISH JOB STARTED ==========
2026-03-09 00:11:33 [scheduling-1] INFO  c.poc.alerts.service.PayloadService - No payload found in DB
2026-03-09 00:11:33 [scheduling-1] INFO  c.poc.alerts.service.PayloadService - Waiting for payload insertion...
2026-03-09 00:11:33 [scheduling-1] INFO  c.p.a.scheduler.PayloadScheduler - Scheduler cycle completed
2026-03-09 00:11:33 [scheduling-1] INFO  c.p.a.scheduler.PayloadScheduler - =================================================
2026-03-09 00:11:43 [scheduling-1] INFO  c.p.a.scheduler.PayloadScheduler - =================================================
2026-03-09 00:11:43 [scheduling-1] INFO  c.p.a.scheduler.PayloadScheduler - Scheduler triggered : Checking DB for new payloads
2026-03-09 00:11:43 [scheduling-1] INFO  c.poc.alerts.service.PayloadService - ========= PAYLOAD PUBLISH JOB STARTED ==========
2026-03-09 00:11:43 [scheduling-1] INFO  c.poc.alerts.service.PayloadService - No payload found in DB
2026-03-09 00:11:43 [scheduling-1] INFO  c.poc.alerts.service.PayloadService - Waiting for payload insertion...
2026-03-09 00:11:43 [scheduling-1] INFO  c.p.a.scheduler.PayloadScheduler - Scheduler cycle completed
2026-03-09 00:11:43 [scheduling-1] INFO  c.p.a.scheduler.PayloadScheduler - =================================================
2026-03-09 00:11:53 [scheduling-1] INFO  c.p.a.scheduler.PayloadScheduler - =================================================
2026-03-09 00:11:53 [scheduling-1] INFO  c.p.a.scheduler.PayloadScheduler - Scheduler triggered : Checking DB for new payloads
2026-03-09 00:11:53 [scheduling-1] INFO  c.poc.alerts.service.PayloadService - ========= PAYLOAD PUBLISH JOB STARTED ==========
2026-03-09 00:11:53 [scheduling-1] INFO  c.poc.alerts.service.PayloadService - No payload found in DB
2026-03-09 00:11:53 [scheduling-1] INFO  c.poc.alerts.service.PayloadService - Waiting for payload insertion...
2026-03-09 00:11:53 [scheduling-1] INFO  c.p.a.scheduler.PayloadScheduler - Scheduler cycle completed
2026-03-09 00:11:53 [scheduling-1] INFO  c.p.a.scheduler.PayloadScheduler - =================================================
2026-03-09 00:12:03 [scheduling-1] INFO  c.p.a.scheduler.PayloadScheduler - =================================================
2026-03-09 00:12:03 [scheduling-1] INFO  c.p.a.scheduler.PayloadScheduler - Scheduler triggered : Checking DB for new payloads
2026-03-09 00:12:03 [scheduling-1] INFO  c.poc.alerts.service.PayloadService - ========= PAYLOAD PUBLISH JOB STARTED ==========
2026-03-09 00:12:03 [scheduling-1] INFO  c.poc.alerts.service.PayloadService - No payload found in DB
2026-03-09 00:12:03 [scheduling-1] INFO  c.poc.alerts.service.PayloadService - Waiting for payload insertion...
2026-03-09 00:12:03 [scheduling-1] INFO  c.p.a.scheduler.PayloadScheduler - Scheduler cycle completed
2026-03-09 00:12:03 [scheduling-1] INFO  c.p.a.scheduler.PayloadScheduler - =================================================
2026-03-09 00:12:13 [scheduling-1] INFO  c.p.a.scheduler.PayloadScheduler - =================================================
2026-03-09 00:12:13 [scheduling-1] INFO  c.p.a.scheduler.PayloadScheduler - Scheduler triggered : Checking DB for new payloads
2026-03-09 00:12:13 [scheduling-1] INFO  c.poc.alerts.service.PayloadService - ========= PAYLOAD PUBLISH JOB STARTED ==========
2026-03-09 00:12:13 [scheduling-1] INFO  c.poc.alerts.service.PayloadService - No payload found in DB
2026-03-09 00:12:13 [scheduling-1] INFO  c.poc.alerts.service.PayloadService - Waiting for payload insertion...
2026-03-09 00:12:13 [scheduling-1] INFO  c.p.a.scheduler.PayloadScheduler - Scheduler cycle completed
2026-03-09 00:12:13 [scheduling-1] INFO  c.p.a.scheduler.PayloadScheduler - =================================================
2026-03-09 00:12:23 [scheduling-1] INFO  c.p.a.scheduler.PayloadScheduler - =================================================
2026-03-09 00:12:23 [scheduling-1] INFO  c.p.a.scheduler.PayloadScheduler - Scheduler triggered : Checking DB for new payloads
2026-03-09 00:12:23 [scheduling-1] INFO  c.poc.alerts.service.PayloadService - ========= PAYLOAD PUBLISH JOB STARTED ==========
2026-03-09 00:12:23 [scheduling-1] INFO  c.poc.alerts.service.PayloadService - No payload found in DB
2026-03-09 00:12:23 [scheduling-1] INFO  c.poc.alerts.service.PayloadService - Waiting for payload insertion...
2026-03-09 00:12:23 [scheduling-1] INFO  c.p.a.scheduler.PayloadScheduler - Scheduler cycle completed
2026-03-09 00:12:23 [scheduling-1] INFO  c.p.a.scheduler.PayloadScheduler - =================================================
2026-03-09 00:12:24 [RMI TCP Connection(59)-127.0.0.1] INFO  o.s.b.a.SpringApplicationAdminMXBeanRegistrar$SpringApplicationAdmin - Application shutdown requested.
2026-03-09 00:12:24 [RMI TCP Connection(59)-127.0.0.1] INFO  o.a.coyote.http11.Http11NioProtocol - Stopping ProtocolHandler ["http-nio-8080"]
2026-03-09 00:12:24 [RMI TCP Connection(59)-127.0.0.1] INFO  o.a.k.clients.producer.KafkaProducer - [Producer clientId=Producer_Setup-producer-1] Closing the Kafka producer with timeoutMillis = 30000 ms.
2026-03-09 00:12:24 [RMI TCP Connection(59)-127.0.0.1] INFO  o.a.kafka.common.metrics.Metrics - Metrics scheduler closed
2026-03-09 00:12:24 [RMI TCP Connection(59)-127.0.0.1] INFO  o.a.kafka.common.metrics.Metrics - Closing reporter org.apache.kafka.common.metrics.JmxReporter
2026-03-09 00:12:24 [RMI TCP Connection(59)-127.0.0.1] INFO  o.a.kafka.common.metrics.Metrics - Closing reporter org.apache.kafka.common.telemetry.internals.ClientTelemetryReporter
2026-03-09 00:12:24 [RMI TCP Connection(59)-127.0.0.1] INFO  o.a.kafka.common.metrics.Metrics - Metrics reporters closed
2026-03-09 00:12:24 [RMI TCP Connection(59)-127.0.0.1] INFO  o.a.kafka.common.utils.AppInfoParser - App info kafka.producer for Producer_Setup-producer-1 unregistered
2026-03-09 00:12:24 [RMI TCP Connection(59)-127.0.0.1] INFO  o.s.o.j.LocalContainerEntityManagerFactoryBean - Closing JPA EntityManagerFactory for persistence unit 'default'
2026-03-09 00:12:24 [RMI TCP Connection(59)-127.0.0.1] INFO  com.zaxxer.hikari.HikariDataSource - HikariPool-1 - Shutdown initiated...
2026-03-09 00:12:24 [RMI TCP Connection(59)-127.0.0.1] INFO  com.zaxxer.hikari.HikariDataSource - HikariPool-1 - Shutdown completed.
2026-03-09 02:57:02 [main] INFO  c.p.alerts.ProducerSetupApplication - Starting ProducerSetupApplication using Java 21.0.10 with PID 19644 (D:\Developer\Producer_Setup\target\classes started by Admin in D:\Developer\Producer_Setup)
2026-03-09 02:57:02 [main] INFO  c.p.alerts.ProducerSetupApplication - No active profile set, falling back to 1 default profile: "default"
2026-03-09 02:57:03 [main] INFO  o.s.d.r.c.RepositoryConfigurationDelegate - Bootstrapping Spring Data JPA repositories in DEFAULT mode.
2026-03-09 02:57:04 [main] INFO  o.s.d.r.c.RepositoryConfigurationDelegate - Finished Spring Data repository scanning in 66 ms. Found 1 JPA repository interface.
2026-03-09 02:57:04 [main] INFO  o.s.b.w.e.tomcat.TomcatWebServer - Tomcat initialized with port 8080 (http)
2026-03-09 02:57:04 [main] INFO  o.a.coyote.http11.Http11NioProtocol - Initializing ProtocolHandler ["http-nio-8080"]
2026-03-09 02:57:04 [main] INFO  o.a.catalina.core.StandardService - Starting service [Tomcat]
2026-03-09 02:57:04 [main] INFO  o.a.catalina.core.StandardEngine - Starting Servlet engine: [Apache Tomcat/10.1.31]
2026-03-09 02:57:04 [main] INFO  o.a.c.c.C.[Tomcat].[localhost].[/] - Initializing Spring embedded WebApplicationContext
2026-03-09 02:57:05 [main] INFO  o.s.b.w.s.c.ServletWebServerApplicationContext - Root WebApplicationContext: initialization completed in 1947 ms
2026-03-09 02:57:05 [main] INFO  com.zaxxer.hikari.HikariDataSource - HikariPool-1 - Starting...
2026-03-09 02:57:05 [main] INFO  com.zaxxer.hikari.pool.HikariPool - HikariPool-1 - Added connection conn0: url=jdbc:h2:mem:alertdb user=SA
2026-03-09 02:57:05 [main] INFO  com.zaxxer.hikari.HikariDataSource - HikariPool-1 - Start completed.
2026-03-09 02:57:05 [main] INFO  o.s.b.a.h.H2ConsoleAutoConfiguration - H2 console available at '/h2-console'. Database available at 'jdbc:h2:mem:alertdb'
2026-03-09 02:57:05 [main] INFO  o.h.jpa.internal.util.LogHelper - HHH000204: Processing PersistenceUnitInfo [name: default]
2026-03-09 02:57:05 [main] INFO  org.hibernate.Version - HHH000412: Hibernate ORM core version 6.5.3.Final
2026-03-09 02:57:05 [main] INFO  o.h.c.i.RegionFactoryInitiator - HHH000026: Second-level cache disabled
2026-03-09 02:57:06 [main] INFO  o.s.o.j.p.SpringPersistenceUnitInfo - No LoadTimeWeaver setup: ignoring JPA class transformer
2026-03-09 02:57:07 [main] INFO  o.h.e.t.j.p.i.JtaPlatformInitiator - HHH000489: No JTA platform available (set 'hibernate.transaction.jta.platform' to enable JTA platform integration)
2026-03-09 02:57:07 [main] INFO  o.s.o.j.LocalContainerEntityManagerFactoryBean - Initialized JPA EntityManagerFactory for persistence unit 'default'
2026-03-09 02:57:08 [main] WARN  o.s.b.a.o.j.JpaBaseConfiguration$JpaWebConfiguration - spring.jpa.open-in-view is enabled by default. Therefore, database queries may be performed during view rendering. Explicitly configure spring.jpa.open-in-view to disable this warning
2026-03-09 02:57:08 [main] INFO  o.a.coyote.http11.Http11NioProtocol - Starting ProtocolHandler ["http-nio-8080"]
2026-03-09 02:57:08 [main] INFO  o.s.b.w.e.tomcat.TomcatWebServer - Tomcat started on port 8080 (http) with context path '/'
2026-03-09 02:57:08 [main] INFO  c.p.alerts.ProducerSetupApplication - Started ProducerSetupApplication in 6.688 seconds (process running for 8.218)
2026-03-09 02:57:08 [scheduling-1] INFO  c.p.a.scheduler.PayloadScheduler - =================================================
2026-03-09 02:57:08 [scheduling-1] INFO  c.p.a.scheduler.PayloadScheduler - Scheduler triggered : Checking DB for new payloads
2026-03-09 02:57:08 [scheduling-1] INFO  c.poc.alerts.service.PayloadService - ========= PAYLOAD PUBLISH JOB STARTED ==========
2026-03-09 02:57:08 [scheduling-1] INFO  c.poc.alerts.service.PayloadService - Total payload records fetched from DB : 1
2026-03-09 02:57:08 [scheduling-1] INFO  c.poc.alerts.service.PayloadService - -----------------------------------------------
2026-03-09 02:57:08 [scheduling-1] INFO  c.poc.alerts.service.PayloadService - Processing payload id : 1
2026-03-09 02:57:08 [scheduling-1] INFO  c.poc.alerts.service.PayloadService - Payload Type : ACCOUNT_CREATED
2026-03-09 02:57:08 [scheduling-1] INFO  c.p.a.service.KafkaProducerService - Producing message to topic notifications.events
2026-03-09 02:57:08 [scheduling-1] INFO  o.a.k.c.producer.ProducerConfig - ProducerConfig values: 
	acks = -1
	auto.include.jmx.reporter = true
	batch.size = 16384
	bootstrap.servers = [localhost:9092]
	buffer.memory = 33554432
	client.dns.lookup = use_all_dns_ips
	client.id = Producer_Setup-producer-1
	compression.type = none
	connections.max.idle.ms = 540000
	delivery.timeout.ms = 120000
	enable.idempotence = true
	enable.metrics.push = true
	interceptor.classes = []
	key.serializer = class org.apache.kafka.common.serialization.StringSerializer
	linger.ms = 0
	max.block.ms = 60000
	max.in.flight.requests.per.connection = 5
	max.request.size = 1048576
	metadata.max.age.ms = 300000
	metadata.max.idle.ms = 300000
	metric.reporters = []
	metrics.num.samples = 2
	metrics.recording.level = INFO
	metrics.sample.window.ms = 30000
	partitioner.adaptive.partitioning.enable = true
	partitioner.availability.timeout.ms = 0
	partitioner.class = null
	partitioner.ignore.keys = false
	receive.buffer.bytes = 32768
	reconnect.backoff.max.ms = 1000
	reconnect.backoff.ms = 50
	request.timeout.ms = 30000
	retries = 2147483647
	retry.backoff.max.ms = 1000
	retry.backoff.ms = 100
	sasl.client.callback.handler.class = null
	sasl.jaas.config = null
	sasl.kerberos.kinit.cmd = /usr/bin/kinit
	sasl.kerberos.min.time.before.relogin = 60000
	sasl.kerberos.service.name = null
	sasl.kerberos.ticket.renew.jitter = 0.05
	sasl.kerberos.ticket.renew.window.factor = 0.8
	sasl.login.callback.handler.class = null
	sasl.login.class = null
	sasl.login.connect.timeout.ms = null
	sasl.login.read.timeout.ms = null
	sasl.login.refresh.buffer.seconds = 300
	sasl.login.refresh.min.period.seconds = 60
	sasl.login.refresh.window.factor = 0.8
	sasl.login.refresh.window.jitter = 0.05
	sasl.login.retry.backoff.max.ms = 10000
	sasl.login.retry.backoff.ms = 100
	sasl.mechanism = GSSAPI
	sasl.oauthbearer.clock.skew.seconds = 30
	sasl.oauthbearer.expected.audience = null
	sasl.oauthbearer.expected.issuer = null
	sasl.oauthbearer.jwks.endpoint.refresh.ms = 3600000
	sasl.oauthbearer.jwks.endpoint.retry.backoff.max.ms = 10000
	sasl.oauthbearer.jwks.endpoint.retry.backoff.ms = 100
	sasl.oauthbearer.jwks.endpoint.url = null
	sasl.oauthbearer.scope.claim.name = scope
	sasl.oauthbearer.sub.claim.name = sub
	sasl.oauthbearer.token.endpoint.url = null
	security.protocol = PLAINTEXT
	security.providers = null
	send.buffer.bytes = 131072
	socket.connection.setup.timeout.max.ms = 30000
	socket.connection.setup.timeout.ms = 10000
	ssl.cipher.suites = null
	ssl.enabled.protocols = [TLSv1.2, TLSv1.3]
	ssl.endpoint.identification.algorithm = https
	ssl.engine.factory.class = null
	ssl.key.password = null
	ssl.keymanager.algorithm = SunX509
	ssl.keystore.certificate.chain = null
	ssl.keystore.key = null
	ssl.keystore.location = null
	ssl.keystore.password = null
	ssl.keystore.type = JKS
	ssl.protocol = TLSv1.3
	ssl.provider = null
	ssl.secure.random.implementation = null
	ssl.trustmanager.algorithm = PKIX
	ssl.truststore.certificates = null
	ssl.truststore.location = null
	ssl.truststore.password = null
	ssl.truststore.type = JKS
	transaction.timeout.ms = 60000
	transactional.id = null
	value.serializer = class org.apache.kafka.common.serialization.StringSerializer

2026-03-09 02:57:08 [scheduling-1] INFO  o.a.k.c.t.i.KafkaMetricsCollector - initializing Kafka metrics collector
2026-03-09 02:57:08 [scheduling-1] INFO  o.a.k.clients.producer.KafkaProducer - [Producer clientId=Producer_Setup-producer-1] Instantiated an idempotent producer.
2026-03-09 02:57:09 [scheduling-1] INFO  o.a.kafka.common.utils.AppInfoParser - Kafka version: 3.7.1
2026-03-09 02:57:09 [scheduling-1] INFO  o.a.kafka.common.utils.AppInfoParser - Kafka commitId: e2494e6ffb89f828
2026-03-09 02:57:09 [scheduling-1] INFO  o.a.kafka.common.utils.AppInfoParser - Kafka startTimeMs: 1773005229052
2026-03-09 02:57:09 [kafka-producer-network-thread | Producer_Setup-producer-1] INFO  org.apache.kafka.clients.Metadata - [Producer clientId=Producer_Setup-producer-1] Cluster ID: MkU3OEVBNTcwNTJENDM2Qg
2026-03-09 02:57:09 [kafka-producer-network-thread | Producer_Setup-producer-1] INFO  o.a.k.c.p.i.TransactionManager - [Producer clientId=Producer_Setup-producer-1] ProducerId set to 0 with epoch 0
2026-03-09 02:57:09 [scheduling-1] INFO  c.poc.alerts.service.PayloadService - Payload id 1 marked as PUBLISHED
2026-03-09 02:57:09 [scheduling-1] INFO  c.poc.alerts.service.PayloadService - ========= PAYLOAD PUBLISH JOB COMPLETED ==========
2026-03-09 02:57:09 [scheduling-1] INFO  c.p.a.scheduler.PayloadScheduler - Scheduler cycle completed
2026-03-09 02:57:09 [scheduling-1] INFO  c.p.a.scheduler.PayloadScheduler - =================================================
2026-03-09 02:57:09 [kafka-producer-network-thread | Producer_Setup-producer-1] INFO  c.p.a.service.KafkaProducerService - Message successfully published to topic notifications.events
2026-03-09 02:57:16 [http-nio-8080-exec-5] INFO  o.a.c.c.C.[Tomcat].[localhost].[/] - Initializing Spring DispatcherServlet 'dispatcherServlet'
2026-03-09 02:57:16 [http-nio-8080-exec-5] INFO  o.s.web.servlet.DispatcherServlet - Initializing Servlet 'dispatcherServlet'
2026-03-09 02:57:16 [http-nio-8080-exec-5] INFO  o.s.web.servlet.DispatcherServlet - Completed initialization in 3 ms
2026-03-09 02:57:19 [scheduling-1] INFO  c.p.a.scheduler.PayloadScheduler - =================================================
2026-03-09 02:57:19 [scheduling-1] INFO  c.p.a.scheduler.PayloadScheduler - Scheduler triggered : Checking DB for new payloads
2026-03-09 02:57:19 [scheduling-1] INFO  c.poc.alerts.service.PayloadService - ========= PAYLOAD PUBLISH JOB STARTED ==========
2026-03-09 02:57:19 [scheduling-1] INFO  c.poc.alerts.service.PayloadService - No payload found in DB
2026-03-09 02:57:19 [scheduling-1] INFO  c.poc.alerts.service.PayloadService - Waiting for payload insertion...
2026-03-09 02:57:19 [scheduling-1] INFO  c.p.a.scheduler.PayloadScheduler - Scheduler cycle completed
2026-03-09 02:57:19 [scheduling-1] INFO  c.p.a.scheduler.PayloadScheduler - =================================================
2026-03-09 02:57:29 [scheduling-1] INFO  c.p.a.scheduler.PayloadScheduler - =================================================
2026-03-09 02:57:29 [scheduling-1] INFO  c.p.a.scheduler.PayloadScheduler - Scheduler triggered : Checking DB for new payloads
2026-03-09 02:57:29 [scheduling-1] INFO  c.poc.alerts.service.PayloadService - ========= PAYLOAD PUBLISH JOB STARTED ==========
2026-03-09 02:57:29 [scheduling-1] INFO  c.poc.alerts.service.PayloadService - No payload found in DB
2026-03-09 02:57:29 [scheduling-1] INFO  c.poc.alerts.service.PayloadService - Waiting for payload insertion...
2026-03-09 02:57:29 [scheduling-1] INFO  c.p.a.scheduler.PayloadScheduler - Scheduler cycle completed
2026-03-09 02:57:29 [scheduling-1] INFO  c.p.a.scheduler.PayloadScheduler - =================================================
2026-03-09 02:57:39 [scheduling-1] INFO  c.p.a.scheduler.PayloadScheduler - =================================================
2026-03-09 02:57:39 [scheduling-1] INFO  c.p.a.scheduler.PayloadScheduler - Scheduler triggered : Checking DB for new payloads
2026-03-09 02:57:39 [scheduling-1] INFO  c.poc.alerts.service.PayloadService - ========= PAYLOAD PUBLISH JOB STARTED ==========
2026-03-09 02:57:39 [scheduling-1] INFO  c.poc.alerts.service.PayloadService - No payload found in DB
2026-03-09 02:57:39 [scheduling-1] INFO  c.poc.alerts.service.PayloadService - Waiting for payload insertion...
2026-03-09 02:57:39 [scheduling-1] INFO  c.p.a.scheduler.PayloadScheduler - Scheduler cycle completed
2026-03-09 02:57:39 [scheduling-1] INFO  c.p.a.scheduler.PayloadScheduler - =================================================
2026-03-09 02:57:49 [scheduling-1] INFO  c.p.a.scheduler.PayloadScheduler - =================================================
2026-03-09 02:57:49 [scheduling-1] INFO  c.p.a.scheduler.PayloadScheduler - Scheduler triggered : Checking DB for new payloads
2026-03-09 02:57:49 [scheduling-1] INFO  c.poc.alerts.service.PayloadService - ========= PAYLOAD PUBLISH JOB STARTED ==========
2026-03-09 02:57:49 [scheduling-1] INFO  c.poc.alerts.service.PayloadService - No payload found in DB
2026-03-09 02:57:49 [scheduling-1] INFO  c.poc.alerts.service.PayloadService - Waiting for payload insertion...
2026-03-09 02:57:49 [scheduling-1] INFO  c.p.a.scheduler.PayloadScheduler - Scheduler cycle completed
2026-03-09 02:57:49 [scheduling-1] INFO  c.p.a.scheduler.PayloadScheduler - =================================================
2026-03-09 02:57:59 [scheduling-1] INFO  c.p.a.scheduler.PayloadScheduler - =================================================
2026-03-09 02:57:59 [scheduling-1] INFO  c.p.a.scheduler.PayloadScheduler - Scheduler triggered : Checking DB for new payloads
2026-03-09 02:57:59 [scheduling-1] INFO  c.poc.alerts.service.PayloadService - ========= PAYLOAD PUBLISH JOB STARTED ==========
2026-03-09 02:57:59 [scheduling-1] INFO  c.poc.alerts.service.PayloadService - No payload found in DB
2026-03-09 02:57:59 [scheduling-1] INFO  c.poc.alerts.service.PayloadService - Waiting for payload insertion...
2026-03-09 02:57:59 [scheduling-1] INFO  c.p.a.scheduler.PayloadScheduler - Scheduler cycle completed
2026-03-09 02:57:59 [scheduling-1] INFO  c.p.a.scheduler.PayloadScheduler - =================================================
2026-03-09 02:58:09 [scheduling-1] INFO  c.p.a.scheduler.PayloadScheduler - =================================================
2026-03-09 02:58:09 [scheduling-1] INFO  c.p.a.scheduler.PayloadScheduler - Scheduler triggered : Checking DB for new payloads
2026-03-09 02:58:09 [scheduling-1] INFO  c.poc.alerts.service.PayloadService - ========= PAYLOAD PUBLISH JOB STARTED ==========
2026-03-09 02:58:09 [scheduling-1] INFO  c.poc.alerts.service.PayloadService - No payload found in DB
2026-03-09 02:58:09 [scheduling-1] INFO  c.poc.alerts.service.PayloadService - Waiting for payload insertion...
2026-03-09 02:58:09 [scheduling-1] INFO  c.p.a.scheduler.PayloadScheduler - Scheduler cycle completed
2026-03-09 02:58:09 [scheduling-1] INFO  c.p.a.scheduler.PayloadScheduler - =================================================
2026-03-09 02:58:19 [scheduling-1] INFO  c.p.a.scheduler.PayloadScheduler - =================================================
2026-03-09 02:58:19 [scheduling-1] INFO  c.p.a.scheduler.PayloadScheduler - Scheduler triggered : Checking DB for new payloads
2026-03-09 02:58:19 [scheduling-1] INFO  c.poc.alerts.service.PayloadService - ========= PAYLOAD PUBLISH JOB STARTED ==========
2026-03-09 02:58:19 [scheduling-1] INFO  c.poc.alerts.service.PayloadService - No payload found in DB
2026-03-09 02:58:19 [scheduling-1] INFO  c.poc.alerts.service.PayloadService - Waiting for payload insertion...
2026-03-09 02:58:19 [scheduling-1] INFO  c.p.a.scheduler.PayloadScheduler - Scheduler cycle completed
2026-03-09 02:58:19 [scheduling-1] INFO  c.p.a.scheduler.PayloadScheduler - =================================================
2026-03-09 02:58:29 [scheduling-1] INFO  c.p.a.scheduler.PayloadScheduler - =================================================
2026-03-09 02:58:29 [scheduling-1] INFO  c.p.a.scheduler.PayloadScheduler - Scheduler triggered : Checking DB for new payloads
2026-03-09 02:58:29 [scheduling-1] INFO  c.poc.alerts.service.PayloadService - ========= PAYLOAD PUBLISH JOB STARTED ==========
2026-03-09 02:58:29 [scheduling-1] INFO  c.poc.alerts.service.PayloadService - No payload found in DB
2026-03-09 02:58:29 [scheduling-1] INFO  c.poc.alerts.service.PayloadService - Waiting for payload insertion...
2026-03-09 02:58:29 [scheduling-1] INFO  c.p.a.scheduler.PayloadScheduler - Scheduler cycle completed
2026-03-09 02:58:29 [scheduling-1] INFO  c.p.a.scheduler.PayloadScheduler - =================================================
2026-03-09 02:58:39 [scheduling-1] INFO  c.p.a.scheduler.PayloadScheduler - =================================================
2026-03-09 02:58:39 [scheduling-1] INFO  c.p.a.scheduler.PayloadScheduler - Scheduler triggered : Checking DB for new payloads
2026-03-09 02:58:39 [scheduling-1] INFO  c.poc.alerts.service.PayloadService - ========= PAYLOAD PUBLISH JOB STARTED ==========
2026-03-09 02:58:39 [scheduling-1] INFO  c.poc.alerts.service.PayloadService - No payload found in DB
2026-03-09 02:58:39 [scheduling-1] INFO  c.poc.alerts.service.PayloadService - Waiting for payload insertion...
2026-03-09 02:58:39 [scheduling-1] INFO  c.p.a.scheduler.PayloadScheduler - Scheduler cycle completed
2026-03-09 02:58:39 [scheduling-1] INFO  c.p.a.scheduler.PayloadScheduler - =================================================
2026-03-09 02:58:49 [scheduling-1] INFO  c.p.a.scheduler.PayloadScheduler - =================================================
2026-03-09 02:58:49 [scheduling-1] INFO  c.p.a.scheduler.PayloadScheduler - Scheduler triggered : Checking DB for new payloads
2026-03-09 02:58:49 [scheduling-1] INFO  c.poc.alerts.service.PayloadService - ========= PAYLOAD PUBLISH JOB STARTED ==========
2026-03-09 02:58:49 [scheduling-1] INFO  c.poc.alerts.service.PayloadService - No payload found in DB
2026-03-09 02:58:49 [scheduling-1] INFO  c.poc.alerts.service.PayloadService - Waiting for payload insertion...
2026-03-09 02:58:49 [scheduling-1] INFO  c.p.a.scheduler.PayloadScheduler - Scheduler cycle completed
2026-03-09 02:58:49 [scheduling-1] INFO  c.p.a.scheduler.PayloadScheduler - =================================================
2026-03-09 02:58:59 [scheduling-1] INFO  c.p.a.scheduler.PayloadScheduler - =================================================
2026-03-09 02:58:59 [scheduling-1] INFO  c.p.a.scheduler.PayloadScheduler - Scheduler triggered : Checking DB for new payloads
2026-03-09 02:58:59 [scheduling-1] INFO  c.poc.alerts.service.PayloadService - ========= PAYLOAD PUBLISH JOB STARTED ==========
2026-03-09 02:58:59 [scheduling-1] INFO  c.poc.alerts.service.PayloadService - No payload found in DB
2026-03-09 02:58:59 [scheduling-1] INFO  c.poc.alerts.service.PayloadService - Waiting for payload insertion...
2026-03-09 02:58:59 [scheduling-1] INFO  c.p.a.scheduler.PayloadScheduler - Scheduler cycle completed
2026-03-09 02:58:59 [scheduling-1] INFO  c.p.a.scheduler.PayloadScheduler - =================================================
2026-03-09 02:59:09 [scheduling-1] INFO  c.p.a.scheduler.PayloadScheduler - =================================================
2026-03-09 02:59:09 [scheduling-1] INFO  c.p.a.scheduler.PayloadScheduler - Scheduler triggered : Checking DB for new payloads
2026-03-09 02:59:09 [scheduling-1] INFO  c.poc.alerts.service.PayloadService - ========= PAYLOAD PUBLISH JOB STARTED ==========
2026-03-09 02:59:09 [scheduling-1] INFO  c.poc.alerts.service.PayloadService - No payload found in DB
2026-03-09 02:59:09 [scheduling-1] INFO  c.poc.alerts.service.PayloadService - Waiting for payload insertion...
2026-03-09 02:59:09 [scheduling-1] INFO  c.p.a.scheduler.PayloadScheduler - Scheduler cycle completed
2026-03-09 02:59:09 [scheduling-1] INFO  c.p.a.scheduler.PayloadScheduler - =================================================
2026-03-09 02:59:19 [scheduling-1] INFO  c.p.a.scheduler.PayloadScheduler - =================================================
2026-03-09 02:59:19 [scheduling-1] INFO  c.p.a.scheduler.PayloadScheduler - Scheduler triggered : Checking DB for new payloads
2026-03-09 02:59:19 [scheduling-1] INFO  c.poc.alerts.service.PayloadService - ========= PAYLOAD PUBLISH JOB STARTED ==========
2026-03-09 02:59:19 [scheduling-1] INFO  c.poc.alerts.service.PayloadService - No payload found in DB
2026-03-09 02:59:19 [scheduling-1] INFO  c.poc.alerts.service.PayloadService - Waiting for payload insertion...
2026-03-09 02:59:19 [scheduling-1] INFO  c.p.a.scheduler.PayloadScheduler - Scheduler cycle completed
2026-03-09 02:59:19 [scheduling-1] INFO  c.p.a.scheduler.PayloadScheduler - =================================================
2026-03-09 02:59:29 [scheduling-1] INFO  c.p.a.scheduler.PayloadScheduler - =================================================
2026-03-09 02:59:29 [scheduling-1] INFO  c.p.a.scheduler.PayloadScheduler - Scheduler triggered : Checking DB for new payloads
2026-03-09 02:59:29 [scheduling-1] INFO  c.poc.alerts.service.PayloadService - ========= PAYLOAD PUBLISH JOB STARTED ==========
2026-03-09 02:59:29 [scheduling-1] INFO  c.poc.alerts.service.PayloadService - No payload found in DB
2026-03-09 02:59:29 [scheduling-1] INFO  c.poc.alerts.service.PayloadService - Waiting for payload insertion...
2026-03-09 02:59:29 [scheduling-1] INFO  c.p.a.scheduler.PayloadScheduler - Scheduler cycle completed
2026-03-09 02:59:29 [scheduling-1] INFO  c.p.a.scheduler.PayloadScheduler - =================================================
2026-03-09 02:59:39 [scheduling-1] INFO  c.p.a.scheduler.PayloadScheduler - =================================================
2026-03-09 02:59:39 [scheduling-1] INFO  c.p.a.scheduler.PayloadScheduler - Scheduler triggered : Checking DB for new payloads
2026-03-09 02:59:39 [scheduling-1] INFO  c.poc.alerts.service.PayloadService - ========= PAYLOAD PUBLISH JOB STARTED ==========
2026-03-09 02:59:39 [scheduling-1] INFO  c.poc.alerts.service.PayloadService - No payload found in DB
2026-03-09 02:59:39 [scheduling-1] INFO  c.poc.alerts.service.PayloadService - Waiting for payload insertion...
2026-03-09 02:59:39 [scheduling-1] INFO  c.p.a.scheduler.PayloadScheduler - Scheduler cycle completed
2026-03-09 02:59:39 [scheduling-1] INFO  c.p.a.scheduler.PayloadScheduler - =================================================
2026-03-09 02:59:49 [scheduling-1] INFO  c.p.a.scheduler.PayloadScheduler - =================================================
2026-03-09 02:59:49 [scheduling-1] INFO  c.p.a.scheduler.PayloadScheduler - Scheduler triggered : Checking DB for new payloads
2026-03-09 02:59:49 [scheduling-1] INFO  c.poc.alerts.service.PayloadService - ========= PAYLOAD PUBLISH JOB STARTED ==========
2026-03-09 02:59:49 [scheduling-1] INFO  c.poc.alerts.service.PayloadService - No payload found in DB
2026-03-09 02:59:49 [scheduling-1] INFO  c.poc.alerts.service.PayloadService - Waiting for payload insertion...
2026-03-09 02:59:49 [scheduling-1] INFO  c.p.a.scheduler.PayloadScheduler - Scheduler cycle completed
2026-03-09 02:59:49 [scheduling-1] INFO  c.p.a.scheduler.PayloadScheduler - =================================================
2026-03-09 02:59:59 [scheduling-1] INFO  c.p.a.scheduler.PayloadScheduler - =================================================
2026-03-09 02:59:59 [scheduling-1] INFO  c.p.a.scheduler.PayloadScheduler - Scheduler triggered : Checking DB for new payloads
2026-03-09 02:59:59 [scheduling-1] INFO  c.poc.alerts.service.PayloadService - ========= PAYLOAD PUBLISH JOB STARTED ==========
2026-03-09 02:59:59 [scheduling-1] INFO  c.poc.alerts.service.PayloadService - No payload found in DB
2026-03-09 02:59:59 [scheduling-1] INFO  c.poc.alerts.service.PayloadService - Waiting for payload insertion...
2026-03-09 02:59:59 [scheduling-1] INFO  c.p.a.scheduler.PayloadScheduler - Scheduler cycle completed
2026-03-09 02:59:59 [scheduling-1] INFO  c.p.a.scheduler.PayloadScheduler - =================================================
2026-03-09 03:00:09 [scheduling-1] INFO  c.p.a.scheduler.PayloadScheduler - =================================================
2026-03-09 03:00:09 [scheduling-1] INFO  c.p.a.scheduler.PayloadScheduler - Scheduler triggered : Checking DB for new payloads
2026-03-09 03:00:09 [scheduling-1] INFO  c.poc.alerts.service.PayloadService - ========= PAYLOAD PUBLISH JOB STARTED ==========
2026-03-09 03:00:09 [scheduling-1] INFO  c.poc.alerts.service.PayloadService - No payload found in DB
2026-03-09 03:00:09 [scheduling-1] INFO  c.poc.alerts.service.PayloadService - Waiting for payload insertion...
2026-03-09 03:00:09 [scheduling-1] INFO  c.p.a.scheduler.PayloadScheduler - Scheduler cycle completed
2026-03-09 03:00:09 [scheduling-1] INFO  c.p.a.scheduler.PayloadScheduler - =================================================
2026-03-09 03:00:19 [scheduling-1] INFO  c.p.a.scheduler.PayloadScheduler - =================================================
2026-03-09 03:00:19 [scheduling-1] INFO  c.p.a.scheduler.PayloadScheduler - Scheduler triggered : Checking DB for new payloads
2026-03-09 03:00:19 [scheduling-1] INFO  c.poc.alerts.service.PayloadService - ========= PAYLOAD PUBLISH JOB STARTED ==========
2026-03-09 03:00:19 [scheduling-1] INFO  c.poc.alerts.service.PayloadService - No payload found in DB
2026-03-09 03:00:19 [scheduling-1] INFO  c.poc.alerts.service.PayloadService - Waiting for payload insertion...
2026-03-09 03:00:19 [scheduling-1] INFO  c.p.a.scheduler.PayloadScheduler - Scheduler cycle completed
2026-03-09 03:00:19 [scheduling-1] INFO  c.p.a.scheduler.PayloadScheduler - =================================================
2026-03-09 03:00:29 [scheduling-1] INFO  c.p.a.scheduler.PayloadScheduler - =================================================
2026-03-09 03:00:29 [scheduling-1] INFO  c.p.a.scheduler.PayloadScheduler - Scheduler triggered : Checking DB for new payloads
2026-03-09 03:00:29 [scheduling-1] INFO  c.poc.alerts.service.PayloadService - ========= PAYLOAD PUBLISH JOB STARTED ==========
2026-03-09 03:00:29 [scheduling-1] INFO  c.poc.alerts.service.PayloadService - No payload found in DB
2026-03-09 03:00:29 [scheduling-1] INFO  c.poc.alerts.service.PayloadService - Waiting for payload insertion...
2026-03-09 03:00:29 [scheduling-1] INFO  c.p.a.scheduler.PayloadScheduler - Scheduler cycle completed
2026-03-09 03:00:29 [scheduling-1] INFO  c.p.a.scheduler.PayloadScheduler - =================================================
2026-03-09 03:00:39 [scheduling-1] INFO  c.p.a.scheduler.PayloadScheduler - =================================================
2026-03-09 03:00:39 [scheduling-1] INFO  c.p.a.scheduler.PayloadScheduler - Scheduler triggered : Checking DB for new payloads
2026-03-09 03:00:39 [scheduling-1] INFO  c.poc.alerts.service.PayloadService - ========= PAYLOAD PUBLISH JOB STARTED ==========
2026-03-09 03:00:39 [scheduling-1] INFO  c.poc.alerts.service.PayloadService - No payload found in DB
2026-03-09 03:00:39 [scheduling-1] INFO  c.poc.alerts.service.PayloadService - Waiting for payload insertion...
2026-03-09 03:00:39 [scheduling-1] INFO  c.p.a.scheduler.PayloadScheduler - Scheduler cycle completed
2026-03-09 03:00:39 [scheduling-1] INFO  c.p.a.scheduler.PayloadScheduler - =================================================
2026-03-09 03:00:49 [scheduling-1] INFO  c.p.a.scheduler.PayloadScheduler - =================================================
2026-03-09 03:00:49 [scheduling-1] INFO  c.p.a.scheduler.PayloadScheduler - Scheduler triggered : Checking DB for new payloads
2026-03-09 03:00:49 [scheduling-1] INFO  c.poc.alerts.service.PayloadService - ========= PAYLOAD PUBLISH JOB STARTED ==========
2026-03-09 03:00:49 [scheduling-1] INFO  c.poc.alerts.service.PayloadService - No payload found in DB
2026-03-09 03:00:49 [scheduling-1] INFO  c.poc.alerts.service.PayloadService - Waiting for payload insertion...
2026-03-09 03:00:49 [scheduling-1] INFO  c.p.a.scheduler.PayloadScheduler - Scheduler cycle completed
2026-03-09 03:00:49 [scheduling-1] INFO  c.p.a.scheduler.PayloadScheduler - =================================================
2026-03-09 03:00:59 [scheduling-1] INFO  c.p.a.scheduler.PayloadScheduler - =================================================
2026-03-09 03:00:59 [scheduling-1] INFO  c.p.a.scheduler.PayloadScheduler - Scheduler triggered : Checking DB for new payloads
2026-03-09 03:00:59 [scheduling-1] INFO  c.poc.alerts.service.PayloadService - ========= PAYLOAD PUBLISH JOB STARTED ==========
2026-03-09 03:00:59 [scheduling-1] INFO  c.poc.alerts.service.PayloadService - No payload found in DB
2026-03-09 03:00:59 [scheduling-1] INFO  c.poc.alerts.service.PayloadService - Waiting for payload insertion...
2026-03-09 03:00:59 [scheduling-1] INFO  c.p.a.scheduler.PayloadScheduler - Scheduler cycle completed
2026-03-09 03:00:59 [scheduling-1] INFO  c.p.a.scheduler.PayloadScheduler - =================================================
2026-03-09 03:01:09 [scheduling-1] INFO  c.p.a.scheduler.PayloadScheduler - =================================================
2026-03-09 03:01:09 [scheduling-1] INFO  c.p.a.scheduler.PayloadScheduler - Scheduler triggered : Checking DB for new payloads
2026-03-09 03:01:09 [scheduling-1] INFO  c.poc.alerts.service.PayloadService - ========= PAYLOAD PUBLISH JOB STARTED ==========
2026-03-09 03:01:09 [scheduling-1] INFO  c.poc.alerts.service.PayloadService - No payload found in DB
2026-03-09 03:01:09 [scheduling-1] INFO  c.poc.alerts.service.PayloadService - Waiting for payload insertion...
2026-03-09 03:01:09 [scheduling-1] INFO  c.p.a.scheduler.PayloadScheduler - Scheduler cycle completed
2026-03-09 03:01:09 [scheduling-1] INFO  c.p.a.scheduler.PayloadScheduler - =================================================
2026-03-09 03:01:19 [scheduling-1] INFO  c.p.a.scheduler.PayloadScheduler - =================================================
2026-03-09 03:01:19 [scheduling-1] INFO  c.p.a.scheduler.PayloadScheduler - Scheduler triggered : Checking DB for new payloads
2026-03-09 03:01:19 [scheduling-1] INFO  c.poc.alerts.service.PayloadService - ========= PAYLOAD PUBLISH JOB STARTED ==========
2026-03-09 03:01:19 [scheduling-1] INFO  c.poc.alerts.service.PayloadService - No payload found in DB
2026-03-09 03:01:19 [scheduling-1] INFO  c.poc.alerts.service.PayloadService - Waiting for payload insertion...
2026-03-09 03:01:19 [scheduling-1] INFO  c.p.a.scheduler.PayloadScheduler - Scheduler cycle completed
2026-03-09 03:01:19 [scheduling-1] INFO  c.p.a.scheduler.PayloadScheduler - =================================================
2026-03-09 03:01:29 [scheduling-1] INFO  c.p.a.scheduler.PayloadScheduler - =================================================
2026-03-09 03:01:29 [scheduling-1] INFO  c.p.a.scheduler.PayloadScheduler - Scheduler triggered : Checking DB for new payloads
2026-03-09 03:01:29 [scheduling-1] INFO  c.poc.alerts.service.PayloadService - ========= PAYLOAD PUBLISH JOB STARTED ==========
2026-03-09 03:01:29 [scheduling-1] INFO  c.poc.alerts.service.PayloadService - No payload found in DB
2026-03-09 03:01:29 [scheduling-1] INFO  c.poc.alerts.service.PayloadService - Waiting for payload insertion...
2026-03-09 03:01:29 [scheduling-1] INFO  c.p.a.scheduler.PayloadScheduler - Scheduler cycle completed
2026-03-09 03:01:29 [scheduling-1] INFO  c.p.a.scheduler.PayloadScheduler - =================================================
2026-03-09 03:01:39 [scheduling-1] INFO  c.p.a.scheduler.PayloadScheduler - =================================================
2026-03-09 03:01:39 [scheduling-1] INFO  c.p.a.scheduler.PayloadScheduler - Scheduler triggered : Checking DB for new payloads
2026-03-09 03:01:39 [scheduling-1] INFO  c.poc.alerts.service.PayloadService - ========= PAYLOAD PUBLISH JOB STARTED ==========
2026-03-09 03:01:39 [scheduling-1] INFO  c.poc.alerts.service.PayloadService - No payload found in DB
2026-03-09 03:01:39 [scheduling-1] INFO  c.poc.alerts.service.PayloadService - Waiting for payload insertion...
2026-03-09 03:01:39 [scheduling-1] INFO  c.p.a.scheduler.PayloadScheduler - Scheduler cycle completed
2026-03-09 03:01:39 [scheduling-1] INFO  c.p.a.scheduler.PayloadScheduler - =================================================
2026-03-09 03:01:49 [scheduling-1] INFO  c.p.a.scheduler.PayloadScheduler - =================================================
2026-03-09 03:01:49 [scheduling-1] INFO  c.p.a.scheduler.PayloadScheduler - Scheduler triggered : Checking DB for new payloads
2026-03-09 03:01:50 [scheduling-1] INFO  c.poc.alerts.service.PayloadService - ========= PAYLOAD PUBLISH JOB STARTED ==========
2026-03-09 03:01:50 [scheduling-1] INFO  c.poc.alerts.service.PayloadService - No payload found in DB
2026-03-09 03:01:50 [scheduling-1] INFO  c.poc.alerts.service.PayloadService - Waiting for payload insertion...
2026-03-09 03:01:50 [scheduling-1] INFO  c.p.a.scheduler.PayloadScheduler - Scheduler cycle completed
2026-03-09 03:01:50 [scheduling-1] INFO  c.p.a.scheduler.PayloadScheduler - =================================================
2026-03-09 03:02:00 [scheduling-1] INFO  c.p.a.scheduler.PayloadScheduler - =================================================
2026-03-09 03:02:00 [scheduling-1] INFO  c.p.a.scheduler.PayloadScheduler - Scheduler triggered : Checking DB for new payloads
2026-03-09 03:02:00 [scheduling-1] INFO  c.poc.alerts.service.PayloadService - ========= PAYLOAD PUBLISH JOB STARTED ==========
2026-03-09 03:02:00 [scheduling-1] INFO  c.poc.alerts.service.PayloadService - No payload found in DB
2026-03-09 03:02:00 [scheduling-1] INFO  c.poc.alerts.service.PayloadService - Waiting for payload insertion...
2026-03-09 03:02:00 [scheduling-1] INFO  c.p.a.scheduler.PayloadScheduler - Scheduler cycle completed
2026-03-09 03:02:00 [scheduling-1] INFO  c.p.a.scheduler.PayloadScheduler - =================================================
2026-03-09 03:02:10 [scheduling-1] INFO  c.p.a.scheduler.PayloadScheduler - =================================================
2026-03-09 03:02:10 [scheduling-1] INFO  c.p.a.scheduler.PayloadScheduler - Scheduler triggered : Checking DB for new payloads
2026-03-09 03:02:10 [scheduling-1] INFO  c.poc.alerts.service.PayloadService - ========= PAYLOAD PUBLISH JOB STARTED ==========
2026-03-09 03:02:10 [scheduling-1] INFO  c.poc.alerts.service.PayloadService - No payload found in DB
2026-03-09 03:02:10 [scheduling-1] INFO  c.poc.alerts.service.PayloadService - Waiting for payload insertion...
2026-03-09 03:02:10 [scheduling-1] INFO  c.p.a.scheduler.PayloadScheduler - Scheduler cycle completed
2026-03-09 03:02:10 [scheduling-1] INFO  c.p.a.scheduler.PayloadScheduler - =================================================
2026-03-09 03:02:20 [scheduling-1] INFO  c.p.a.scheduler.PayloadScheduler - =================================================
2026-03-09 03:02:20 [scheduling-1] INFO  c.p.a.scheduler.PayloadScheduler - Scheduler triggered : Checking DB for new payloads
2026-03-09 03:02:20 [scheduling-1] INFO  c.poc.alerts.service.PayloadService - ========= PAYLOAD PUBLISH JOB STARTED ==========
2026-03-09 03:02:20 [scheduling-1] INFO  c.poc.alerts.service.PayloadService - No payload found in DB
2026-03-09 03:02:20 [scheduling-1] INFO  c.poc.alerts.service.PayloadService - Waiting for payload insertion...
2026-03-09 03:02:20 [scheduling-1] INFO  c.p.a.scheduler.PayloadScheduler - Scheduler cycle completed
2026-03-09 03:02:20 [scheduling-1] INFO  c.p.a.scheduler.PayloadScheduler - =================================================
2026-03-09 03:02:30 [scheduling-1] INFO  c.p.a.scheduler.PayloadScheduler - =================================================
2026-03-09 03:02:30 [scheduling-1] INFO  c.p.a.scheduler.PayloadScheduler - Scheduler triggered : Checking DB for new payloads
2026-03-09 03:02:30 [scheduling-1] INFO  c.poc.alerts.service.PayloadService - ========= PAYLOAD PUBLISH JOB STARTED ==========
2026-03-09 03:02:30 [scheduling-1] INFO  c.poc.alerts.service.PayloadService - No payload found in DB
2026-03-09 03:02:30 [scheduling-1] INFO  c.poc.alerts.service.PayloadService - Waiting for payload insertion...
2026-03-09 03:02:30 [scheduling-1] INFO  c.p.a.scheduler.PayloadScheduler - Scheduler cycle completed
2026-03-09 03:02:30 [scheduling-1] INFO  c.p.a.scheduler.PayloadScheduler - =================================================
2026-03-09 03:02:40 [scheduling-1] INFO  c.p.a.scheduler.PayloadScheduler - =================================================
2026-03-09 03:02:40 [scheduling-1] INFO  c.p.a.scheduler.PayloadScheduler - Scheduler triggered : Checking DB for new payloads
2026-03-09 03:02:40 [scheduling-1] INFO  c.poc.alerts.service.PayloadService - ========= PAYLOAD PUBLISH JOB STARTED ==========
2026-03-09 03:02:40 [scheduling-1] INFO  c.poc.alerts.service.PayloadService - No payload found in DB
2026-03-09 03:02:40 [scheduling-1] INFO  c.poc.alerts.service.PayloadService - Waiting for payload insertion...
2026-03-09 03:02:40 [scheduling-1] INFO  c.p.a.scheduler.PayloadScheduler - Scheduler cycle completed
2026-03-09 03:02:40 [scheduling-1] INFO  c.p.a.scheduler.PayloadScheduler - =================================================
2026-03-09 03:02:50 [scheduling-1] INFO  c.p.a.scheduler.PayloadScheduler - =================================================
2026-03-09 03:02:50 [scheduling-1] INFO  c.p.a.scheduler.PayloadScheduler - Scheduler triggered : Checking DB for new payloads
2026-03-09 03:02:50 [scheduling-1] INFO  c.poc.alerts.service.PayloadService - ========= PAYLOAD PUBLISH JOB STARTED ==========
2026-03-09 03:02:50 [scheduling-1] INFO  c.poc.alerts.service.PayloadService - No payload found in DB
2026-03-09 03:02:50 [scheduling-1] INFO  c.poc.alerts.service.PayloadService - Waiting for payload insertion...
2026-03-09 03:02:50 [scheduling-1] INFO  c.p.a.scheduler.PayloadScheduler - Scheduler cycle completed
2026-03-09 03:02:50 [scheduling-1] INFO  c.p.a.scheduler.PayloadScheduler - =================================================
2026-03-09 03:03:00 [scheduling-1] INFO  c.p.a.scheduler.PayloadScheduler - =================================================
2026-03-09 03:03:00 [scheduling-1] INFO  c.p.a.scheduler.PayloadScheduler - Scheduler triggered : Checking DB for new payloads
2026-03-09 03:03:00 [scheduling-1] INFO  c.poc.alerts.service.PayloadService - ========= PAYLOAD PUBLISH JOB STARTED ==========
2026-03-09 03:03:00 [scheduling-1] INFO  c.poc.alerts.service.PayloadService - No payload found in DB
2026-03-09 03:03:00 [scheduling-1] INFO  c.poc.alerts.service.PayloadService - Waiting for payload insertion...
2026-03-09 03:03:00 [scheduling-1] INFO  c.p.a.scheduler.PayloadScheduler - Scheduler cycle completed
2026-03-09 03:03:00 [scheduling-1] INFO  c.p.a.scheduler.PayloadScheduler - =================================================
2026-03-09 03:03:10 [scheduling-1] INFO  c.p.a.scheduler.PayloadScheduler - =================================================
2026-03-09 03:03:10 [scheduling-1] INFO  c.p.a.scheduler.PayloadScheduler - Scheduler triggered : Checking DB for new payloads
2026-03-09 03:03:10 [scheduling-1] INFO  c.poc.alerts.service.PayloadService - ========= PAYLOAD PUBLISH JOB STARTED ==========
2026-03-09 03:03:10 [scheduling-1] INFO  c.poc.alerts.service.PayloadService - Total payload records fetched from DB : 5
2026-03-09 03:03:10 [scheduling-1] INFO  c.poc.alerts.service.PayloadService - -----------------------------------------------
2026-03-09 03:03:10 [scheduling-1] INFO  c.poc.alerts.service.PayloadService - Processing payload id : 2
2026-03-09 03:03:10 [scheduling-1] INFO  c.poc.alerts.service.PayloadService - Payload Type : FUND_TRANSFER_SUCCESSFUL
2026-03-09 03:03:10 [scheduling-1] INFO  c.p.a.service.KafkaProducerService - Producing message to topic notifications.events
2026-03-09 03:03:10 [scheduling-1] INFO  c.poc.alerts.service.PayloadService - Payload id 2 marked as PUBLISHED
2026-03-09 03:03:10 [scheduling-1] INFO  c.poc.alerts.service.PayloadService - -----------------------------------------------
2026-03-09 03:03:10 [scheduling-1] INFO  c.poc.alerts.service.PayloadService - Processing payload id : 3
2026-03-09 03:03:10 [scheduling-1] INFO  c.poc.alerts.service.PayloadService - Payload Type : ACCOUNT_CREATED
2026-03-09 03:03:10 [scheduling-1] INFO  c.p.a.service.KafkaProducerService - Producing message to topic notifications.events
2026-03-09 03:03:10 [scheduling-1] INFO  c.poc.alerts.service.PayloadService - Payload id 3 marked as PUBLISHED
2026-03-09 03:03:10 [kafka-producer-network-thread | Producer_Setup-producer-1] INFO  c.p.a.service.KafkaProducerService - Message successfully published to topic notifications.events
2026-03-09 03:03:10 [scheduling-1] INFO  c.poc.alerts.service.PayloadService - -----------------------------------------------
2026-03-09 03:03:10 [scheduling-1] INFO  c.poc.alerts.service.PayloadService - Processing payload id : 4
2026-03-09 03:03:10 [scheduling-1] INFO  c.poc.alerts.service.PayloadService - Payload Type : CUSTOMER_CREATED
2026-03-09 03:03:10 [scheduling-1] INFO  c.p.a.service.KafkaProducerService - Producing message to topic notifications.events
2026-03-09 03:03:10 [kafka-producer-network-thread | Producer_Setup-producer-1] INFO  c.p.a.service.KafkaProducerService - Message successfully published to topic notifications.events
2026-03-09 03:03:10 [kafka-producer-network-thread | Producer_Setup-producer-1] INFO  c.p.a.service.KafkaProducerService - Message successfully published to topic notifications.events
2026-03-09 03:03:10 [scheduling-1] INFO  c.poc.alerts.service.PayloadService - Payload id 4 marked as PUBLISHED
2026-03-09 03:03:10 [scheduling-1] INFO  c.poc.alerts.service.PayloadService - -----------------------------------------------
2026-03-09 03:03:10 [scheduling-1] INFO  c.poc.alerts.service.PayloadService - Processing payload id : 5
2026-03-09 03:03:10 [scheduling-1] INFO  c.poc.alerts.service.PayloadService - Payload Type : LOAN_DISBURSEMENT_SUCCESSFUL
2026-03-09 03:03:10 [scheduling-1] INFO  c.p.a.service.KafkaProducerService - Producing message to topic notifications.events
2026-03-09 03:03:10 [scheduling-1] INFO  c.poc.alerts.service.PayloadService - Payload id 5 marked as PUBLISHED
2026-03-09 03:03:10 [scheduling-1] INFO  c.poc.alerts.service.PayloadService - -----------------------------------------------
2026-03-09 03:03:10 [scheduling-1] INFO  c.poc.alerts.service.PayloadService - Processing payload id : 6
2026-03-09 03:03:10 [scheduling-1] INFO  c.poc.alerts.service.PayloadService - Payload Type : LOAN_PAST_DUE_REMINDER
2026-03-09 03:03:10 [scheduling-1] INFO  c.p.a.service.KafkaProducerService - Producing message to topic notifications.events
2026-03-09 03:03:10 [kafka-producer-network-thread | Producer_Setup-producer-1] INFO  c.p.a.service.KafkaProducerService - Message successfully published to topic notifications.events
2026-03-09 03:03:10 [scheduling-1] INFO  c.poc.alerts.service.PayloadService - Payload id 6 marked as PUBLISHED
2026-03-09 03:03:10 [scheduling-1] INFO  c.poc.alerts.service.PayloadService - ========= PAYLOAD PUBLISH JOB COMPLETED ==========
2026-03-09 03:03:10 [scheduling-1] INFO  c.p.a.scheduler.PayloadScheduler - Scheduler cycle completed
2026-03-09 03:03:10 [scheduling-1] INFO  c.p.a.scheduler.PayloadScheduler - =================================================
2026-03-09 03:03:10 [kafka-producer-network-thread | Producer_Setup-producer-1] INFO  c.p.a.service.KafkaProducerService - Message successfully published to topic notifications.events
2026-03-09 03:03:20 [scheduling-1] INFO  c.p.a.scheduler.PayloadScheduler - =================================================
2026-03-09 03:03:20 [scheduling-1] INFO  c.p.a.scheduler.PayloadScheduler - Scheduler triggered : Checking DB for new payloads
2026-03-09 03:03:20 [scheduling-1] INFO  c.poc.alerts.service.PayloadService - ========= PAYLOAD PUBLISH JOB STARTED ==========
2026-03-09 03:03:20 [scheduling-1] INFO  c.poc.alerts.service.PayloadService - No payload found in DB
2026-03-09 03:03:20 [scheduling-1] INFO  c.poc.alerts.service.PayloadService - Waiting for payload insertion...
2026-03-09 03:03:20 [scheduling-1] INFO  c.p.a.scheduler.PayloadScheduler - Scheduler cycle completed
2026-03-09 03:03:20 [scheduling-1] INFO  c.p.a.scheduler.PayloadScheduler - =================================================
2026-03-09 03:03:30 [scheduling-1] INFO  c.p.a.scheduler.PayloadScheduler - =================================================
2026-03-09 03:03:30 [scheduling-1] INFO  c.p.a.scheduler.PayloadScheduler - Scheduler triggered : Checking DB for new payloads
2026-03-09 03:03:30 [scheduling-1] INFO  c.poc.alerts.service.PayloadService - ========= PAYLOAD PUBLISH JOB STARTED ==========
2026-03-09 03:03:30 [scheduling-1] INFO  c.poc.alerts.service.PayloadService - No payload found in DB
2026-03-09 03:03:30 [scheduling-1] INFO  c.poc.alerts.service.PayloadService - Waiting for payload insertion...
2026-03-09 03:03:30 [scheduling-1] INFO  c.p.a.scheduler.PayloadScheduler - Scheduler cycle completed
2026-03-09 03:03:30 [scheduling-1] INFO  c.p.a.scheduler.PayloadScheduler - =================================================
2026-03-09 03:03:40 [scheduling-1] INFO  c.p.a.scheduler.PayloadScheduler - =================================================
2026-03-09 03:03:40 [scheduling-1] INFO  c.p.a.scheduler.PayloadScheduler - Scheduler triggered : Checking DB for new payloads
2026-03-09 03:03:40 [scheduling-1] INFO  c.poc.alerts.service.PayloadService - ========= PAYLOAD PUBLISH JOB STARTED ==========
2026-03-09 03:03:40 [scheduling-1] INFO  c.poc.alerts.service.PayloadService - No payload found in DB
2026-03-09 03:03:40 [scheduling-1] INFO  c.poc.alerts.service.PayloadService - Waiting for payload insertion...
2026-03-09 03:03:40 [scheduling-1] INFO  c.p.a.scheduler.PayloadScheduler - Scheduler cycle completed
2026-03-09 03:03:40 [scheduling-1] INFO  c.p.a.scheduler.PayloadScheduler - =================================================
2026-03-09 03:03:50 [scheduling-1] INFO  c.p.a.scheduler.PayloadScheduler - =================================================
2026-03-09 03:03:50 [scheduling-1] INFO  c.p.a.scheduler.PayloadScheduler - Scheduler triggered : Checking DB for new payloads
2026-03-09 03:03:50 [scheduling-1] INFO  c.poc.alerts.service.PayloadService - ========= PAYLOAD PUBLISH JOB STARTED ==========
2026-03-09 03:03:50 [scheduling-1] INFO  c.poc.alerts.service.PayloadService - No payload found in DB
2026-03-09 03:03:50 [scheduling-1] INFO  c.poc.alerts.service.PayloadService - Waiting for payload insertion...
2026-03-09 03:03:50 [scheduling-1] INFO  c.p.a.scheduler.PayloadScheduler - Scheduler cycle completed
2026-03-09 03:03:50 [scheduling-1] INFO  c.p.a.scheduler.PayloadScheduler - =================================================
2026-03-09 03:04:00 [scheduling-1] INFO  c.p.a.scheduler.PayloadScheduler - =================================================
2026-03-09 03:04:00 [scheduling-1] INFO  c.p.a.scheduler.PayloadScheduler - Scheduler triggered : Checking DB for new payloads
2026-03-09 03:04:00 [scheduling-1] INFO  c.poc.alerts.service.PayloadService - ========= PAYLOAD PUBLISH JOB STARTED ==========
2026-03-09 03:04:00 [scheduling-1] INFO  c.poc.alerts.service.PayloadService - No payload found in DB
2026-03-09 03:04:00 [scheduling-1] INFO  c.poc.alerts.service.PayloadService - Waiting for payload insertion...
2026-03-09 03:04:00 [scheduling-1] INFO  c.p.a.scheduler.PayloadScheduler - Scheduler cycle completed
2026-03-09 03:04:00 [scheduling-1] INFO  c.p.a.scheduler.PayloadScheduler - =================================================
2026-03-09 03:04:10 [scheduling-1] INFO  c.p.a.scheduler.PayloadScheduler - =================================================
2026-03-09 03:04:10 [scheduling-1] INFO  c.p.a.scheduler.PayloadScheduler - Scheduler triggered : Checking DB for new payloads
2026-03-09 03:04:10 [scheduling-1] INFO  c.poc.alerts.service.PayloadService - ========= PAYLOAD PUBLISH JOB STARTED ==========
2026-03-09 03:04:10 [scheduling-1] INFO  c.poc.alerts.service.PayloadService - No payload found in DB
2026-03-09 03:04:10 [scheduling-1] INFO  c.poc.alerts.service.PayloadService - Waiting for payload insertion...
2026-03-09 03:04:10 [scheduling-1] INFO  c.p.a.scheduler.PayloadScheduler - Scheduler cycle completed
2026-03-09 03:04:10 [scheduling-1] INFO  c.p.a.scheduler.PayloadScheduler - =================================================
2026-03-09 03:04:20 [scheduling-1] INFO  c.p.a.scheduler.PayloadScheduler - =================================================
2026-03-09 03:04:20 [scheduling-1] INFO  c.p.a.scheduler.PayloadScheduler - Scheduler triggered : Checking DB for new payloads
2026-03-09 03:04:20 [scheduling-1] INFO  c.poc.alerts.service.PayloadService - ========= PAYLOAD PUBLISH JOB STARTED ==========
2026-03-09 03:04:20 [scheduling-1] INFO  c.poc.alerts.service.PayloadService - No payload found in DB
2026-03-09 03:04:20 [scheduling-1] INFO  c.poc.alerts.service.PayloadService - Waiting for payload insertion...
2026-03-09 03:04:20 [scheduling-1] INFO  c.p.a.scheduler.PayloadScheduler - Scheduler cycle completed
2026-03-09 03:04:20 [scheduling-1] INFO  c.p.a.scheduler.PayloadScheduler - =================================================
2026-03-09 03:04:30 [scheduling-1] INFO  c.p.a.scheduler.PayloadScheduler - =================================================
2026-03-09 03:04:30 [scheduling-1] INFO  c.p.a.scheduler.PayloadScheduler - Scheduler triggered : Checking DB for new payloads
2026-03-09 03:04:30 [scheduling-1] INFO  c.poc.alerts.service.PayloadService - ========= PAYLOAD PUBLISH JOB STARTED ==========
2026-03-09 03:04:30 [scheduling-1] INFO  c.poc.alerts.service.PayloadService - No payload found in DB
2026-03-09 03:04:30 [scheduling-1] INFO  c.poc.alerts.service.PayloadService - Waiting for payload insertion...
2026-03-09 03:04:30 [scheduling-1] INFO  c.p.a.scheduler.PayloadScheduler - Scheduler cycle completed
2026-03-09 03:04:30 [scheduling-1] INFO  c.p.a.scheduler.PayloadScheduler - =================================================
2026-03-09 03:04:40 [scheduling-1] INFO  c.p.a.scheduler.PayloadScheduler - =================================================
2026-03-09 03:04:40 [scheduling-1] INFO  c.p.a.scheduler.PayloadScheduler - Scheduler triggered : Checking DB for new payloads
2026-03-09 03:04:40 [scheduling-1] INFO  c.poc.alerts.service.PayloadService - ========= PAYLOAD PUBLISH JOB STARTED ==========
2026-03-09 03:04:40 [scheduling-1] INFO  c.poc.alerts.service.PayloadService - Total payload records fetched from DB : 5
2026-03-09 03:04:40 [scheduling-1] INFO  c.poc.alerts.service.PayloadService - -----------------------------------------------
2026-03-09 03:04:40 [scheduling-1] INFO  c.poc.alerts.service.PayloadService - Processing payload id : 7
2026-03-09 03:04:40 [scheduling-1] INFO  c.poc.alerts.service.PayloadService - Payload Type : FUND_TRANSFER_SUCCESSFUL
2026-03-09 03:04:40 [scheduling-1] INFO  c.p.a.service.KafkaProducerService - Producing message to topic notifications.events
2026-03-09 03:04:40 [scheduling-1] INFO  c.poc.alerts.service.PayloadService - Payload id 7 marked as PUBLISHED
2026-03-09 03:04:40 [scheduling-1] INFO  c.poc.alerts.service.PayloadService - -----------------------------------------------
2026-03-09 03:04:40 [scheduling-1] INFO  c.poc.alerts.service.PayloadService - Processing payload id : 8
2026-03-09 03:04:40 [scheduling-1] INFO  c.poc.alerts.service.PayloadService - Payload Type : ACCOUNT_CREATED
2026-03-09 03:04:40 [scheduling-1] INFO  c.p.a.service.KafkaProducerService - Producing message to topic notifications.events
2026-03-09 03:04:40 [kafka-producer-network-thread | Producer_Setup-producer-1] INFO  c.p.a.service.KafkaProducerService - Message successfully published to topic notifications.events
2026-03-09 03:04:40 [kafka-producer-network-thread | Producer_Setup-producer-1] INFO  c.p.a.service.KafkaProducerService - Message successfully published to topic notifications.events
2026-03-09 03:04:40 [scheduling-1] INFO  c.poc.alerts.service.PayloadService - Payload id 8 marked as PUBLISHED
2026-03-09 03:04:40 [scheduling-1] INFO  c.poc.alerts.service.PayloadService - -----------------------------------------------
2026-03-09 03:04:40 [scheduling-1] INFO  c.poc.alerts.service.PayloadService - Processing payload id : 9
2026-03-09 03:04:40 [scheduling-1] INFO  c.poc.alerts.service.PayloadService - Payload Type : CUSTOMER_CREATED
2026-03-09 03:04:40 [scheduling-1] INFO  c.p.a.service.KafkaProducerService - Producing message to topic notifications.events
2026-03-09 03:04:40 [scheduling-1] INFO  c.poc.alerts.service.PayloadService - Payload id 9 marked as PUBLISHED
2026-03-09 03:04:40 [scheduling-1] INFO  c.poc.alerts.service.PayloadService - -----------------------------------------------
2026-03-09 03:04:40 [scheduling-1] INFO  c.poc.alerts.service.PayloadService - Processing payload id : 10
2026-03-09 03:04:40 [scheduling-1] INFO  c.poc.alerts.service.PayloadService - Payload Type : LOAN_DISBURSEMENT_SUCCESSFUL
2026-03-09 03:04:40 [scheduling-1] INFO  c.p.a.service.KafkaProducerService - Producing message to topic notifications.events
2026-03-09 03:04:40 [kafka-producer-network-thread | Producer_Setup-producer-1] INFO  c.p.a.service.KafkaProducerService - Message successfully published to topic notifications.events
2026-03-09 03:04:40 [scheduling-1] INFO  c.poc.alerts.service.PayloadService - Payload id 10 marked as PUBLISHED
2026-03-09 03:04:40 [scheduling-1] INFO  c.poc.alerts.service.PayloadService - -----------------------------------------------
2026-03-09 03:04:40 [scheduling-1] INFO  c.poc.alerts.service.PayloadService - Processing payload id : 11
2026-03-09 03:04:40 [scheduling-1] INFO  c.poc.alerts.service.PayloadService - Payload Type : LOAN_PAST_DUE_REMINDER
2026-03-09 03:04:40 [scheduling-1] INFO  c.p.a.service.KafkaProducerService - Producing message to topic notifications.events
2026-03-09 03:04:40 [kafka-producer-network-thread | Producer_Setup-producer-1] INFO  c.p.a.service.KafkaProducerService - Message successfully published to topic notifications.events
2026-03-09 03:04:40 [scheduling-1] INFO  c.poc.alerts.service.PayloadService - Payload id 11 marked as PUBLISHED
2026-03-09 03:04:40 [scheduling-1] INFO  c.poc.alerts.service.PayloadService - ========= PAYLOAD PUBLISH JOB COMPLETED ==========
2026-03-09 03:04:40 [scheduling-1] INFO  c.p.a.scheduler.PayloadScheduler - Scheduler cycle completed
2026-03-09 03:04:40 [scheduling-1] INFO  c.p.a.scheduler.PayloadScheduler - =================================================
2026-03-09 03:04:40 [kafka-producer-network-thread | Producer_Setup-producer-1] INFO  c.p.a.service.KafkaProducerService - Message successfully published to topic notifications.events
2026-03-09 03:04:50 [scheduling-1] INFO  c.p.a.scheduler.PayloadScheduler - =================================================
2026-03-09 03:04:50 [scheduling-1] INFO  c.p.a.scheduler.PayloadScheduler - Scheduler triggered : Checking DB for new payloads
2026-03-09 03:04:50 [scheduling-1] INFO  c.poc.alerts.service.PayloadService - ========= PAYLOAD PUBLISH JOB STARTED ==========
2026-03-09 03:04:50 [scheduling-1] INFO  c.poc.alerts.service.PayloadService - No payload found in DB
2026-03-09 03:04:50 [scheduling-1] INFO  c.poc.alerts.service.PayloadService - Waiting for payload insertion...
2026-03-09 03:04:50 [scheduling-1] INFO  c.p.a.scheduler.PayloadScheduler - Scheduler cycle completed
2026-03-09 03:04:50 [scheduling-1] INFO  c.p.a.scheduler.PayloadScheduler - =================================================
2026-03-09 03:05:00 [scheduling-1] INFO  c.p.a.scheduler.PayloadScheduler - =================================================
2026-03-09 03:05:00 [scheduling-1] INFO  c.p.a.scheduler.PayloadScheduler - Scheduler triggered : Checking DB for new payloads
2026-03-09 03:05:00 [scheduling-1] INFO  c.poc.alerts.service.PayloadService - ========= PAYLOAD PUBLISH JOB STARTED ==========
2026-03-09 03:05:00 [scheduling-1] INFO  c.poc.alerts.service.PayloadService - No payload found in DB
2026-03-09 03:05:00 [scheduling-1] INFO  c.poc.alerts.service.PayloadService - Waiting for payload insertion...
2026-03-09 03:05:00 [scheduling-1] INFO  c.p.a.scheduler.PayloadScheduler - Scheduler cycle completed
2026-03-09 03:05:00 [scheduling-1] INFO  c.p.a.scheduler.PayloadScheduler - =================================================
2026-03-09 03:05:10 [scheduling-1] INFO  c.p.a.scheduler.PayloadScheduler - =================================================
2026-03-09 03:05:10 [scheduling-1] INFO  c.p.a.scheduler.PayloadScheduler - Scheduler triggered : Checking DB for new payloads
2026-03-09 03:05:10 [scheduling-1] INFO  c.poc.alerts.service.PayloadService - ========= PAYLOAD PUBLISH JOB STARTED ==========
2026-03-09 03:05:10 [scheduling-1] INFO  c.poc.alerts.service.PayloadService - No payload found in DB
2026-03-09 03:05:10 [scheduling-1] INFO  c.poc.alerts.service.PayloadService - Waiting for payload insertion...
2026-03-09 03:05:10 [scheduling-1] INFO  c.p.a.scheduler.PayloadScheduler - Scheduler cycle completed
2026-03-09 03:05:10 [scheduling-1] INFO  c.p.a.scheduler.PayloadScheduler - =================================================
2026-03-09 03:05:20 [scheduling-1] INFO  c.p.a.scheduler.PayloadScheduler - =================================================
2026-03-09 03:05:20 [scheduling-1] INFO  c.p.a.scheduler.PayloadScheduler - Scheduler triggered : Checking DB for new payloads
2026-03-09 03:05:20 [scheduling-1] INFO  c.poc.alerts.service.PayloadService - ========= PAYLOAD PUBLISH JOB STARTED ==========
2026-03-09 03:05:20 [scheduling-1] INFO  c.poc.alerts.service.PayloadService - No payload found in DB
2026-03-09 03:05:20 [scheduling-1] INFO  c.poc.alerts.service.PayloadService - Waiting for payload insertion...
2026-03-09 03:05:20 [scheduling-1] INFO  c.p.a.scheduler.PayloadScheduler - Scheduler cycle completed
2026-03-09 03:05:20 [scheduling-1] INFO  c.p.a.scheduler.PayloadScheduler - =================================================
2026-03-09 03:05:30 [scheduling-1] INFO  c.p.a.scheduler.PayloadScheduler - =================================================
2026-03-09 03:05:30 [scheduling-1] INFO  c.p.a.scheduler.PayloadScheduler - Scheduler triggered : Checking DB for new payloads
2026-03-09 03:05:30 [scheduling-1] INFO  c.poc.alerts.service.PayloadService - ========= PAYLOAD PUBLISH JOB STARTED ==========
2026-03-09 03:05:30 [scheduling-1] INFO  c.poc.alerts.service.PayloadService - No payload found in DB
2026-03-09 03:05:30 [scheduling-1] INFO  c.poc.alerts.service.PayloadService - Waiting for payload insertion...
2026-03-09 03:05:30 [scheduling-1] INFO  c.p.a.scheduler.PayloadScheduler - Scheduler cycle completed
2026-03-09 03:05:30 [scheduling-1] INFO  c.p.a.scheduler.PayloadScheduler - =================================================
2026-03-09 03:05:40 [scheduling-1] INFO  c.p.a.scheduler.PayloadScheduler - =================================================
2026-03-09 03:05:40 [scheduling-1] INFO  c.p.a.scheduler.PayloadScheduler - Scheduler triggered : Checking DB for new payloads
2026-03-09 03:05:40 [scheduling-1] INFO  c.poc.alerts.service.PayloadService - ========= PAYLOAD PUBLISH JOB STARTED ==========
2026-03-09 03:05:40 [scheduling-1] INFO  c.poc.alerts.service.PayloadService - No payload found in DB
2026-03-09 03:05:40 [scheduling-1] INFO  c.poc.alerts.service.PayloadService - Waiting for payload insertion...
2026-03-09 03:05:40 [scheduling-1] INFO  c.p.a.scheduler.PayloadScheduler - Scheduler cycle completed
2026-03-09 03:05:40 [scheduling-1] INFO  c.p.a.scheduler.PayloadScheduler - =================================================
2026-03-09 03:05:50 [scheduling-1] INFO  c.p.a.scheduler.PayloadScheduler - =================================================
2026-03-09 03:05:50 [scheduling-1] INFO  c.p.a.scheduler.PayloadScheduler - Scheduler triggered : Checking DB for new payloads
2026-03-09 03:05:50 [scheduling-1] INFO  c.poc.alerts.service.PayloadService - ========= PAYLOAD PUBLISH JOB STARTED ==========
2026-03-09 03:05:50 [scheduling-1] INFO  c.poc.alerts.service.PayloadService - No payload found in DB
2026-03-09 03:05:50 [scheduling-1] INFO  c.poc.alerts.service.PayloadService - Waiting for payload insertion...
2026-03-09 03:05:50 [scheduling-1] INFO  c.p.a.scheduler.PayloadScheduler - Scheduler cycle completed
2026-03-09 03:05:50 [scheduling-1] INFO  c.p.a.scheduler.PayloadScheduler - =================================================
2026-03-09 03:06:00 [scheduling-1] INFO  c.p.a.scheduler.PayloadScheduler - =================================================
2026-03-09 03:06:00 [scheduling-1] INFO  c.p.a.scheduler.PayloadScheduler - Scheduler triggered : Checking DB for new payloads
2026-03-09 03:06:00 [scheduling-1] INFO  c.poc.alerts.service.PayloadService - ========= PAYLOAD PUBLISH JOB STARTED ==========
2026-03-09 03:06:00 [scheduling-1] INFO  c.poc.alerts.service.PayloadService - No payload found in DB
2026-03-09 03:06:00 [scheduling-1] INFO  c.poc.alerts.service.PayloadService - Waiting for payload insertion...
2026-03-09 03:06:00 [scheduling-1] INFO  c.p.a.scheduler.PayloadScheduler - Scheduler cycle completed
2026-03-09 03:06:00 [scheduling-1] INFO  c.p.a.scheduler.PayloadScheduler - =================================================
2026-03-09 03:06:10 [kafka-producer-network-thread | Producer_Setup-producer-1] INFO  o.apache.kafka.clients.NetworkClient - [Producer clientId=Producer_Setup-producer-1] Node -1 disconnected.
2026-03-09 03:06:10 [scheduling-1] INFO  c.p.a.scheduler.PayloadScheduler - =================================================
2026-03-09 03:06:10 [scheduling-1] INFO  c.p.a.scheduler.PayloadScheduler - Scheduler triggered : Checking DB for new payloads
2026-03-09 03:06:10 [scheduling-1] INFO  c.poc.alerts.service.PayloadService - ========= PAYLOAD PUBLISH JOB STARTED ==========
2026-03-09 03:06:10 [scheduling-1] INFO  c.poc.alerts.service.PayloadService - No payload found in DB
2026-03-09 03:06:10 [scheduling-1] INFO  c.poc.alerts.service.PayloadService - Waiting for payload insertion...
2026-03-09 03:06:10 [scheduling-1] INFO  c.p.a.scheduler.PayloadScheduler - Scheduler cycle completed
2026-03-09 03:06:10 [scheduling-1] INFO  c.p.a.scheduler.PayloadScheduler - =================================================
2026-03-09 03:06:20 [scheduling-1] INFO  c.p.a.scheduler.PayloadScheduler - =================================================
2026-03-09 03:06:20 [scheduling-1] INFO  c.p.a.scheduler.PayloadScheduler - Scheduler triggered : Checking DB for new payloads
2026-03-09 03:06:20 [scheduling-1] INFO  c.poc.alerts.service.PayloadService - ========= PAYLOAD PUBLISH JOB STARTED ==========
2026-03-09 03:06:20 [scheduling-1] INFO  c.poc.alerts.service.PayloadService - No payload found in DB
2026-03-09 03:06:20 [scheduling-1] INFO  c.poc.alerts.service.PayloadService - Waiting for payload insertion...
2026-03-09 03:06:20 [scheduling-1] INFO  c.p.a.scheduler.PayloadScheduler - Scheduler cycle completed
2026-03-09 03:06:20 [scheduling-1] INFO  c.p.a.scheduler.PayloadScheduler - =================================================
2026-03-09 03:06:30 [scheduling-1] INFO  c.p.a.scheduler.PayloadScheduler - =================================================
2026-03-09 03:06:30 [scheduling-1] INFO  c.p.a.scheduler.PayloadScheduler - Scheduler triggered : Checking DB for new payloads
2026-03-09 03:06:30 [scheduling-1] INFO  c.poc.alerts.service.PayloadService - ========= PAYLOAD PUBLISH JOB STARTED ==========
2026-03-09 03:06:30 [scheduling-1] INFO  c.poc.alerts.service.PayloadService - Total payload records fetched from DB : 5
2026-03-09 03:06:30 [scheduling-1] INFO  c.poc.alerts.service.PayloadService - -----------------------------------------------
2026-03-09 03:06:30 [scheduling-1] INFO  c.poc.alerts.service.PayloadService - Processing payload id : 12
2026-03-09 03:06:30 [scheduling-1] INFO  c.poc.alerts.service.PayloadService - Payload Type : FUND_TRANSFER_SUCCESSFUL
2026-03-09 03:06:30 [scheduling-1] INFO  c.p.a.service.KafkaProducerService - Producing message to topic notifications.events
2026-03-09 03:06:30 [scheduling-1] INFO  c.poc.alerts.service.PayloadService - Payload id 12 marked as PUBLISHED
2026-03-09 03:06:30 [scheduling-1] INFO  c.poc.alerts.service.PayloadService - -----------------------------------------------
2026-03-09 03:06:30 [scheduling-1] INFO  c.poc.alerts.service.PayloadService - Processing payload id : 13
2026-03-09 03:06:30 [scheduling-1] INFO  c.poc.alerts.service.PayloadService - Payload Type : ACCOUNT_CREATED
2026-03-09 03:06:30 [scheduling-1] INFO  c.p.a.service.KafkaProducerService - Producing message to topic notifications.events
2026-03-09 03:06:30 [kafka-producer-network-thread | Producer_Setup-producer-1] INFO  c.p.a.service.KafkaProducerService - Message successfully published to topic notifications.events
2026-03-09 03:06:30 [kafka-producer-network-thread | Producer_Setup-producer-1] INFO  c.p.a.service.KafkaProducerService - Message successfully published to topic notifications.events
2026-03-09 03:06:30 [scheduling-1] INFO  c.poc.alerts.service.PayloadService - Payload id 13 marked as PUBLISHED
2026-03-09 03:06:30 [scheduling-1] INFO  c.poc.alerts.service.PayloadService - -----------------------------------------------
2026-03-09 03:06:30 [scheduling-1] INFO  c.poc.alerts.service.PayloadService - Processing payload id : 14
2026-03-09 03:06:30 [scheduling-1] INFO  c.poc.alerts.service.PayloadService - Payload Type : CUSTOMER_CREATED
2026-03-09 03:06:30 [scheduling-1] INFO  c.p.a.service.KafkaProducerService - Producing message to topic notifications.events
2026-03-09 03:06:30 [scheduling-1] INFO  c.poc.alerts.service.PayloadService - Payload id 14 marked as PUBLISHED
2026-03-09 03:06:30 [scheduling-1] INFO  c.poc.alerts.service.PayloadService - -----------------------------------------------
2026-03-09 03:06:30 [scheduling-1] INFO  c.poc.alerts.service.PayloadService - Processing payload id : 15
2026-03-09 03:06:30 [scheduling-1] INFO  c.poc.alerts.service.PayloadService - Payload Type : LOAN_DISBURSEMENT_SUCCESSFUL
2026-03-09 03:06:30 [scheduling-1] INFO  c.p.a.service.KafkaProducerService - Producing message to topic notifications.events
2026-03-09 03:06:30 [kafka-producer-network-thread | Producer_Setup-producer-1] INFO  c.p.a.service.KafkaProducerService - Message successfully published to topic notifications.events
2026-03-09 03:06:30 [scheduling-1] INFO  c.poc.alerts.service.PayloadService - Payload id 15 marked as PUBLISHED
2026-03-09 03:06:30 [scheduling-1] INFO  c.poc.alerts.service.PayloadService - -----------------------------------------------
2026-03-09 03:06:30 [scheduling-1] INFO  c.poc.alerts.service.PayloadService - Processing payload id : 16
2026-03-09 03:06:30 [scheduling-1] INFO  c.poc.alerts.service.PayloadService - Payload Type : LOAN_PAST_DUE_REMINDER
2026-03-09 03:06:30 [scheduling-1] INFO  c.p.a.service.KafkaProducerService - Producing message to topic notifications.events
2026-03-09 03:06:30 [kafka-producer-network-thread | Producer_Setup-producer-1] INFO  c.p.a.service.KafkaProducerService - Message successfully published to topic notifications.events
2026-03-09 03:06:30 [scheduling-1] INFO  c.poc.alerts.service.PayloadService - Payload id 16 marked as PUBLISHED
2026-03-09 03:06:30 [scheduling-1] INFO  c.poc.alerts.service.PayloadService - ========= PAYLOAD PUBLISH JOB COMPLETED ==========
2026-03-09 03:06:30 [scheduling-1] INFO  c.p.a.scheduler.PayloadScheduler - Scheduler cycle completed
2026-03-09 03:06:30 [scheduling-1] INFO  c.p.a.scheduler.PayloadScheduler - =================================================
2026-03-09 03:06:30 [kafka-producer-network-thread | Producer_Setup-producer-1] INFO  c.p.a.service.KafkaProducerService - Message successfully published to topic notifications.events
2026-03-09 03:06:40 [scheduling-1] INFO  c.p.a.scheduler.PayloadScheduler - =================================================
2026-03-09 03:06:40 [scheduling-1] INFO  c.p.a.scheduler.PayloadScheduler - Scheduler triggered : Checking DB for new payloads
2026-03-09 03:06:40 [scheduling-1] INFO  c.poc.alerts.service.PayloadService - ========= PAYLOAD PUBLISH JOB STARTED ==========
2026-03-09 03:06:40 [scheduling-1] INFO  c.poc.alerts.service.PayloadService - No payload found in DB
2026-03-09 03:06:40 [scheduling-1] INFO  c.poc.alerts.service.PayloadService - Waiting for payload insertion...
2026-03-09 03:06:40 [scheduling-1] INFO  c.p.a.scheduler.PayloadScheduler - Scheduler cycle completed
2026-03-09 03:06:40 [scheduling-1] INFO  c.p.a.scheduler.PayloadScheduler - =================================================
2026-03-09 03:06:50 [scheduling-1] INFO  c.p.a.scheduler.PayloadScheduler - =================================================
2026-03-09 03:06:50 [scheduling-1] INFO  c.p.a.scheduler.PayloadScheduler - Scheduler triggered : Checking DB for new payloads
2026-03-09 03:06:50 [scheduling-1] INFO  c.poc.alerts.service.PayloadService - ========= PAYLOAD PUBLISH JOB STARTED ==========
2026-03-09 03:06:50 [scheduling-1] INFO  c.poc.alerts.service.PayloadService - No payload found in DB
2026-03-09 03:06:50 [scheduling-1] INFO  c.poc.alerts.service.PayloadService - Waiting for payload insertion...
2026-03-09 03:06:50 [scheduling-1] INFO  c.p.a.scheduler.PayloadScheduler - Scheduler cycle completed
2026-03-09 03:06:50 [scheduling-1] INFO  c.p.a.scheduler.PayloadScheduler - =================================================
2026-03-09 03:07:00 [scheduling-1] INFO  c.p.a.scheduler.PayloadScheduler - =================================================
2026-03-09 03:07:00 [scheduling-1] INFO  c.p.a.scheduler.PayloadScheduler - Scheduler triggered : Checking DB for new payloads
2026-03-09 03:07:00 [scheduling-1] INFO  c.poc.alerts.service.PayloadService - ========= PAYLOAD PUBLISH JOB STARTED ==========
2026-03-09 03:07:00 [scheduling-1] INFO  c.poc.alerts.service.PayloadService - No payload found in DB
2026-03-09 03:07:00 [scheduling-1] INFO  c.poc.alerts.service.PayloadService - Waiting for payload insertion...
2026-03-09 03:07:00 [scheduling-1] INFO  c.p.a.scheduler.PayloadScheduler - Scheduler cycle completed
2026-03-09 03:07:00 [scheduling-1] INFO  c.p.a.scheduler.PayloadScheduler - =================================================
2026-03-09 03:07:10 [scheduling-1] INFO  c.p.a.scheduler.PayloadScheduler - =================================================
2026-03-09 03:07:10 [scheduling-1] INFO  c.p.a.scheduler.PayloadScheduler - Scheduler triggered : Checking DB for new payloads
2026-03-09 03:07:10 [scheduling-1] INFO  c.poc.alerts.service.PayloadService - ========= PAYLOAD PUBLISH JOB STARTED ==========
2026-03-09 03:07:10 [scheduling-1] INFO  c.poc.alerts.service.PayloadService - No payload found in DB
2026-03-09 03:07:10 [scheduling-1] INFO  c.poc.alerts.service.PayloadService - Waiting for payload insertion...
2026-03-09 03:07:10 [scheduling-1] INFO  c.p.a.scheduler.PayloadScheduler - Scheduler cycle completed
2026-03-09 03:07:10 [scheduling-1] INFO  c.p.a.scheduler.PayloadScheduler - =================================================
2026-03-09 03:07:19 [RMI TCP Connection(18)-127.0.0.1] INFO  o.s.b.a.SpringApplicationAdminMXBeanRegistrar$SpringApplicationAdmin - Application shutdown requested.
2026-03-09 03:07:19 [RMI TCP Connection(18)-127.0.0.1] INFO  o.a.coyote.http11.Http11NioProtocol - Stopping ProtocolHandler ["http-nio-8080"]
2026-03-09 03:07:19 [RMI TCP Connection(18)-127.0.0.1] INFO  o.a.k.clients.producer.KafkaProducer - [Producer clientId=Producer_Setup-producer-1] Closing the Kafka producer with timeoutMillis = 30000 ms.
2026-03-09 03:07:19 [RMI TCP Connection(18)-127.0.0.1] INFO  o.a.kafka.common.metrics.Metrics - Metrics scheduler closed
2026-03-09 03:07:19 [RMI TCP Connection(18)-127.0.0.1] INFO  o.a.kafka.common.metrics.Metrics - Closing reporter org.apache.kafka.common.metrics.JmxReporter
2026-03-09 03:07:19 [RMI TCP Connection(18)-127.0.0.1] INFO  o.a.kafka.common.metrics.Metrics - Closing reporter org.apache.kafka.common.telemetry.internals.ClientTelemetryReporter
2026-03-09 03:07:19 [RMI TCP Connection(18)-127.0.0.1] INFO  o.a.kafka.common.metrics.Metrics - Metrics reporters closed
2026-03-09 03:07:19 [RMI TCP Connection(18)-127.0.0.1] INFO  o.a.kafka.common.utils.AppInfoParser - App info kafka.producer for Producer_Setup-producer-1 unregistered
2026-03-09 03:07:19 [RMI TCP Connection(18)-127.0.0.1] INFO  o.s.o.j.LocalContainerEntityManagerFactoryBean - Closing JPA EntityManagerFactory for persistence unit 'default'
2026-03-09 03:07:19 [RMI TCP Connection(18)-127.0.0.1] INFO  com.zaxxer.hikari.HikariDataSource - HikariPool-1 - Shutdown initiated...
2026-03-09 03:07:19 [RMI TCP Connection(18)-127.0.0.1] INFO  com.zaxxer.hikari.HikariDataSource - HikariPool-1 - Shutdown completed.
2026-03-09 03:32:46 [main] INFO  c.p.alerts.ProducerSetupApplication - Starting ProducerSetupApplication using Java 21.0.10 with PID 14340 (D:\Developer\Producer_Setup\target\classes started by Admin in D:\Developer\Producer_Setup)
2026-03-09 03:32:46 [main] INFO  c.p.alerts.ProducerSetupApplication - No active profile set, falling back to 1 default profile: "default"
2026-03-09 03:32:47 [main] INFO  o.s.d.r.c.RepositoryConfigurationDelegate - Bootstrapping Spring Data JPA repositories in DEFAULT mode.
2026-03-09 03:32:47 [main] INFO  o.s.d.r.c.RepositoryConfigurationDelegate - Finished Spring Data repository scanning in 53 ms. Found 1 JPA repository interface.
2026-03-09 03:32:48 [main] INFO  o.s.b.w.e.tomcat.TomcatWebServer - Tomcat initialized with port 8080 (http)
2026-03-09 03:32:48 [main] INFO  o.a.coyote.http11.Http11NioProtocol - Initializing ProtocolHandler ["http-nio-8080"]
2026-03-09 03:32:48 [main] INFO  o.a.catalina.core.StandardService - Starting service [Tomcat]
2026-03-09 03:32:48 [main] INFO  o.a.catalina.core.StandardEngine - Starting Servlet engine: [Apache Tomcat/10.1.31]
2026-03-09 03:32:48 [main] INFO  o.a.c.c.C.[Tomcat].[localhost].[/] - Initializing Spring embedded WebApplicationContext
2026-03-09 03:32:48 [main] INFO  o.s.b.w.s.c.ServletWebServerApplicationContext - Root WebApplicationContext: initialization completed in 1629 ms
2026-03-09 03:32:48 [main] INFO  com.zaxxer.hikari.HikariDataSource - HikariPool-1 - Starting...
2026-03-09 03:32:49 [main] INFO  com.zaxxer.hikari.pool.HikariPool - HikariPool-1 - Added connection conn0: url=jdbc:h2:mem:alertdb user=SA
2026-03-09 03:32:49 [main] INFO  com.zaxxer.hikari.HikariDataSource - HikariPool-1 - Start completed.
2026-03-09 03:32:49 [main] INFO  o.s.b.a.h.H2ConsoleAutoConfiguration - H2 console available at '/h2-console'. Database available at 'jdbc:h2:mem:alertdb'
2026-03-09 03:32:49 [main] INFO  o.h.jpa.internal.util.LogHelper - HHH000204: Processing PersistenceUnitInfo [name: default]
2026-03-09 03:32:49 [main] INFO  org.hibernate.Version - HHH000412: Hibernate ORM core version 6.5.3.Final
2026-03-09 03:32:49 [main] INFO  o.h.c.i.RegionFactoryInitiator - HHH000026: Second-level cache disabled
2026-03-09 03:32:49 [main] INFO  o.s.o.j.p.SpringPersistenceUnitInfo - No LoadTimeWeaver setup: ignoring JPA class transformer
2026-03-09 03:32:50 [main] INFO  o.h.e.t.j.p.i.JtaPlatformInitiator - HHH000489: No JTA platform available (set 'hibernate.transaction.jta.platform' to enable JTA platform integration)
2026-03-09 03:32:50 [main] INFO  o.s.o.j.LocalContainerEntityManagerFactoryBean - Initialized JPA EntityManagerFactory for persistence unit 'default'
2026-03-09 03:32:51 [main] WARN  o.s.b.a.o.j.JpaBaseConfiguration$JpaWebConfiguration - spring.jpa.open-in-view is enabled by default. Therefore, database queries may be performed during view rendering. Explicitly configure spring.jpa.open-in-view to disable this warning
2026-03-09 03:32:51 [main] INFO  o.a.coyote.http11.Http11NioProtocol - Starting ProtocolHandler ["http-nio-8080"]
2026-03-09 03:32:51 [main] INFO  o.s.b.w.e.tomcat.TomcatWebServer - Tomcat started on port 8080 (http) with context path '/'
2026-03-09 03:32:51 [main] INFO  c.p.alerts.ProducerSetupApplication - Started ProducerSetupApplication in 5.837 seconds (process running for 6.916)
2026-03-09 03:32:51 [scheduling-1] INFO  c.p.a.scheduler.PayloadScheduler - =================================================
2026-03-09 03:32:51 [scheduling-1] INFO  c.p.a.scheduler.PayloadScheduler - Scheduler triggered : Checking DB for new payloads
2026-03-09 03:32:51 [scheduling-1] INFO  c.poc.alerts.service.PayloadService - ========= PAYLOAD PUBLISH JOB STARTED ==========
2026-03-09 03:32:52 [scheduling-1] INFO  c.poc.alerts.service.PayloadService - Total payload records fetched from DB : 1
2026-03-09 03:32:52 [scheduling-1] INFO  c.poc.alerts.service.PayloadService - -----------------------------------------------
2026-03-09 03:32:52 [scheduling-1] INFO  c.poc.alerts.service.PayloadService - Processing payload id : 1
2026-03-09 03:32:52 [scheduling-1] INFO  c.poc.alerts.service.PayloadService - Payload Type : ACCOUNT_CREATED
2026-03-09 03:32:52 [scheduling-1] INFO  c.p.a.service.KafkaProducerService - Producing message to topic notifications.events
2026-03-09 03:32:52 [scheduling-1] INFO  o.a.k.c.producer.ProducerConfig - ProducerConfig values: 
	acks = -1
	auto.include.jmx.reporter = true
	batch.size = 16384
	bootstrap.servers = [localhost:9092]
	buffer.memory = 33554432
	client.dns.lookup = use_all_dns_ips
	client.id = Producer_Setup-producer-1
	compression.type = none
	connections.max.idle.ms = 540000
	delivery.timeout.ms = 120000
	enable.idempotence = true
	enable.metrics.push = true
	interceptor.classes = []
	key.serializer = class org.apache.kafka.common.serialization.StringSerializer
	linger.ms = 0
	max.block.ms = 60000
	max.in.flight.requests.per.connection = 5
	max.request.size = 1048576
	metadata.max.age.ms = 300000
	metadata.max.idle.ms = 300000
	metric.reporters = []
	metrics.num.samples = 2
	metrics.recording.level = INFO
	metrics.sample.window.ms = 30000
	partitioner.adaptive.partitioning.enable = true
	partitioner.availability.timeout.ms = 0
	partitioner.class = null
	partitioner.ignore.keys = false
	receive.buffer.bytes = 32768
	reconnect.backoff.max.ms = 1000
	reconnect.backoff.ms = 50
	request.timeout.ms = 30000
	retries = 2147483647
	retry.backoff.max.ms = 1000
	retry.backoff.ms = 100
	sasl.client.callback.handler.class = null
	sasl.jaas.config = null
	sasl.kerberos.kinit.cmd = /usr/bin/kinit
	sasl.kerberos.min.time.before.relogin = 60000
	sasl.kerberos.service.name = null
	sasl.kerberos.ticket.renew.jitter = 0.05
	sasl.kerberos.ticket.renew.window.factor = 0.8
	sasl.login.callback.handler.class = null
	sasl.login.class = null
	sasl.login.connect.timeout.ms = null
	sasl.login.read.timeout.ms = null
	sasl.login.refresh.buffer.seconds = 300
	sasl.login.refresh.min.period.seconds = 60
	sasl.login.refresh.window.factor = 0.8
	sasl.login.refresh.window.jitter = 0.05
	sasl.login.retry.backoff.max.ms = 10000
	sasl.login.retry.backoff.ms = 100
	sasl.mechanism = GSSAPI
	sasl.oauthbearer.clock.skew.seconds = 30
	sasl.oauthbearer.expected.audience = null
	sasl.oauthbearer.expected.issuer = null
	sasl.oauthbearer.jwks.endpoint.refresh.ms = 3600000
	sasl.oauthbearer.jwks.endpoint.retry.backoff.max.ms = 10000
	sasl.oauthbearer.jwks.endpoint.retry.backoff.ms = 100
	sasl.oauthbearer.jwks.endpoint.url = null
	sasl.oauthbearer.scope.claim.name = scope
	sasl.oauthbearer.sub.claim.name = sub
	sasl.oauthbearer.token.endpoint.url = null
	security.protocol = PLAINTEXT
	security.providers = null
	send.buffer.bytes = 131072
	socket.connection.setup.timeout.max.ms = 30000
	socket.connection.setup.timeout.ms = 10000
	ssl.cipher.suites = null
	ssl.enabled.protocols = [TLSv1.2, TLSv1.3]
	ssl.endpoint.identification.algorithm = https
	ssl.engine.factory.class = null
	ssl.key.password = null
	ssl.keymanager.algorithm = SunX509
	ssl.keystore.certificate.chain = null
	ssl.keystore.key = null
	ssl.keystore.location = null
	ssl.keystore.password = null
	ssl.keystore.type = JKS
	ssl.protocol = TLSv1.3
	ssl.provider = null
	ssl.secure.random.implementation = null
	ssl.trustmanager.algorithm = PKIX
	ssl.truststore.certificates = null
	ssl.truststore.location = null
	ssl.truststore.password = null
	ssl.truststore.type = JKS
	transaction.timeout.ms = 60000
	transactional.id = null
	value.serializer = class org.apache.kafka.common.serialization.StringSerializer

2026-03-09 03:32:52 [scheduling-1] INFO  o.a.k.c.t.i.KafkaMetricsCollector - initializing Kafka metrics collector
2026-03-09 03:32:52 [scheduling-1] INFO  o.a.k.clients.producer.KafkaProducer - [Producer clientId=Producer_Setup-producer-1] Instantiated an idempotent producer.
2026-03-09 03:32:52 [scheduling-1] INFO  o.a.kafka.common.utils.AppInfoParser - Kafka version: 3.7.1
2026-03-09 03:32:52 [scheduling-1] INFO  o.a.kafka.common.utils.AppInfoParser - Kafka commitId: e2494e6ffb89f828
2026-03-09 03:32:52 [scheduling-1] INFO  o.a.kafka.common.utils.AppInfoParser - Kafka startTimeMs: 1773007372214
2026-03-09 03:32:52 [kafka-producer-network-thread | Producer_Setup-producer-1] INFO  org.apache.kafka.clients.Metadata - [Producer clientId=Producer_Setup-producer-1] Cluster ID: MkU3OEVBNTcwNTJENDM2Qg
2026-03-09 03:32:52 [kafka-producer-network-thread | Producer_Setup-producer-1] INFO  o.a.k.c.p.i.TransactionManager - [Producer clientId=Producer_Setup-producer-1] ProducerId set to 0 with epoch 0
2026-03-09 03:32:52 [scheduling-1] INFO  c.poc.alerts.service.PayloadService - Payload id 1 marked as PUBLISHED
2026-03-09 03:32:52 [scheduling-1] INFO  c.poc.alerts.service.PayloadService - ========= PAYLOAD PUBLISH JOB COMPLETED ==========
2026-03-09 03:32:52 [scheduling-1] INFO  c.p.a.scheduler.PayloadScheduler - Scheduler cycle completed
2026-03-09 03:32:52 [scheduling-1] INFO  c.p.a.scheduler.PayloadScheduler - =================================================
2026-03-09 03:32:52 [kafka-producer-network-thread | Producer_Setup-producer-1] INFO  c.p.a.service.KafkaProducerService - Message successfully published to topic notifications.events
2026-03-09 03:32:56 [http-nio-8080-exec-5] INFO  o.a.c.c.C.[Tomcat].[localhost].[/] - Initializing Spring DispatcherServlet 'dispatcherServlet'
2026-03-09 03:32:56 [http-nio-8080-exec-5] INFO  o.s.web.servlet.DispatcherServlet - Initializing Servlet 'dispatcherServlet'
2026-03-09 03:32:56 [http-nio-8080-exec-5] INFO  o.s.web.servlet.DispatcherServlet - Completed initialization in 0 ms
2026-03-09 03:33:02 [scheduling-1] INFO  c.p.a.scheduler.PayloadScheduler - =================================================
2026-03-09 03:33:02 [scheduling-1] INFO  c.p.a.scheduler.PayloadScheduler - Scheduler triggered : Checking DB for new payloads
2026-03-09 03:33:02 [scheduling-1] INFO  c.poc.alerts.service.PayloadService - ========= PAYLOAD PUBLISH JOB STARTED ==========
2026-03-09 03:33:02 [scheduling-1] INFO  c.poc.alerts.service.PayloadService - No payload found in DB
2026-03-09 03:33:02 [scheduling-1] INFO  c.poc.alerts.service.PayloadService - Waiting for payload insertion...
2026-03-09 03:33:02 [scheduling-1] INFO  c.p.a.scheduler.PayloadScheduler - Scheduler cycle completed
2026-03-09 03:33:02 [scheduling-1] INFO  c.p.a.scheduler.PayloadScheduler - =================================================
2026-03-09 03:33:12 [scheduling-1] INFO  c.p.a.scheduler.PayloadScheduler - =================================================
2026-03-09 03:33:12 [scheduling-1] INFO  c.p.a.scheduler.PayloadScheduler - Scheduler triggered : Checking DB for new payloads
2026-03-09 03:33:12 [scheduling-1] INFO  c.poc.alerts.service.PayloadService - ========= PAYLOAD PUBLISH JOB STARTED ==========
2026-03-09 03:33:12 [scheduling-1] INFO  c.poc.alerts.service.PayloadService - Total payload records fetched from DB : 5
2026-03-09 03:33:12 [scheduling-1] INFO  c.poc.alerts.service.PayloadService - -----------------------------------------------
2026-03-09 03:33:12 [scheduling-1] INFO  c.poc.alerts.service.PayloadService - Processing payload id : 2
2026-03-09 03:33:12 [scheduling-1] INFO  c.poc.alerts.service.PayloadService - Payload Type : FUND_TRANSFER_SUCCESSFUL
2026-03-09 03:33:12 [scheduling-1] INFO  c.p.a.service.KafkaProducerService - Producing message to topic notifications.events
2026-03-09 03:33:12 [scheduling-1] INFO  c.poc.alerts.service.PayloadService - Payload id 2 marked as PUBLISHED
2026-03-09 03:33:12 [scheduling-1] INFO  c.poc.alerts.service.PayloadService - -----------------------------------------------
2026-03-09 03:33:12 [scheduling-1] INFO  c.poc.alerts.service.PayloadService - Processing payload id : 3
2026-03-09 03:33:12 [scheduling-1] INFO  c.poc.alerts.service.PayloadService - Payload Type : ACCOUNT_CREATED
2026-03-09 03:33:12 [scheduling-1] INFO  c.p.a.service.KafkaProducerService - Producing message to topic notifications.events
2026-03-09 03:33:12 [kafka-producer-network-thread | Producer_Setup-producer-1] INFO  c.p.a.service.KafkaProducerService - Message successfully published to topic notifications.events
2026-03-09 03:33:12 [scheduling-1] INFO  c.poc.alerts.service.PayloadService - Payload id 3 marked as PUBLISHED
2026-03-09 03:33:12 [scheduling-1] INFO  c.poc.alerts.service.PayloadService - -----------------------------------------------
2026-03-09 03:33:12 [scheduling-1] INFO  c.poc.alerts.service.PayloadService - Processing payload id : 4
2026-03-09 03:33:12 [scheduling-1] INFO  c.poc.alerts.service.PayloadService - Payload Type : CUSTOMER_CREATED
2026-03-09 03:33:12 [scheduling-1] INFO  c.p.a.service.KafkaProducerService - Producing message to topic notifications.events
2026-03-09 03:33:12 [kafka-producer-network-thread | Producer_Setup-producer-1] INFO  c.p.a.service.KafkaProducerService - Message successfully published to topic notifications.events
2026-03-09 03:33:12 [scheduling-1] INFO  c.poc.alerts.service.PayloadService - Payload id 4 marked as PUBLISHED
2026-03-09 03:33:12 [scheduling-1] INFO  c.poc.alerts.service.PayloadService - -----------------------------------------------
2026-03-09 03:33:12 [scheduling-1] INFO  c.poc.alerts.service.PayloadService - Processing payload id : 5
2026-03-09 03:33:12 [scheduling-1] INFO  c.poc.alerts.service.PayloadService - Payload Type : LOAN_DISBURSEMENT_SUCCESSFUL
2026-03-09 03:33:12 [scheduling-1] INFO  c.p.a.service.KafkaProducerService - Producing message to topic notifications.events
2026-03-09 03:33:12 [kafka-producer-network-thread | Producer_Setup-producer-1] INFO  c.p.a.service.KafkaProducerService - Message successfully published to topic notifications.events
2026-03-09 03:33:12 [scheduling-1] INFO  c.poc.alerts.service.PayloadService - Payload id 5 marked as PUBLISHED
2026-03-09 03:33:12 [scheduling-1] INFO  c.poc.alerts.service.PayloadService - -----------------------------------------------
2026-03-09 03:33:12 [scheduling-1] INFO  c.poc.alerts.service.PayloadService - Processing payload id : 6
2026-03-09 03:33:12 [scheduling-1] INFO  c.poc.alerts.service.PayloadService - Payload Type : LOAN_PAST_DUE_REMINDER
2026-03-09 03:33:12 [scheduling-1] INFO  c.p.a.service.KafkaProducerService - Producing message to topic notifications.events
2026-03-09 03:33:12 [kafka-producer-network-thread | Producer_Setup-producer-1] INFO  c.p.a.service.KafkaProducerService - Message successfully published to topic notifications.events
2026-03-09 03:33:12 [scheduling-1] INFO  c.poc.alerts.service.PayloadService - Payload id 6 marked as PUBLISHED
2026-03-09 03:33:12 [scheduling-1] INFO  c.poc.alerts.service.PayloadService - ========= PAYLOAD PUBLISH JOB COMPLETED ==========
2026-03-09 03:33:12 [scheduling-1] INFO  c.p.a.scheduler.PayloadScheduler - Scheduler cycle completed
2026-03-09 03:33:12 [scheduling-1] INFO  c.p.a.scheduler.PayloadScheduler - =================================================
2026-03-09 03:33:12 [kafka-producer-network-thread | Producer_Setup-producer-1] INFO  c.p.a.service.KafkaProducerService - Message successfully published to topic notifications.events
2026-03-09 03:33:22 [scheduling-1] INFO  c.p.a.scheduler.PayloadScheduler - =================================================
2026-03-09 03:33:22 [scheduling-1] INFO  c.p.a.scheduler.PayloadScheduler - Scheduler triggered : Checking DB for new payloads
2026-03-09 03:33:22 [scheduling-1] INFO  c.poc.alerts.service.PayloadService - ========= PAYLOAD PUBLISH JOB STARTED ==========
2026-03-09 03:33:22 [scheduling-1] INFO  c.poc.alerts.service.PayloadService - No payload found in DB
2026-03-09 03:33:22 [scheduling-1] INFO  c.poc.alerts.service.PayloadService - Waiting for payload insertion...
2026-03-09 03:33:22 [scheduling-1] INFO  c.p.a.scheduler.PayloadScheduler - Scheduler cycle completed
2026-03-09 03:33:22 [scheduling-1] INFO  c.p.a.scheduler.PayloadScheduler - =================================================
2026-03-09 03:33:32 [scheduling-1] INFO  c.p.a.scheduler.PayloadScheduler - =================================================
2026-03-09 03:33:32 [scheduling-1] INFO  c.p.a.scheduler.PayloadScheduler - Scheduler triggered : Checking DB for new payloads
2026-03-09 03:33:32 [scheduling-1] INFO  c.poc.alerts.service.PayloadService - ========= PAYLOAD PUBLISH JOB STARTED ==========
2026-03-09 03:33:32 [scheduling-1] INFO  c.poc.alerts.service.PayloadService - No payload found in DB
2026-03-09 03:33:32 [scheduling-1] INFO  c.poc.alerts.service.PayloadService - Waiting for payload insertion...
2026-03-09 03:33:32 [scheduling-1] INFO  c.p.a.scheduler.PayloadScheduler - Scheduler cycle completed
2026-03-09 03:33:32 [scheduling-1] INFO  c.p.a.scheduler.PayloadScheduler - =================================================
2026-03-09 03:33:42 [scheduling-1] INFO  c.p.a.scheduler.PayloadScheduler - =================================================
2026-03-09 03:33:42 [scheduling-1] INFO  c.p.a.scheduler.PayloadScheduler - Scheduler triggered : Checking DB for new payloads
2026-03-09 03:33:42 [scheduling-1] INFO  c.poc.alerts.service.PayloadService - ========= PAYLOAD PUBLISH JOB STARTED ==========
2026-03-09 03:33:42 [scheduling-1] INFO  c.poc.alerts.service.PayloadService - No payload found in DB
2026-03-09 03:33:42 [scheduling-1] INFO  c.poc.alerts.service.PayloadService - Waiting for payload insertion...
2026-03-09 03:33:42 [scheduling-1] INFO  c.p.a.scheduler.PayloadScheduler - Scheduler cycle completed
2026-03-09 03:33:42 [scheduling-1] INFO  c.p.a.scheduler.PayloadScheduler - =================================================
2026-03-09 03:33:52 [scheduling-1] INFO  c.p.a.scheduler.PayloadScheduler - =================================================
2026-03-09 03:33:52 [scheduling-1] INFO  c.p.a.scheduler.PayloadScheduler - Scheduler triggered : Checking DB for new payloads
2026-03-09 03:33:52 [scheduling-1] INFO  c.poc.alerts.service.PayloadService - ========= PAYLOAD PUBLISH JOB STARTED ==========
2026-03-09 03:33:52 [scheduling-1] INFO  c.poc.alerts.service.PayloadService - No payload found in DB
2026-03-09 03:33:52 [scheduling-1] INFO  c.poc.alerts.service.PayloadService - Waiting for payload insertion...
2026-03-09 03:33:52 [scheduling-1] INFO  c.p.a.scheduler.PayloadScheduler - Scheduler cycle completed
2026-03-09 03:33:52 [scheduling-1] INFO  c.p.a.scheduler.PayloadScheduler - =================================================
2026-03-09 03:34:02 [scheduling-1] INFO  c.p.a.scheduler.PayloadScheduler - =================================================
2026-03-09 03:34:02 [scheduling-1] INFO  c.p.a.scheduler.PayloadScheduler - Scheduler triggered : Checking DB for new payloads
2026-03-09 03:34:02 [scheduling-1] INFO  c.poc.alerts.service.PayloadService - ========= PAYLOAD PUBLISH JOB STARTED ==========
2026-03-09 03:34:02 [scheduling-1] INFO  c.poc.alerts.service.PayloadService - No payload found in DB
2026-03-09 03:34:02 [scheduling-1] INFO  c.poc.alerts.service.PayloadService - Waiting for payload insertion...
2026-03-09 03:34:02 [scheduling-1] INFO  c.p.a.scheduler.PayloadScheduler - Scheduler cycle completed
2026-03-09 03:34:02 [scheduling-1] INFO  c.p.a.scheduler.PayloadScheduler - =================================================
2026-03-09 03:34:12 [scheduling-1] INFO  c.p.a.scheduler.PayloadScheduler - =================================================
2026-03-09 03:34:12 [scheduling-1] INFO  c.p.a.scheduler.PayloadScheduler - Scheduler triggered : Checking DB for new payloads
2026-03-09 03:34:12 [scheduling-1] INFO  c.poc.alerts.service.PayloadService - ========= PAYLOAD PUBLISH JOB STARTED ==========
2026-03-09 03:34:12 [scheduling-1] INFO  c.poc.alerts.service.PayloadService - No payload found in DB
2026-03-09 03:34:12 [scheduling-1] INFO  c.poc.alerts.service.PayloadService - Waiting for payload insertion...
2026-03-09 03:34:12 [scheduling-1] INFO  c.p.a.scheduler.PayloadScheduler - Scheduler cycle completed
2026-03-09 03:34:12 [scheduling-1] INFO  c.p.a.scheduler.PayloadScheduler - =================================================
2026-03-09 03:34:22 [scheduling-1] INFO  c.p.a.scheduler.PayloadScheduler - =================================================
2026-03-09 03:34:22 [scheduling-1] INFO  c.p.a.scheduler.PayloadScheduler - Scheduler triggered : Checking DB for new payloads
2026-03-09 03:34:22 [scheduling-1] INFO  c.poc.alerts.service.PayloadService - ========= PAYLOAD PUBLISH JOB STARTED ==========
2026-03-09 03:34:22 [scheduling-1] INFO  c.poc.alerts.service.PayloadService - No payload found in DB
2026-03-09 03:34:22 [scheduling-1] INFO  c.poc.alerts.service.PayloadService - Waiting for payload insertion...
2026-03-09 03:34:22 [scheduling-1] INFO  c.p.a.scheduler.PayloadScheduler - Scheduler cycle completed
2026-03-09 03:34:22 [scheduling-1] INFO  c.p.a.scheduler.PayloadScheduler - =================================================
2026-03-09 03:34:32 [scheduling-1] INFO  c.p.a.scheduler.PayloadScheduler - =================================================
2026-03-09 03:34:32 [scheduling-1] INFO  c.p.a.scheduler.PayloadScheduler - Scheduler triggered : Checking DB for new payloads
2026-03-09 03:34:32 [scheduling-1] INFO  c.poc.alerts.service.PayloadService - ========= PAYLOAD PUBLISH JOB STARTED ==========
2026-03-09 03:34:32 [scheduling-1] INFO  c.poc.alerts.service.PayloadService - No payload found in DB
2026-03-09 03:34:32 [scheduling-1] INFO  c.poc.alerts.service.PayloadService - Waiting for payload insertion...
2026-03-09 03:34:32 [scheduling-1] INFO  c.p.a.scheduler.PayloadScheduler - Scheduler cycle completed
2026-03-09 03:34:32 [scheduling-1] INFO  c.p.a.scheduler.PayloadScheduler - =================================================
2026-03-09 03:34:42 [scheduling-1] INFO  c.p.a.scheduler.PayloadScheduler - =================================================
2026-03-09 03:34:42 [scheduling-1] INFO  c.p.a.scheduler.PayloadScheduler - Scheduler triggered : Checking DB for new payloads
2026-03-09 03:34:42 [scheduling-1] INFO  c.poc.alerts.service.PayloadService - ========= PAYLOAD PUBLISH JOB STARTED ==========
2026-03-09 03:34:42 [scheduling-1] INFO  c.poc.alerts.service.PayloadService - No payload found in DB
2026-03-09 03:34:42 [scheduling-1] INFO  c.poc.alerts.service.PayloadService - Waiting for payload insertion...
2026-03-09 03:34:42 [scheduling-1] INFO  c.p.a.scheduler.PayloadScheduler - Scheduler cycle completed
2026-03-09 03:34:42 [scheduling-1] INFO  c.p.a.scheduler.PayloadScheduler - =================================================
2026-03-09 03:34:52 [scheduling-1] INFO  c.p.a.scheduler.PayloadScheduler - =================================================
2026-03-09 03:34:52 [scheduling-1] INFO  c.p.a.scheduler.PayloadScheduler - Scheduler triggered : Checking DB for new payloads
2026-03-09 03:34:52 [scheduling-1] INFO  c.poc.alerts.service.PayloadService - ========= PAYLOAD PUBLISH JOB STARTED ==========
2026-03-09 03:34:52 [scheduling-1] INFO  c.poc.alerts.service.PayloadService - No payload found in DB
2026-03-09 03:34:52 [scheduling-1] INFO  c.poc.alerts.service.PayloadService - Waiting for payload insertion...
2026-03-09 03:34:52 [scheduling-1] INFO  c.p.a.scheduler.PayloadScheduler - Scheduler cycle completed
2026-03-09 03:34:52 [scheduling-1] INFO  c.p.a.scheduler.PayloadScheduler - =================================================
2026-03-09 03:35:02 [scheduling-1] INFO  c.p.a.scheduler.PayloadScheduler - =================================================
2026-03-09 03:35:02 [scheduling-1] INFO  c.p.a.scheduler.PayloadScheduler - Scheduler triggered : Checking DB for new payloads
2026-03-09 03:35:02 [scheduling-1] INFO  c.poc.alerts.service.PayloadService - ========= PAYLOAD PUBLISH JOB STARTED ==========
2026-03-09 03:35:02 [scheduling-1] INFO  c.poc.alerts.service.PayloadService - No payload found in DB
2026-03-09 03:35:02 [scheduling-1] INFO  c.poc.alerts.service.PayloadService - Waiting for payload insertion...
2026-03-09 03:35:02 [scheduling-1] INFO  c.p.a.scheduler.PayloadScheduler - Scheduler cycle completed
2026-03-09 03:35:02 [scheduling-1] INFO  c.p.a.scheduler.PayloadScheduler - =================================================
2026-03-09 03:35:12 [scheduling-1] INFO  c.p.a.scheduler.PayloadScheduler - =================================================
2026-03-09 03:35:12 [scheduling-1] INFO  c.p.a.scheduler.PayloadScheduler - Scheduler triggered : Checking DB for new payloads
2026-03-09 03:35:12 [scheduling-1] INFO  c.poc.alerts.service.PayloadService - ========= PAYLOAD PUBLISH JOB STARTED ==========
2026-03-09 03:35:12 [scheduling-1] INFO  c.poc.alerts.service.PayloadService - No payload found in DB
2026-03-09 03:35:12 [scheduling-1] INFO  c.poc.alerts.service.PayloadService - Waiting for payload insertion...
2026-03-09 03:35:12 [scheduling-1] INFO  c.p.a.scheduler.PayloadScheduler - Scheduler cycle completed
2026-03-09 03:35:12 [scheduling-1] INFO  c.p.a.scheduler.PayloadScheduler - =================================================
2026-03-09 03:35:22 [scheduling-1] INFO  c.p.a.scheduler.PayloadScheduler - =================================================
2026-03-09 03:35:22 [scheduling-1] INFO  c.p.a.scheduler.PayloadScheduler - Scheduler triggered : Checking DB for new payloads
2026-03-09 03:35:22 [scheduling-1] INFO  c.poc.alerts.service.PayloadService - ========= PAYLOAD PUBLISH JOB STARTED ==========
2026-03-09 03:35:22 [scheduling-1] INFO  c.poc.alerts.service.PayloadService - No payload found in DB
2026-03-09 03:35:22 [scheduling-1] INFO  c.poc.alerts.service.PayloadService - Waiting for payload insertion...
2026-03-09 03:35:22 [scheduling-1] INFO  c.p.a.scheduler.PayloadScheduler - Scheduler cycle completed
2026-03-09 03:35:22 [scheduling-1] INFO  c.p.a.scheduler.PayloadScheduler - =================================================
2026-03-09 03:35:33 [scheduling-1] INFO  c.p.a.scheduler.PayloadScheduler - =================================================
2026-03-09 03:35:33 [scheduling-1] INFO  c.p.a.scheduler.PayloadScheduler - Scheduler triggered : Checking DB for new payloads
2026-03-09 03:35:33 [scheduling-1] INFO  c.poc.alerts.service.PayloadService - ========= PAYLOAD PUBLISH JOB STARTED ==========
2026-03-09 03:35:33 [scheduling-1] INFO  c.poc.alerts.service.PayloadService - No payload found in DB
2026-03-09 03:35:33 [scheduling-1] INFO  c.poc.alerts.service.PayloadService - Waiting for payload insertion...
2026-03-09 03:35:33 [scheduling-1] INFO  c.p.a.scheduler.PayloadScheduler - Scheduler cycle completed
2026-03-09 03:35:33 [scheduling-1] INFO  c.p.a.scheduler.PayloadScheduler - =================================================
2026-03-09 03:35:43 [scheduling-1] INFO  c.p.a.scheduler.PayloadScheduler - =================================================
2026-03-09 03:35:43 [scheduling-1] INFO  c.p.a.scheduler.PayloadScheduler - Scheduler triggered : Checking DB for new payloads
2026-03-09 03:35:43 [scheduling-1] INFO  c.poc.alerts.service.PayloadService - ========= PAYLOAD PUBLISH JOB STARTED ==========
2026-03-09 03:35:43 [scheduling-1] INFO  c.poc.alerts.service.PayloadService - No payload found in DB
2026-03-09 03:35:43 [scheduling-1] INFO  c.poc.alerts.service.PayloadService - Waiting for payload insertion...
2026-03-09 03:35:43 [scheduling-1] INFO  c.p.a.scheduler.PayloadScheduler - Scheduler cycle completed
2026-03-09 03:35:43 [scheduling-1] INFO  c.p.a.scheduler.PayloadScheduler - =================================================
2026-03-09 03:35:53 [scheduling-1] INFO  c.p.a.scheduler.PayloadScheduler - =================================================
2026-03-09 03:35:53 [scheduling-1] INFO  c.p.a.scheduler.PayloadScheduler - Scheduler triggered : Checking DB for new payloads
2026-03-09 03:35:53 [scheduling-1] INFO  c.poc.alerts.service.PayloadService - ========= PAYLOAD PUBLISH JOB STARTED ==========
2026-03-09 03:35:53 [scheduling-1] INFO  c.poc.alerts.service.PayloadService - No payload found in DB
2026-03-09 03:35:53 [scheduling-1] INFO  c.poc.alerts.service.PayloadService - Waiting for payload insertion...
2026-03-09 03:35:53 [scheduling-1] INFO  c.p.a.scheduler.PayloadScheduler - Scheduler cycle completed
2026-03-09 03:35:53 [scheduling-1] INFO  c.p.a.scheduler.PayloadScheduler - =================================================
2026-03-09 03:36:03 [scheduling-1] INFO  c.p.a.scheduler.PayloadScheduler - =================================================
2026-03-09 03:36:03 [scheduling-1] INFO  c.p.a.scheduler.PayloadScheduler - Scheduler triggered : Checking DB for new payloads
2026-03-09 03:36:03 [scheduling-1] INFO  c.poc.alerts.service.PayloadService - ========= PAYLOAD PUBLISH JOB STARTED ==========
2026-03-09 03:36:03 [scheduling-1] INFO  c.poc.alerts.service.PayloadService - No payload found in DB
2026-03-09 03:36:03 [scheduling-1] INFO  c.poc.alerts.service.PayloadService - Waiting for payload insertion...
2026-03-09 03:36:03 [scheduling-1] INFO  c.p.a.scheduler.PayloadScheduler - Scheduler cycle completed
2026-03-09 03:36:03 [scheduling-1] INFO  c.p.a.scheduler.PayloadScheduler - =================================================
2026-03-09 03:36:13 [scheduling-1] INFO  c.p.a.scheduler.PayloadScheduler - =================================================
2026-03-09 03:36:13 [scheduling-1] INFO  c.p.a.scheduler.PayloadScheduler - Scheduler triggered : Checking DB for new payloads
2026-03-09 03:36:13 [scheduling-1] INFO  c.poc.alerts.service.PayloadService - ========= PAYLOAD PUBLISH JOB STARTED ==========
2026-03-09 03:36:13 [scheduling-1] INFO  c.poc.alerts.service.PayloadService - No payload found in DB
2026-03-09 03:36:13 [scheduling-1] INFO  c.poc.alerts.service.PayloadService - Waiting for payload insertion...
2026-03-09 03:36:13 [scheduling-1] INFO  c.p.a.scheduler.PayloadScheduler - Scheduler cycle completed
2026-03-09 03:36:13 [scheduling-1] INFO  c.p.a.scheduler.PayloadScheduler - =================================================
2026-03-09 03:36:23 [scheduling-1] INFO  c.p.a.scheduler.PayloadScheduler - =================================================
2026-03-09 03:36:23 [scheduling-1] INFO  c.p.a.scheduler.PayloadScheduler - Scheduler triggered : Checking DB for new payloads
2026-03-09 03:36:23 [scheduling-1] INFO  c.poc.alerts.service.PayloadService - ========= PAYLOAD PUBLISH JOB STARTED ==========
2026-03-09 03:36:23 [scheduling-1] INFO  c.poc.alerts.service.PayloadService - No payload found in DB
2026-03-09 03:36:23 [scheduling-1] INFO  c.poc.alerts.service.PayloadService - Waiting for payload insertion...
2026-03-09 03:36:23 [scheduling-1] INFO  c.p.a.scheduler.PayloadScheduler - Scheduler cycle completed
2026-03-09 03:36:23 [scheduling-1] INFO  c.p.a.scheduler.PayloadScheduler - =================================================
2026-03-09 03:36:33 [scheduling-1] INFO  c.p.a.scheduler.PayloadScheduler - =================================================
2026-03-09 03:36:33 [scheduling-1] INFO  c.p.a.scheduler.PayloadScheduler - Scheduler triggered : Checking DB for new payloads
2026-03-09 03:36:33 [scheduling-1] INFO  c.poc.alerts.service.PayloadService - ========= PAYLOAD PUBLISH JOB STARTED ==========
2026-03-09 03:36:33 [scheduling-1] INFO  c.poc.alerts.service.PayloadService - No payload found in DB
2026-03-09 03:36:33 [scheduling-1] INFO  c.poc.alerts.service.PayloadService - Waiting for payload insertion...
2026-03-09 03:36:33 [scheduling-1] INFO  c.p.a.scheduler.PayloadScheduler - Scheduler cycle completed
2026-03-09 03:36:33 [scheduling-1] INFO  c.p.a.scheduler.PayloadScheduler - =================================================
2026-03-09 03:36:43 [scheduling-1] INFO  c.p.a.scheduler.PayloadScheduler - =================================================
2026-03-09 03:36:43 [scheduling-1] INFO  c.p.a.scheduler.PayloadScheduler - Scheduler triggered : Checking DB for new payloads
2026-03-09 03:36:43 [scheduling-1] INFO  c.poc.alerts.service.PayloadService - ========= PAYLOAD PUBLISH JOB STARTED ==========
2026-03-09 03:36:43 [scheduling-1] INFO  c.poc.alerts.service.PayloadService - No payload found in DB
2026-03-09 03:36:43 [scheduling-1] INFO  c.poc.alerts.service.PayloadService - Waiting for payload insertion...
2026-03-09 03:36:43 [scheduling-1] INFO  c.p.a.scheduler.PayloadScheduler - Scheduler cycle completed
2026-03-09 03:36:43 [scheduling-1] INFO  c.p.a.scheduler.PayloadScheduler - =================================================
2026-03-09 03:36:53 [scheduling-1] INFO  c.p.a.scheduler.PayloadScheduler - =================================================
2026-03-09 03:36:53 [scheduling-1] INFO  c.p.a.scheduler.PayloadScheduler - Scheduler triggered : Checking DB for new payloads
2026-03-09 03:36:53 [scheduling-1] INFO  c.poc.alerts.service.PayloadService - ========= PAYLOAD PUBLISH JOB STARTED ==========
2026-03-09 03:36:53 [scheduling-1] INFO  c.poc.alerts.service.PayloadService - No payload found in DB
2026-03-09 03:36:53 [scheduling-1] INFO  c.poc.alerts.service.PayloadService - Waiting for payload insertion...
2026-03-09 03:36:53 [scheduling-1] INFO  c.p.a.scheduler.PayloadScheduler - Scheduler cycle completed
2026-03-09 03:36:53 [scheduling-1] INFO  c.p.a.scheduler.PayloadScheduler - =================================================
2026-03-09 03:37:03 [scheduling-1] INFO  c.p.a.scheduler.PayloadScheduler - =================================================
2026-03-09 03:37:03 [scheduling-1] INFO  c.p.a.scheduler.PayloadScheduler - Scheduler triggered : Checking DB for new payloads
2026-03-09 03:37:03 [scheduling-1] INFO  c.poc.alerts.service.PayloadService - ========= PAYLOAD PUBLISH JOB STARTED ==========
2026-03-09 03:37:03 [scheduling-1] INFO  c.poc.alerts.service.PayloadService - No payload found in DB
2026-03-09 03:37:03 [scheduling-1] INFO  c.poc.alerts.service.PayloadService - Waiting for payload insertion...
2026-03-09 03:37:03 [scheduling-1] INFO  c.p.a.scheduler.PayloadScheduler - Scheduler cycle completed
2026-03-09 03:37:03 [scheduling-1] INFO  c.p.a.scheduler.PayloadScheduler - =================================================
2026-03-09 03:37:13 [scheduling-1] INFO  c.p.a.scheduler.PayloadScheduler - =================================================
2026-03-09 03:37:13 [scheduling-1] INFO  c.p.a.scheduler.PayloadScheduler - Scheduler triggered : Checking DB for new payloads
2026-03-09 03:37:13 [scheduling-1] INFO  c.poc.alerts.service.PayloadService - ========= PAYLOAD PUBLISH JOB STARTED ==========
2026-03-09 03:37:13 [scheduling-1] INFO  c.poc.alerts.service.PayloadService - No payload found in DB
2026-03-09 03:37:13 [scheduling-1] INFO  c.poc.alerts.service.PayloadService - Waiting for payload insertion...
2026-03-09 03:37:13 [scheduling-1] INFO  c.p.a.scheduler.PayloadScheduler - Scheduler cycle completed
2026-03-09 03:37:13 [scheduling-1] INFO  c.p.a.scheduler.PayloadScheduler - =================================================
2026-03-09 03:37:23 [scheduling-1] INFO  c.p.a.scheduler.PayloadScheduler - =================================================
2026-03-09 03:37:23 [scheduling-1] INFO  c.p.a.scheduler.PayloadScheduler - Scheduler triggered : Checking DB for new payloads
2026-03-09 03:37:23 [scheduling-1] INFO  c.poc.alerts.service.PayloadService - ========= PAYLOAD PUBLISH JOB STARTED ==========
2026-03-09 03:37:23 [scheduling-1] INFO  c.poc.alerts.service.PayloadService - No payload found in DB
2026-03-09 03:37:23 [scheduling-1] INFO  c.poc.alerts.service.PayloadService - Waiting for payload insertion...
2026-03-09 03:37:23 [scheduling-1] INFO  c.p.a.scheduler.PayloadScheduler - Scheduler cycle completed
2026-03-09 03:37:23 [scheduling-1] INFO  c.p.a.scheduler.PayloadScheduler - =================================================
2026-03-09 03:37:33 [scheduling-1] INFO  c.p.a.scheduler.PayloadScheduler - =================================================
2026-03-09 03:37:33 [scheduling-1] INFO  c.p.a.scheduler.PayloadScheduler - Scheduler triggered : Checking DB for new payloads
2026-03-09 03:37:33 [scheduling-1] INFO  c.poc.alerts.service.PayloadService - ========= PAYLOAD PUBLISH JOB STARTED ==========
2026-03-09 03:37:33 [scheduling-1] INFO  c.poc.alerts.service.PayloadService - No payload found in DB
2026-03-09 03:37:33 [scheduling-1] INFO  c.poc.alerts.service.PayloadService - Waiting for payload insertion...
2026-03-09 03:37:33 [scheduling-1] INFO  c.p.a.scheduler.PayloadScheduler - Scheduler cycle completed
2026-03-09 03:37:33 [scheduling-1] INFO  c.p.a.scheduler.PayloadScheduler - =================================================
2026-03-09 03:37:43 [scheduling-1] INFO  c.p.a.scheduler.PayloadScheduler - =================================================
2026-03-09 03:37:43 [scheduling-1] INFO  c.p.a.scheduler.PayloadScheduler - Scheduler triggered : Checking DB for new payloads
2026-03-09 03:37:43 [scheduling-1] INFO  c.poc.alerts.service.PayloadService - ========= PAYLOAD PUBLISH JOB STARTED ==========
2026-03-09 03:37:43 [scheduling-1] INFO  c.poc.alerts.service.PayloadService - No payload found in DB
2026-03-09 03:37:43 [scheduling-1] INFO  c.poc.alerts.service.PayloadService - Waiting for payload insertion...
2026-03-09 03:37:43 [scheduling-1] INFO  c.p.a.scheduler.PayloadScheduler - Scheduler cycle completed
2026-03-09 03:37:43 [scheduling-1] INFO  c.p.a.scheduler.PayloadScheduler - =================================================
2026-03-09 03:37:53 [scheduling-1] INFO  c.p.a.scheduler.PayloadScheduler - =================================================
2026-03-09 03:37:53 [scheduling-1] INFO  c.p.a.scheduler.PayloadScheduler - Scheduler triggered : Checking DB for new payloads
2026-03-09 03:37:53 [scheduling-1] INFO  c.poc.alerts.service.PayloadService - ========= PAYLOAD PUBLISH JOB STARTED ==========
2026-03-09 03:37:53 [scheduling-1] INFO  c.poc.alerts.service.PayloadService - No payload found in DB
2026-03-09 03:37:53 [scheduling-1] INFO  c.poc.alerts.service.PayloadService - Waiting for payload insertion...
2026-03-09 03:37:53 [scheduling-1] INFO  c.p.a.scheduler.PayloadScheduler - Scheduler cycle completed
2026-03-09 03:37:53 [scheduling-1] INFO  c.p.a.scheduler.PayloadScheduler - =================================================
2026-03-09 03:38:03 [scheduling-1] INFO  c.p.a.scheduler.PayloadScheduler - =================================================
2026-03-09 03:38:03 [scheduling-1] INFO  c.p.a.scheduler.PayloadScheduler - Scheduler triggered : Checking DB for new payloads
2026-03-09 03:38:03 [scheduling-1] INFO  c.poc.alerts.service.PayloadService - ========= PAYLOAD PUBLISH JOB STARTED ==========
2026-03-09 03:38:03 [scheduling-1] INFO  c.poc.alerts.service.PayloadService - No payload found in DB
2026-03-09 03:38:03 [scheduling-1] INFO  c.poc.alerts.service.PayloadService - Waiting for payload insertion...
2026-03-09 03:38:03 [scheduling-1] INFO  c.p.a.scheduler.PayloadScheduler - Scheduler cycle completed
2026-03-09 03:38:03 [scheduling-1] INFO  c.p.a.scheduler.PayloadScheduler - =================================================
2026-03-09 03:38:13 [scheduling-1] INFO  c.p.a.scheduler.PayloadScheduler - =================================================
2026-03-09 03:38:13 [scheduling-1] INFO  c.p.a.scheduler.PayloadScheduler - Scheduler triggered : Checking DB for new payloads
2026-03-09 03:38:13 [scheduling-1] INFO  c.poc.alerts.service.PayloadService - ========= PAYLOAD PUBLISH JOB STARTED ==========
2026-03-09 03:38:13 [scheduling-1] INFO  c.poc.alerts.service.PayloadService - No payload found in DB
2026-03-09 03:38:13 [scheduling-1] INFO  c.poc.alerts.service.PayloadService - Waiting for payload insertion...
2026-03-09 03:38:13 [scheduling-1] INFO  c.p.a.scheduler.PayloadScheduler - Scheduler cycle completed
2026-03-09 03:38:13 [scheduling-1] INFO  c.p.a.scheduler.PayloadScheduler - =================================================
2026-03-09 03:38:23 [scheduling-1] INFO  c.p.a.scheduler.PayloadScheduler - =================================================
2026-03-09 03:38:23 [scheduling-1] INFO  c.p.a.scheduler.PayloadScheduler - Scheduler triggered : Checking DB for new payloads
2026-03-09 03:38:23 [scheduling-1] INFO  c.poc.alerts.service.PayloadService - ========= PAYLOAD PUBLISH JOB STARTED ==========
2026-03-09 03:38:23 [scheduling-1] INFO  c.poc.alerts.service.PayloadService - No payload found in DB
2026-03-09 03:38:23 [scheduling-1] INFO  c.poc.alerts.service.PayloadService - Waiting for payload insertion...
2026-03-09 03:38:23 [scheduling-1] INFO  c.p.a.scheduler.PayloadScheduler - Scheduler cycle completed
2026-03-09 03:38:23 [scheduling-1] INFO  c.p.a.scheduler.PayloadScheduler - =================================================
2026-03-09 03:38:33 [scheduling-1] INFO  c.p.a.scheduler.PayloadScheduler - =================================================
2026-03-09 03:38:33 [scheduling-1] INFO  c.p.a.scheduler.PayloadScheduler - Scheduler triggered : Checking DB for new payloads
2026-03-09 03:38:33 [scheduling-1] INFO  c.poc.alerts.service.PayloadService - ========= PAYLOAD PUBLISH JOB STARTED ==========
2026-03-09 03:38:33 [scheduling-1] INFO  c.poc.alerts.service.PayloadService - No payload found in DB
2026-03-09 03:38:33 [scheduling-1] INFO  c.poc.alerts.service.PayloadService - Waiting for payload insertion...
2026-03-09 03:38:33 [scheduling-1] INFO  c.p.a.scheduler.PayloadScheduler - Scheduler cycle completed
2026-03-09 03:38:33 [scheduling-1] INFO  c.p.a.scheduler.PayloadScheduler - =================================================
2026-03-09 03:38:43 [scheduling-1] INFO  c.p.a.scheduler.PayloadScheduler - =================================================
2026-03-09 03:38:43 [scheduling-1] INFO  c.p.a.scheduler.PayloadScheduler - Scheduler triggered : Checking DB for new payloads
2026-03-09 03:38:43 [scheduling-1] INFO  c.poc.alerts.service.PayloadService - ========= PAYLOAD PUBLISH JOB STARTED ==========
2026-03-09 03:38:43 [scheduling-1] INFO  c.poc.alerts.service.PayloadService - No payload found in DB
2026-03-09 03:38:43 [scheduling-1] INFO  c.poc.alerts.service.PayloadService - Waiting for payload insertion...
2026-03-09 03:38:43 [scheduling-1] INFO  c.p.a.scheduler.PayloadScheduler - Scheduler cycle completed
2026-03-09 03:38:43 [scheduling-1] INFO  c.p.a.scheduler.PayloadScheduler - =================================================
2026-03-09 03:38:53 [scheduling-1] INFO  c.p.a.scheduler.PayloadScheduler - =================================================
2026-03-09 03:38:53 [scheduling-1] INFO  c.p.a.scheduler.PayloadScheduler - Scheduler triggered : Checking DB for new payloads
2026-03-09 03:38:53 [scheduling-1] INFO  c.poc.alerts.service.PayloadService - ========= PAYLOAD PUBLISH JOB STARTED ==========
2026-03-09 03:38:53 [scheduling-1] INFO  c.poc.alerts.service.PayloadService - No payload found in DB
2026-03-09 03:38:53 [scheduling-1] INFO  c.poc.alerts.service.PayloadService - Waiting for payload insertion...
2026-03-09 03:38:53 [scheduling-1] INFO  c.p.a.scheduler.PayloadScheduler - Scheduler cycle completed
2026-03-09 03:38:53 [scheduling-1] INFO  c.p.a.scheduler.PayloadScheduler - =================================================
2026-03-09 03:39:03 [scheduling-1] INFO  c.p.a.scheduler.PayloadScheduler - =================================================
2026-03-09 03:39:03 [scheduling-1] INFO  c.p.a.scheduler.PayloadScheduler - Scheduler triggered : Checking DB for new payloads
2026-03-09 03:39:03 [scheduling-1] INFO  c.poc.alerts.service.PayloadService - ========= PAYLOAD PUBLISH JOB STARTED ==========
2026-03-09 03:39:03 [scheduling-1] INFO  c.poc.alerts.service.PayloadService - No payload found in DB
2026-03-09 03:39:03 [scheduling-1] INFO  c.poc.alerts.service.PayloadService - Waiting for payload insertion...
2026-03-09 03:39:03 [scheduling-1] INFO  c.p.a.scheduler.PayloadScheduler - Scheduler cycle completed
2026-03-09 03:39:03 [scheduling-1] INFO  c.p.a.scheduler.PayloadScheduler - =================================================
2026-03-09 03:39:13 [scheduling-1] INFO  c.p.a.scheduler.PayloadScheduler - =================================================
2026-03-09 03:39:13 [scheduling-1] INFO  c.p.a.scheduler.PayloadScheduler - Scheduler triggered : Checking DB for new payloads
2026-03-09 03:39:13 [scheduling-1] INFO  c.poc.alerts.service.PayloadService - ========= PAYLOAD PUBLISH JOB STARTED ==========
2026-03-09 03:39:13 [scheduling-1] INFO  c.poc.alerts.service.PayloadService - No payload found in DB
2026-03-09 03:39:13 [scheduling-1] INFO  c.poc.alerts.service.PayloadService - Waiting for payload insertion...
2026-03-09 03:39:13 [scheduling-1] INFO  c.p.a.scheduler.PayloadScheduler - Scheduler cycle completed
2026-03-09 03:39:13 [scheduling-1] INFO  c.p.a.scheduler.PayloadScheduler - =================================================
2026-03-09 03:39:23 [scheduling-1] INFO  c.p.a.scheduler.PayloadScheduler - =================================================
2026-03-09 03:39:23 [scheduling-1] INFO  c.p.a.scheduler.PayloadScheduler - Scheduler triggered : Checking DB for new payloads
2026-03-09 03:39:23 [scheduling-1] INFO  c.poc.alerts.service.PayloadService - ========= PAYLOAD PUBLISH JOB STARTED ==========
2026-03-09 03:39:23 [scheduling-1] INFO  c.poc.alerts.service.PayloadService - No payload found in DB
2026-03-09 03:39:23 [scheduling-1] INFO  c.poc.alerts.service.PayloadService - Waiting for payload insertion...
2026-03-09 03:39:23 [scheduling-1] INFO  c.p.a.scheduler.PayloadScheduler - Scheduler cycle completed
2026-03-09 03:39:23 [scheduling-1] INFO  c.p.a.scheduler.PayloadScheduler - =================================================
2026-03-09 03:39:33 [scheduling-1] INFO  c.p.a.scheduler.PayloadScheduler - =================================================
2026-03-09 03:39:33 [scheduling-1] INFO  c.p.a.scheduler.PayloadScheduler - Scheduler triggered : Checking DB for new payloads
2026-03-09 03:39:33 [scheduling-1] INFO  c.poc.alerts.service.PayloadService - ========= PAYLOAD PUBLISH JOB STARTED ==========
2026-03-09 03:39:33 [scheduling-1] INFO  c.poc.alerts.service.PayloadService - No payload found in DB
2026-03-09 03:39:33 [scheduling-1] INFO  c.poc.alerts.service.PayloadService - Waiting for payload insertion...
2026-03-09 03:39:33 [scheduling-1] INFO  c.p.a.scheduler.PayloadScheduler - Scheduler cycle completed
2026-03-09 03:39:33 [scheduling-1] INFO  c.p.a.scheduler.PayloadScheduler - =================================================
2026-03-09 03:39:43 [scheduling-1] INFO  c.p.a.scheduler.PayloadScheduler - =================================================
2026-03-09 03:39:43 [scheduling-1] INFO  c.p.a.scheduler.PayloadScheduler - Scheduler triggered : Checking DB for new payloads
2026-03-09 03:39:43 [scheduling-1] INFO  c.poc.alerts.service.PayloadService - ========= PAYLOAD PUBLISH JOB STARTED ==========
2026-03-09 03:39:43 [scheduling-1] INFO  c.poc.alerts.service.PayloadService - No payload found in DB
2026-03-09 03:39:43 [scheduling-1] INFO  c.poc.alerts.service.PayloadService - Waiting for payload insertion...
2026-03-09 03:39:43 [scheduling-1] INFO  c.p.a.scheduler.PayloadScheduler - Scheduler cycle completed
2026-03-09 03:39:43 [scheduling-1] INFO  c.p.a.scheduler.PayloadScheduler - =================================================
2026-03-09 03:39:53 [scheduling-1] INFO  c.p.a.scheduler.PayloadScheduler - =================================================
2026-03-09 03:39:53 [scheduling-1] INFO  c.p.a.scheduler.PayloadScheduler - Scheduler triggered : Checking DB for new payloads
2026-03-09 03:39:53 [scheduling-1] INFO  c.poc.alerts.service.PayloadService - ========= PAYLOAD PUBLISH JOB STARTED ==========
2026-03-09 03:39:53 [scheduling-1] INFO  c.poc.alerts.service.PayloadService - No payload found in DB
2026-03-09 03:39:53 [scheduling-1] INFO  c.poc.alerts.service.PayloadService - Waiting for payload insertion...
2026-03-09 03:39:53 [scheduling-1] INFO  c.p.a.scheduler.PayloadScheduler - Scheduler cycle completed
2026-03-09 03:39:53 [scheduling-1] INFO  c.p.a.scheduler.PayloadScheduler - =================================================
2026-03-09 03:40:03 [scheduling-1] INFO  c.p.a.scheduler.PayloadScheduler - =================================================
2026-03-09 03:40:03 [scheduling-1] INFO  c.p.a.scheduler.PayloadScheduler - Scheduler triggered : Checking DB for new payloads
2026-03-09 03:40:03 [scheduling-1] INFO  c.poc.alerts.service.PayloadService - ========= PAYLOAD PUBLISH JOB STARTED ==========
2026-03-09 03:40:03 [scheduling-1] INFO  c.poc.alerts.service.PayloadService - No payload found in DB
2026-03-09 03:40:03 [scheduling-1] INFO  c.poc.alerts.service.PayloadService - Waiting for payload insertion...
2026-03-09 03:40:03 [scheduling-1] INFO  c.p.a.scheduler.PayloadScheduler - Scheduler cycle completed
2026-03-09 03:40:03 [scheduling-1] INFO  c.p.a.scheduler.PayloadScheduler - =================================================
2026-03-09 03:40:13 [scheduling-1] INFO  c.p.a.scheduler.PayloadScheduler - =================================================
2026-03-09 03:40:13 [scheduling-1] INFO  c.p.a.scheduler.PayloadScheduler - Scheduler triggered : Checking DB for new payloads
2026-03-09 03:40:13 [scheduling-1] INFO  c.poc.alerts.service.PayloadService - ========= PAYLOAD PUBLISH JOB STARTED ==========
2026-03-09 03:40:13 [scheduling-1] INFO  c.poc.alerts.service.PayloadService - No payload found in DB
2026-03-09 03:40:13 [scheduling-1] INFO  c.poc.alerts.service.PayloadService - Waiting for payload insertion...
2026-03-09 03:40:13 [scheduling-1] INFO  c.p.a.scheduler.PayloadScheduler - Scheduler cycle completed
2026-03-09 03:40:13 [scheduling-1] INFO  c.p.a.scheduler.PayloadScheduler - =================================================
2026-03-09 03:40:23 [scheduling-1] INFO  c.p.a.scheduler.PayloadScheduler - =================================================
2026-03-09 03:40:23 [scheduling-1] INFO  c.p.a.scheduler.PayloadScheduler - Scheduler triggered : Checking DB for new payloads
2026-03-09 03:40:23 [scheduling-1] INFO  c.poc.alerts.service.PayloadService - ========= PAYLOAD PUBLISH JOB STARTED ==========
2026-03-09 03:40:23 [scheduling-1] INFO  c.poc.alerts.service.PayloadService - No payload found in DB
2026-03-09 03:40:23 [scheduling-1] INFO  c.poc.alerts.service.PayloadService - Waiting for payload insertion...
2026-03-09 03:40:23 [scheduling-1] INFO  c.p.a.scheduler.PayloadScheduler - Scheduler cycle completed
2026-03-09 03:40:23 [scheduling-1] INFO  c.p.a.scheduler.PayloadScheduler - =================================================
2026-03-09 03:40:33 [scheduling-1] INFO  c.p.a.scheduler.PayloadScheduler - =================================================
2026-03-09 03:40:33 [scheduling-1] INFO  c.p.a.scheduler.PayloadScheduler - Scheduler triggered : Checking DB for new payloads
2026-03-09 03:40:33 [scheduling-1] INFO  c.poc.alerts.service.PayloadService - ========= PAYLOAD PUBLISH JOB STARTED ==========
2026-03-09 03:40:33 [scheduling-1] INFO  c.poc.alerts.service.PayloadService - No payload found in DB
2026-03-09 03:40:33 [scheduling-1] INFO  c.poc.alerts.service.PayloadService - Waiting for payload insertion...
2026-03-09 03:40:33 [scheduling-1] INFO  c.p.a.scheduler.PayloadScheduler - Scheduler cycle completed
2026-03-09 03:40:33 [scheduling-1] INFO  c.p.a.scheduler.PayloadScheduler - =================================================
2026-03-09 03:40:43 [scheduling-1] INFO  c.p.a.scheduler.PayloadScheduler - =================================================
2026-03-09 03:40:43 [scheduling-1] INFO  c.p.a.scheduler.PayloadScheduler - Scheduler triggered : Checking DB for new payloads
2026-03-09 03:40:43 [scheduling-1] INFO  c.poc.alerts.service.PayloadService - ========= PAYLOAD PUBLISH JOB STARTED ==========
2026-03-09 03:40:43 [scheduling-1] INFO  c.poc.alerts.service.PayloadService - No payload found in DB
2026-03-09 03:40:43 [scheduling-1] INFO  c.poc.alerts.service.PayloadService - Waiting for payload insertion...
2026-03-09 03:40:43 [scheduling-1] INFO  c.p.a.scheduler.PayloadScheduler - Scheduler cycle completed
2026-03-09 03:40:43 [scheduling-1] INFO  c.p.a.scheduler.PayloadScheduler - =================================================
2026-03-09 03:40:53 [scheduling-1] INFO  c.p.a.scheduler.PayloadScheduler - =================================================
2026-03-09 03:40:53 [scheduling-1] INFO  c.p.a.scheduler.PayloadScheduler - Scheduler triggered : Checking DB for new payloads
2026-03-09 03:40:53 [scheduling-1] INFO  c.poc.alerts.service.PayloadService - ========= PAYLOAD PUBLISH JOB STARTED ==========
2026-03-09 03:40:53 [scheduling-1] INFO  c.poc.alerts.service.PayloadService - No payload found in DB
2026-03-09 03:40:53 [scheduling-1] INFO  c.poc.alerts.service.PayloadService - Waiting for payload insertion...
2026-03-09 03:40:53 [scheduling-1] INFO  c.p.a.scheduler.PayloadScheduler - Scheduler cycle completed
2026-03-09 03:40:53 [scheduling-1] INFO  c.p.a.scheduler.PayloadScheduler - =================================================
2026-03-09 03:41:03 [scheduling-1] INFO  c.p.a.scheduler.PayloadScheduler - =================================================
2026-03-09 03:41:03 [scheduling-1] INFO  c.p.a.scheduler.PayloadScheduler - Scheduler triggered : Checking DB for new payloads
2026-03-09 03:41:03 [scheduling-1] INFO  c.poc.alerts.service.PayloadService - ========= PAYLOAD PUBLISH JOB STARTED ==========
2026-03-09 03:41:03 [scheduling-1] INFO  c.poc.alerts.service.PayloadService - No payload found in DB
2026-03-09 03:41:03 [scheduling-1] INFO  c.poc.alerts.service.PayloadService - Waiting for payload insertion...
2026-03-09 03:41:03 [scheduling-1] INFO  c.p.a.scheduler.PayloadScheduler - Scheduler cycle completed
2026-03-09 03:41:03 [scheduling-1] INFO  c.p.a.scheduler.PayloadScheduler - =================================================
2026-03-09 03:41:13 [scheduling-1] INFO  c.p.a.scheduler.PayloadScheduler - =================================================
2026-03-09 03:41:13 [scheduling-1] INFO  c.p.a.scheduler.PayloadScheduler - Scheduler triggered : Checking DB for new payloads
2026-03-09 03:41:13 [scheduling-1] INFO  c.poc.alerts.service.PayloadService - ========= PAYLOAD PUBLISH JOB STARTED ==========
2026-03-09 03:41:13 [scheduling-1] INFO  c.poc.alerts.service.PayloadService - No payload found in DB
2026-03-09 03:41:13 [scheduling-1] INFO  c.poc.alerts.service.PayloadService - Waiting for payload insertion...
2026-03-09 03:41:13 [scheduling-1] INFO  c.p.a.scheduler.PayloadScheduler - Scheduler cycle completed
2026-03-09 03:41:13 [scheduling-1] INFO  c.p.a.scheduler.PayloadScheduler - =================================================
2026-03-09 03:41:23 [scheduling-1] INFO  c.p.a.scheduler.PayloadScheduler - =================================================
2026-03-09 03:41:23 [scheduling-1] INFO  c.p.a.scheduler.PayloadScheduler - Scheduler triggered : Checking DB for new payloads
2026-03-09 03:41:23 [scheduling-1] INFO  c.poc.alerts.service.PayloadService - ========= PAYLOAD PUBLISH JOB STARTED ==========
2026-03-09 03:41:23 [scheduling-1] INFO  c.poc.alerts.service.PayloadService - No payload found in DB
2026-03-09 03:41:23 [scheduling-1] INFO  c.poc.alerts.service.PayloadService - Waiting for payload insertion...
2026-03-09 03:41:23 [scheduling-1] INFO  c.p.a.scheduler.PayloadScheduler - Scheduler cycle completed
2026-03-09 03:41:23 [scheduling-1] INFO  c.p.a.scheduler.PayloadScheduler - =================================================
2026-03-09 03:41:33 [scheduling-1] INFO  c.p.a.scheduler.PayloadScheduler - =================================================
2026-03-09 03:41:33 [scheduling-1] INFO  c.p.a.scheduler.PayloadScheduler - Scheduler triggered : Checking DB for new payloads
2026-03-09 03:41:33 [scheduling-1] INFO  c.poc.alerts.service.PayloadService - ========= PAYLOAD PUBLISH JOB STARTED ==========
2026-03-09 03:41:33 [scheduling-1] INFO  c.poc.alerts.service.PayloadService - No payload found in DB
2026-03-09 03:41:33 [scheduling-1] INFO  c.poc.alerts.service.PayloadService - Waiting for payload insertion...
2026-03-09 03:41:33 [scheduling-1] INFO  c.p.a.scheduler.PayloadScheduler - Scheduler cycle completed
2026-03-09 03:41:33 [scheduling-1] INFO  c.p.a.scheduler.PayloadScheduler - =================================================
2026-03-09 03:41:43 [scheduling-1] INFO  c.p.a.scheduler.PayloadScheduler - =================================================
2026-03-09 03:41:43 [scheduling-1] INFO  c.p.a.scheduler.PayloadScheduler - Scheduler triggered : Checking DB for new payloads
2026-03-09 03:41:43 [scheduling-1] INFO  c.poc.alerts.service.PayloadService - ========= PAYLOAD PUBLISH JOB STARTED ==========
2026-03-09 03:41:43 [scheduling-1] INFO  c.poc.alerts.service.PayloadService - No payload found in DB
2026-03-09 03:41:43 [scheduling-1] INFO  c.poc.alerts.service.PayloadService - Waiting for payload insertion...
2026-03-09 03:41:43 [scheduling-1] INFO  c.p.a.scheduler.PayloadScheduler - Scheduler cycle completed
2026-03-09 03:41:43 [scheduling-1] INFO  c.p.a.scheduler.PayloadScheduler - =================================================
2026-03-09 03:41:52 [kafka-producer-network-thread | Producer_Setup-producer-1] INFO  o.apache.kafka.clients.NetworkClient - [Producer clientId=Producer_Setup-producer-1] Node -1 disconnected.
2026-03-09 03:41:53 [scheduling-1] INFO  c.p.a.scheduler.PayloadScheduler - =================================================
2026-03-09 03:41:53 [scheduling-1] INFO  c.p.a.scheduler.PayloadScheduler - Scheduler triggered : Checking DB for new payloads
2026-03-09 03:41:53 [scheduling-1] INFO  c.poc.alerts.service.PayloadService - ========= PAYLOAD PUBLISH JOB STARTED ==========
2026-03-09 03:41:53 [scheduling-1] INFO  c.poc.alerts.service.PayloadService - No payload found in DB
2026-03-09 03:41:53 [scheduling-1] INFO  c.poc.alerts.service.PayloadService - Waiting for payload insertion...
2026-03-09 03:41:53 [scheduling-1] INFO  c.p.a.scheduler.PayloadScheduler - Scheduler cycle completed
2026-03-09 03:41:53 [scheduling-1] INFO  c.p.a.scheduler.PayloadScheduler - =================================================
2026-03-09 03:42:03 [scheduling-1] INFO  c.p.a.scheduler.PayloadScheduler - =================================================
2026-03-09 03:42:03 [scheduling-1] INFO  c.p.a.scheduler.PayloadScheduler - Scheduler triggered : Checking DB for new payloads
2026-03-09 03:42:03 [scheduling-1] INFO  c.poc.alerts.service.PayloadService - ========= PAYLOAD PUBLISH JOB STARTED ==========
2026-03-09 03:42:03 [scheduling-1] INFO  c.poc.alerts.service.PayloadService - No payload found in DB
2026-03-09 03:42:03 [scheduling-1] INFO  c.poc.alerts.service.PayloadService - Waiting for payload insertion...
2026-03-09 03:42:03 [scheduling-1] INFO  c.p.a.scheduler.PayloadScheduler - Scheduler cycle completed
2026-03-09 03:42:03 [scheduling-1] INFO  c.p.a.scheduler.PayloadScheduler - =================================================
2026-03-09 03:42:13 [scheduling-1] INFO  c.p.a.scheduler.PayloadScheduler - =================================================
2026-03-09 03:42:13 [scheduling-1] INFO  c.p.a.scheduler.PayloadScheduler - Scheduler triggered : Checking DB for new payloads
2026-03-09 03:42:13 [scheduling-1] INFO  c.poc.alerts.service.PayloadService - ========= PAYLOAD PUBLISH JOB STARTED ==========
2026-03-09 03:42:13 [scheduling-1] INFO  c.poc.alerts.service.PayloadService - Total payload records fetched from DB : 1
2026-03-09 03:42:13 [scheduling-1] INFO  c.poc.alerts.service.PayloadService - -----------------------------------------------
2026-03-09 03:42:13 [scheduling-1] INFO  c.poc.alerts.service.PayloadService - Processing payload id : 7
2026-03-09 03:42:13 [scheduling-1] INFO  c.poc.alerts.service.PayloadService - Payload Type : ACCOUNT_CREATED
2026-03-09 03:42:13 [scheduling-1] INFO  c.p.a.service.KafkaProducerService - Producing message to topic notifications.events
2026-03-09 03:42:13 [scheduling-1] INFO  c.poc.alerts.service.PayloadService - Payload id 7 marked as PUBLISHED
2026-03-09 03:42:13 [scheduling-1] INFO  c.poc.alerts.service.PayloadService - ========= PAYLOAD PUBLISH JOB COMPLETED ==========
2026-03-09 03:42:13 [scheduling-1] INFO  c.p.a.scheduler.PayloadScheduler - Scheduler cycle completed
2026-03-09 03:42:13 [scheduling-1] INFO  c.p.a.scheduler.PayloadScheduler - =================================================
2026-03-09 03:42:13 [kafka-producer-network-thread | Producer_Setup-producer-1] INFO  c.p.a.service.KafkaProducerService - Message successfully published to topic notifications.events
2026-03-09 03:42:23 [scheduling-1] INFO  c.p.a.scheduler.PayloadScheduler - =================================================
2026-03-09 03:42:23 [scheduling-1] INFO  c.p.a.scheduler.PayloadScheduler - Scheduler triggered : Checking DB for new payloads
2026-03-09 03:42:23 [scheduling-1] INFO  c.poc.alerts.service.PayloadService - ========= PAYLOAD PUBLISH JOB STARTED ==========
2026-03-09 03:42:23 [scheduling-1] INFO  c.poc.alerts.service.PayloadService - No payload found in DB
2026-03-09 03:42:23 [scheduling-1] INFO  c.poc.alerts.service.PayloadService - Waiting for payload insertion...
2026-03-09 03:42:23 [scheduling-1] INFO  c.p.a.scheduler.PayloadScheduler - Scheduler cycle completed
2026-03-09 03:42:23 [scheduling-1] INFO  c.p.a.scheduler.PayloadScheduler - =================================================
2026-03-09 03:42:33 [scheduling-1] INFO  c.p.a.scheduler.PayloadScheduler - =================================================
2026-03-09 03:42:33 [scheduling-1] INFO  c.p.a.scheduler.PayloadScheduler - Scheduler triggered : Checking DB for new payloads
2026-03-09 03:42:33 [scheduling-1] INFO  c.poc.alerts.service.PayloadService - ========= PAYLOAD PUBLISH JOB STARTED ==========
2026-03-09 03:42:33 [scheduling-1] INFO  c.poc.alerts.service.PayloadService - No payload found in DB
2026-03-09 03:42:33 [scheduling-1] INFO  c.poc.alerts.service.PayloadService - Waiting for payload insertion...
2026-03-09 03:42:33 [scheduling-1] INFO  c.p.a.scheduler.PayloadScheduler - Scheduler cycle completed
2026-03-09 03:42:33 [scheduling-1] INFO  c.p.a.scheduler.PayloadScheduler - =================================================
2026-03-09 03:42:43 [scheduling-1] INFO  c.p.a.scheduler.PayloadScheduler - =================================================
2026-03-09 03:42:43 [scheduling-1] INFO  c.p.a.scheduler.PayloadScheduler - Scheduler triggered : Checking DB for new payloads
2026-03-09 03:42:43 [scheduling-1] INFO  c.poc.alerts.service.PayloadService - ========= PAYLOAD PUBLISH JOB STARTED ==========
2026-03-09 03:42:43 [scheduling-1] INFO  c.poc.alerts.service.PayloadService - No payload found in DB
2026-03-09 03:42:43 [scheduling-1] INFO  c.poc.alerts.service.PayloadService - Waiting for payload insertion...
2026-03-09 03:42:43 [scheduling-1] INFO  c.p.a.scheduler.PayloadScheduler - Scheduler cycle completed
2026-03-09 03:42:43 [scheduling-1] INFO  c.p.a.scheduler.PayloadScheduler - =================================================
2026-03-09 03:42:53 [scheduling-1] INFO  c.p.a.scheduler.PayloadScheduler - =================================================
2026-03-09 03:42:53 [scheduling-1] INFO  c.p.a.scheduler.PayloadScheduler - Scheduler triggered : Checking DB for new payloads
2026-03-09 03:42:53 [scheduling-1] INFO  c.poc.alerts.service.PayloadService - ========= PAYLOAD PUBLISH JOB STARTED ==========
2026-03-09 03:42:53 [scheduling-1] INFO  c.poc.alerts.service.PayloadService - No payload found in DB
2026-03-09 03:42:53 [scheduling-1] INFO  c.poc.alerts.service.PayloadService - Waiting for payload insertion...
2026-03-09 03:42:53 [scheduling-1] INFO  c.p.a.scheduler.PayloadScheduler - Scheduler cycle completed
2026-03-09 03:42:53 [scheduling-1] INFO  c.p.a.scheduler.PayloadScheduler - =================================================
2026-03-09 03:43:03 [scheduling-1] INFO  c.p.a.scheduler.PayloadScheduler - =================================================
2026-03-09 03:43:03 [scheduling-1] INFO  c.p.a.scheduler.PayloadScheduler - Scheduler triggered : Checking DB for new payloads
2026-03-09 03:43:03 [scheduling-1] INFO  c.poc.alerts.service.PayloadService - ========= PAYLOAD PUBLISH JOB STARTED ==========
2026-03-09 03:43:03 [scheduling-1] INFO  c.poc.alerts.service.PayloadService - No payload found in DB
2026-03-09 03:43:03 [scheduling-1] INFO  c.poc.alerts.service.PayloadService - Waiting for payload insertion...
2026-03-09 03:43:03 [scheduling-1] INFO  c.p.a.scheduler.PayloadScheduler - Scheduler cycle completed
2026-03-09 03:43:03 [scheduling-1] INFO  c.p.a.scheduler.PayloadScheduler - =================================================
2026-03-09 03:43:13 [scheduling-1] INFO  c.p.a.scheduler.PayloadScheduler - =================================================
2026-03-09 03:43:13 [scheduling-1] INFO  c.p.a.scheduler.PayloadScheduler - Scheduler triggered : Checking DB for new payloads
2026-03-09 03:43:13 [scheduling-1] INFO  c.poc.alerts.service.PayloadService - ========= PAYLOAD PUBLISH JOB STARTED ==========
2026-03-09 03:43:13 [scheduling-1] INFO  c.poc.alerts.service.PayloadService - No payload found in DB
2026-03-09 03:43:13 [scheduling-1] INFO  c.poc.alerts.service.PayloadService - Waiting for payload insertion...
2026-03-09 03:43:13 [scheduling-1] INFO  c.p.a.scheduler.PayloadScheduler - Scheduler cycle completed
2026-03-09 03:43:13 [scheduling-1] INFO  c.p.a.scheduler.PayloadScheduler - =================================================
2026-03-09 03:43:23 [scheduling-1] INFO  c.p.a.scheduler.PayloadScheduler - =================================================
2026-03-09 03:43:23 [scheduling-1] INFO  c.p.a.scheduler.PayloadScheduler - Scheduler triggered : Checking DB for new payloads
2026-03-09 03:43:23 [scheduling-1] INFO  c.poc.alerts.service.PayloadService - ========= PAYLOAD PUBLISH JOB STARTED ==========
2026-03-09 03:43:23 [scheduling-1] INFO  c.poc.alerts.service.PayloadService - No payload found in DB
2026-03-09 03:43:23 [scheduling-1] INFO  c.poc.alerts.service.PayloadService - Waiting for payload insertion...
2026-03-09 03:43:23 [scheduling-1] INFO  c.p.a.scheduler.PayloadScheduler - Scheduler cycle completed
2026-03-09 03:43:23 [scheduling-1] INFO  c.p.a.scheduler.PayloadScheduler - =================================================
2026-03-09 03:43:33 [scheduling-1] INFO  c.p.a.scheduler.PayloadScheduler - =================================================
2026-03-09 03:43:33 [scheduling-1] INFO  c.p.a.scheduler.PayloadScheduler - Scheduler triggered : Checking DB for new payloads
2026-03-09 03:43:33 [scheduling-1] INFO  c.poc.alerts.service.PayloadService - ========= PAYLOAD PUBLISH JOB STARTED ==========
2026-03-09 03:43:33 [scheduling-1] INFO  c.poc.alerts.service.PayloadService - No payload found in DB
2026-03-09 03:43:33 [scheduling-1] INFO  c.poc.alerts.service.PayloadService - Waiting for payload insertion...
2026-03-09 03:43:33 [scheduling-1] INFO  c.p.a.scheduler.PayloadScheduler - Scheduler cycle completed
2026-03-09 03:43:33 [scheduling-1] INFO  c.p.a.scheduler.PayloadScheduler - =================================================
2026-03-09 03:43:43 [scheduling-1] INFO  c.p.a.scheduler.PayloadScheduler - =================================================
2026-03-09 03:43:43 [scheduling-1] INFO  c.p.a.scheduler.PayloadScheduler - Scheduler triggered : Checking DB for new payloads
2026-03-09 03:43:43 [scheduling-1] INFO  c.poc.alerts.service.PayloadService - ========= PAYLOAD PUBLISH JOB STARTED ==========
2026-03-09 03:43:43 [scheduling-1] INFO  c.poc.alerts.service.PayloadService - No payload found in DB
2026-03-09 03:43:43 [scheduling-1] INFO  c.poc.alerts.service.PayloadService - Waiting for payload insertion...
2026-03-09 03:43:43 [scheduling-1] INFO  c.p.a.scheduler.PayloadScheduler - Scheduler cycle completed
2026-03-09 03:43:43 [scheduling-1] INFO  c.p.a.scheduler.PayloadScheduler - =================================================
2026-03-09 03:43:53 [scheduling-1] INFO  c.p.a.scheduler.PayloadScheduler - =================================================
2026-03-09 03:43:53 [scheduling-1] INFO  c.p.a.scheduler.PayloadScheduler - Scheduler triggered : Checking DB for new payloads
2026-03-09 03:43:53 [scheduling-1] INFO  c.poc.alerts.service.PayloadService - ========= PAYLOAD PUBLISH JOB STARTED ==========
2026-03-09 03:43:53 [scheduling-1] INFO  c.poc.alerts.service.PayloadService - No payload found in DB
2026-03-09 03:43:53 [scheduling-1] INFO  c.poc.alerts.service.PayloadService - Waiting for payload insertion...
2026-03-09 03:43:53 [scheduling-1] INFO  c.p.a.scheduler.PayloadScheduler - Scheduler cycle completed
2026-03-09 03:43:53 [scheduling-1] INFO  c.p.a.scheduler.PayloadScheduler - =================================================
2026-03-09 03:44:03 [scheduling-1] INFO  c.p.a.scheduler.PayloadScheduler - =================================================
2026-03-09 03:44:03 [scheduling-1] INFO  c.p.a.scheduler.PayloadScheduler - Scheduler triggered : Checking DB for new payloads
2026-03-09 03:44:03 [scheduling-1] INFO  c.poc.alerts.service.PayloadService - ========= PAYLOAD PUBLISH JOB STARTED ==========
2026-03-09 03:44:03 [scheduling-1] INFO  c.poc.alerts.service.PayloadService - No payload found in DB
2026-03-09 03:44:03 [scheduling-1] INFO  c.poc.alerts.service.PayloadService - Waiting for payload insertion...
2026-03-09 03:44:03 [scheduling-1] INFO  c.p.a.scheduler.PayloadScheduler - Scheduler cycle completed
2026-03-09 03:44:03 [scheduling-1] INFO  c.p.a.scheduler.PayloadScheduler - =================================================
2026-03-09 03:44:13 [scheduling-1] INFO  c.p.a.scheduler.PayloadScheduler - =================================================
2026-03-09 03:44:13 [scheduling-1] INFO  c.p.a.scheduler.PayloadScheduler - Scheduler triggered : Checking DB for new payloads
2026-03-09 03:44:13 [scheduling-1] INFO  c.poc.alerts.service.PayloadService - ========= PAYLOAD PUBLISH JOB STARTED ==========
2026-03-09 03:44:13 [scheduling-1] INFO  c.poc.alerts.service.PayloadService - No payload found in DB
2026-03-09 03:44:13 [scheduling-1] INFO  c.poc.alerts.service.PayloadService - Waiting for payload insertion...
2026-03-09 03:44:13 [scheduling-1] INFO  c.p.a.scheduler.PayloadScheduler - Scheduler cycle completed
2026-03-09 03:44:13 [scheduling-1] INFO  c.p.a.scheduler.PayloadScheduler - =================================================
2026-03-09 03:44:23 [scheduling-1] INFO  c.p.a.scheduler.PayloadScheduler - =================================================
2026-03-09 03:44:23 [scheduling-1] INFO  c.p.a.scheduler.PayloadScheduler - Scheduler triggered : Checking DB for new payloads
2026-03-09 03:44:23 [scheduling-1] INFO  c.poc.alerts.service.PayloadService - ========= PAYLOAD PUBLISH JOB STARTED ==========
2026-03-09 03:44:23 [scheduling-1] INFO  c.poc.alerts.service.PayloadService - No payload found in DB
2026-03-09 03:44:23 [scheduling-1] INFO  c.poc.alerts.service.PayloadService - Waiting for payload insertion...
2026-03-09 03:44:23 [scheduling-1] INFO  c.p.a.scheduler.PayloadScheduler - Scheduler cycle completed
2026-03-09 03:44:23 [scheduling-1] INFO  c.p.a.scheduler.PayloadScheduler - =================================================
2026-03-09 03:44:33 [scheduling-1] INFO  c.p.a.scheduler.PayloadScheduler - =================================================
2026-03-09 03:44:33 [scheduling-1] INFO  c.p.a.scheduler.PayloadScheduler - Scheduler triggered : Checking DB for new payloads
2026-03-09 03:44:33 [scheduling-1] INFO  c.poc.alerts.service.PayloadService - ========= PAYLOAD PUBLISH JOB STARTED ==========
2026-03-09 03:44:33 [scheduling-1] INFO  c.poc.alerts.service.PayloadService - Total payload records fetched from DB : 1
2026-03-09 03:44:33 [scheduling-1] INFO  c.poc.alerts.service.PayloadService - -----------------------------------------------
2026-03-09 03:44:33 [scheduling-1] INFO  c.poc.alerts.service.PayloadService - Processing payload id : 8
2026-03-09 03:44:33 [scheduling-1] INFO  c.poc.alerts.service.PayloadService - Payload Type : ACCOUNT_CREATED
2026-03-09 03:44:33 [scheduling-1] INFO  c.p.a.service.KafkaProducerService - Producing message to topic notifications.events
2026-03-09 03:44:33 [scheduling-1] INFO  c.poc.alerts.service.PayloadService - Payload id 8 marked as PUBLISHED
2026-03-09 03:44:33 [scheduling-1] INFO  c.poc.alerts.service.PayloadService - ========= PAYLOAD PUBLISH JOB COMPLETED ==========
2026-03-09 03:44:33 [scheduling-1] INFO  c.p.a.scheduler.PayloadScheduler - Scheduler cycle completed
2026-03-09 03:44:33 [scheduling-1] INFO  c.p.a.scheduler.PayloadScheduler - =================================================
2026-03-09 03:44:33 [kafka-producer-network-thread | Producer_Setup-producer-1] INFO  c.p.a.service.KafkaProducerService - Message successfully published to topic notifications.events
2026-03-09 03:44:43 [scheduling-1] INFO  c.p.a.scheduler.PayloadScheduler - =================================================
2026-03-09 03:44:43 [scheduling-1] INFO  c.p.a.scheduler.PayloadScheduler - Scheduler triggered : Checking DB for new payloads
2026-03-09 03:44:43 [scheduling-1] INFO  c.poc.alerts.service.PayloadService - ========= PAYLOAD PUBLISH JOB STARTED ==========
2026-03-09 03:44:43 [scheduling-1] INFO  c.poc.alerts.service.PayloadService - No payload found in DB
2026-03-09 03:44:43 [scheduling-1] INFO  c.poc.alerts.service.PayloadService - Waiting for payload insertion...
2026-03-09 03:44:43 [scheduling-1] INFO  c.p.a.scheduler.PayloadScheduler - Scheduler cycle completed
2026-03-09 03:44:43 [scheduling-1] INFO  c.p.a.scheduler.PayloadScheduler - =================================================
2026-03-09 03:44:53 [scheduling-1] INFO  c.p.a.scheduler.PayloadScheduler - =================================================
2026-03-09 03:44:53 [scheduling-1] INFO  c.p.a.scheduler.PayloadScheduler - Scheduler triggered : Checking DB for new payloads
2026-03-09 03:44:53 [scheduling-1] INFO  c.poc.alerts.service.PayloadService - ========= PAYLOAD PUBLISH JOB STARTED ==========
2026-03-09 03:44:53 [scheduling-1] INFO  c.poc.alerts.service.PayloadService - No payload found in DB
2026-03-09 03:44:53 [scheduling-1] INFO  c.poc.alerts.service.PayloadService - Waiting for payload insertion...
2026-03-09 03:44:53 [scheduling-1] INFO  c.p.a.scheduler.PayloadScheduler - Scheduler cycle completed
2026-03-09 03:44:53 [scheduling-1] INFO  c.p.a.scheduler.PayloadScheduler - =================================================
2026-03-09 03:45:03 [scheduling-1] INFO  c.p.a.scheduler.PayloadScheduler - =================================================
2026-03-09 03:45:03 [scheduling-1] INFO  c.p.a.scheduler.PayloadScheduler - Scheduler triggered : Checking DB for new payloads
2026-03-09 03:45:03 [scheduling-1] INFO  c.poc.alerts.service.PayloadService - ========= PAYLOAD PUBLISH JOB STARTED ==========
2026-03-09 03:45:03 [scheduling-1] INFO  c.poc.alerts.service.PayloadService - No payload found in DB
2026-03-09 03:45:03 [scheduling-1] INFO  c.poc.alerts.service.PayloadService - Waiting for payload insertion...
2026-03-09 03:45:03 [scheduling-1] INFO  c.p.a.scheduler.PayloadScheduler - Scheduler cycle completed
2026-03-09 03:45:03 [scheduling-1] INFO  c.p.a.scheduler.PayloadScheduler - =================================================
2026-03-09 03:45:13 [scheduling-1] INFO  c.p.a.scheduler.PayloadScheduler - =================================================
2026-03-09 03:45:13 [scheduling-1] INFO  c.p.a.scheduler.PayloadScheduler - Scheduler triggered : Checking DB for new payloads
2026-03-09 03:45:13 [scheduling-1] INFO  c.poc.alerts.service.PayloadService - ========= PAYLOAD PUBLISH JOB STARTED ==========
2026-03-09 03:45:13 [scheduling-1] INFO  c.poc.alerts.service.PayloadService - No payload found in DB
2026-03-09 03:45:13 [scheduling-1] INFO  c.poc.alerts.service.PayloadService - Waiting for payload insertion...
2026-03-09 03:45:13 [scheduling-1] INFO  c.p.a.scheduler.PayloadScheduler - Scheduler cycle completed
2026-03-09 03:45:13 [scheduling-1] INFO  c.p.a.scheduler.PayloadScheduler - =================================================
2026-03-09 03:45:23 [scheduling-1] INFO  c.p.a.scheduler.PayloadScheduler - =================================================
2026-03-09 03:45:23 [scheduling-1] INFO  c.p.a.scheduler.PayloadScheduler - Scheduler triggered : Checking DB for new payloads
2026-03-09 03:45:23 [scheduling-1] INFO  c.poc.alerts.service.PayloadService - ========= PAYLOAD PUBLISH JOB STARTED ==========
2026-03-09 03:45:23 [scheduling-1] INFO  c.poc.alerts.service.PayloadService - No payload found in DB
2026-03-09 03:45:23 [scheduling-1] INFO  c.poc.alerts.service.PayloadService - Waiting for payload insertion...
2026-03-09 03:45:23 [scheduling-1] INFO  c.p.a.scheduler.PayloadScheduler - Scheduler cycle completed
2026-03-09 03:45:23 [scheduling-1] INFO  c.p.a.scheduler.PayloadScheduler - =================================================
2026-03-09 03:45:33 [scheduling-1] INFO  c.p.a.scheduler.PayloadScheduler - =================================================
2026-03-09 03:45:33 [scheduling-1] INFO  c.p.a.scheduler.PayloadScheduler - Scheduler triggered : Checking DB for new payloads
2026-03-09 03:45:33 [scheduling-1] INFO  c.poc.alerts.service.PayloadService - ========= PAYLOAD PUBLISH JOB STARTED ==========
2026-03-09 03:45:33 [scheduling-1] INFO  c.poc.alerts.service.PayloadService - No payload found in DB
2026-03-09 03:45:33 [scheduling-1] INFO  c.poc.alerts.service.PayloadService - Waiting for payload insertion...
2026-03-09 03:45:33 [scheduling-1] INFO  c.p.a.scheduler.PayloadScheduler - Scheduler cycle completed
2026-03-09 03:45:33 [scheduling-1] INFO  c.p.a.scheduler.PayloadScheduler - =================================================
2026-03-09 03:45:43 [scheduling-1] INFO  c.p.a.scheduler.PayloadScheduler - =================================================
2026-03-09 03:45:43 [scheduling-1] INFO  c.p.a.scheduler.PayloadScheduler - Scheduler triggered : Checking DB for new payloads
2026-03-09 03:45:43 [scheduling-1] INFO  c.poc.alerts.service.PayloadService - ========= PAYLOAD PUBLISH JOB STARTED ==========
2026-03-09 03:45:43 [scheduling-1] INFO  c.poc.alerts.service.PayloadService - No payload found in DB
2026-03-09 03:45:43 [scheduling-1] INFO  c.poc.alerts.service.PayloadService - Waiting for payload insertion...
2026-03-09 03:45:43 [scheduling-1] INFO  c.p.a.scheduler.PayloadScheduler - Scheduler cycle completed
2026-03-09 03:45:43 [scheduling-1] INFO  c.p.a.scheduler.PayloadScheduler - =================================================
2026-03-09 03:45:53 [scheduling-1] INFO  c.p.a.scheduler.PayloadScheduler - =================================================
2026-03-09 03:45:53 [scheduling-1] INFO  c.p.a.scheduler.PayloadScheduler - Scheduler triggered : Checking DB for new payloads
2026-03-09 03:45:53 [scheduling-1] INFO  c.poc.alerts.service.PayloadService - ========= PAYLOAD PUBLISH JOB STARTED ==========
2026-03-09 03:45:53 [scheduling-1] INFO  c.poc.alerts.service.PayloadService - Total payload records fetched from DB : 1
2026-03-09 03:45:53 [scheduling-1] INFO  c.poc.alerts.service.PayloadService - -----------------------------------------------
2026-03-09 03:45:53 [scheduling-1] INFO  c.poc.alerts.service.PayloadService - Processing payload id : 9
2026-03-09 03:45:53 [scheduling-1] INFO  c.poc.alerts.service.PayloadService - Payload Type : CUSTOMER_CREATED
2026-03-09 03:45:53 [scheduling-1] INFO  c.p.a.service.KafkaProducerService - Producing message to topic notifications.events
2026-03-09 03:45:53 [scheduling-1] INFO  c.poc.alerts.service.PayloadService - Payload id 9 marked as PUBLISHED
2026-03-09 03:45:53 [scheduling-1] INFO  c.poc.alerts.service.PayloadService - ========= PAYLOAD PUBLISH JOB COMPLETED ==========
2026-03-09 03:45:53 [scheduling-1] INFO  c.p.a.scheduler.PayloadScheduler - Scheduler cycle completed
2026-03-09 03:45:53 [scheduling-1] INFO  c.p.a.scheduler.PayloadScheduler - =================================================
2026-03-09 03:45:53 [kafka-producer-network-thread | Producer_Setup-producer-1] INFO  c.p.a.service.KafkaProducerService - Message successfully published to topic notifications.events
2026-03-09 03:46:03 [scheduling-1] INFO  c.p.a.scheduler.PayloadScheduler - =================================================
2026-03-09 03:46:03 [scheduling-1] INFO  c.p.a.scheduler.PayloadScheduler - Scheduler triggered : Checking DB for new payloads
2026-03-09 03:46:03 [scheduling-1] INFO  c.poc.alerts.service.PayloadService - ========= PAYLOAD PUBLISH JOB STARTED ==========
2026-03-09 03:46:03 [scheduling-1] INFO  c.poc.alerts.service.PayloadService - No payload found in DB
2026-03-09 03:46:03 [scheduling-1] INFO  c.poc.alerts.service.PayloadService - Waiting for payload insertion...
2026-03-09 03:46:03 [scheduling-1] INFO  c.p.a.scheduler.PayloadScheduler - Scheduler cycle completed
2026-03-09 03:46:03 [scheduling-1] INFO  c.p.a.scheduler.PayloadScheduler - =================================================
2026-03-09 03:46:13 [scheduling-1] INFO  c.p.a.scheduler.PayloadScheduler - =================================================
2026-03-09 03:46:13 [scheduling-1] INFO  c.p.a.scheduler.PayloadScheduler - Scheduler triggered : Checking DB for new payloads
2026-03-09 03:46:13 [scheduling-1] INFO  c.poc.alerts.service.PayloadService - ========= PAYLOAD PUBLISH JOB STARTED ==========
2026-03-09 03:46:13 [scheduling-1] INFO  c.poc.alerts.service.PayloadService - No payload found in DB
2026-03-09 03:46:13 [scheduling-1] INFO  c.poc.alerts.service.PayloadService - Waiting for payload insertion...
2026-03-09 03:46:13 [scheduling-1] INFO  c.p.a.scheduler.PayloadScheduler - Scheduler cycle completed
2026-03-09 03:46:13 [scheduling-1] INFO  c.p.a.scheduler.PayloadScheduler - =================================================
2026-03-09 03:46:23 [scheduling-1] INFO  c.p.a.scheduler.PayloadScheduler - =================================================
2026-03-09 03:46:23 [scheduling-1] INFO  c.p.a.scheduler.PayloadScheduler - Scheduler triggered : Checking DB for new payloads
2026-03-09 03:46:23 [scheduling-1] INFO  c.poc.alerts.service.PayloadService - ========= PAYLOAD PUBLISH JOB STARTED ==========
2026-03-09 03:46:23 [scheduling-1] INFO  c.poc.alerts.service.PayloadService - No payload found in DB
2026-03-09 03:46:23 [scheduling-1] INFO  c.poc.alerts.service.PayloadService - Waiting for payload insertion...
2026-03-09 03:46:23 [scheduling-1] INFO  c.p.a.scheduler.PayloadScheduler - Scheduler cycle completed
2026-03-09 03:46:23 [scheduling-1] INFO  c.p.a.scheduler.PayloadScheduler - =================================================
2026-03-09 03:46:33 [scheduling-1] INFO  c.p.a.scheduler.PayloadScheduler - =================================================
2026-03-09 03:46:33 [scheduling-1] INFO  c.p.a.scheduler.PayloadScheduler - Scheduler triggered : Checking DB for new payloads
2026-03-09 03:46:33 [scheduling-1] INFO  c.poc.alerts.service.PayloadService - ========= PAYLOAD PUBLISH JOB STARTED ==========
2026-03-09 03:46:33 [scheduling-1] INFO  c.poc.alerts.service.PayloadService - No payload found in DB
2026-03-09 03:46:33 [scheduling-1] INFO  c.poc.alerts.service.PayloadService - Waiting for payload insertion...
2026-03-09 03:46:33 [scheduling-1] INFO  c.p.a.scheduler.PayloadScheduler - Scheduler cycle completed
2026-03-09 03:46:33 [scheduling-1] INFO  c.p.a.scheduler.PayloadScheduler - =================================================
2026-03-09 03:46:43 [scheduling-1] INFO  c.p.a.scheduler.PayloadScheduler - =================================================
2026-03-09 03:46:43 [scheduling-1] INFO  c.p.a.scheduler.PayloadScheduler - Scheduler triggered : Checking DB for new payloads
2026-03-09 03:46:43 [scheduling-1] INFO  c.poc.alerts.service.PayloadService - ========= PAYLOAD PUBLISH JOB STARTED ==========
2026-03-09 03:46:43 [scheduling-1] INFO  c.poc.alerts.service.PayloadService - No payload found in DB
2026-03-09 03:46:43 [scheduling-1] INFO  c.poc.alerts.service.PayloadService - Waiting for payload insertion...
2026-03-09 03:46:43 [scheduling-1] INFO  c.p.a.scheduler.PayloadScheduler - Scheduler cycle completed
2026-03-09 03:46:43 [scheduling-1] INFO  c.p.a.scheduler.PayloadScheduler - =================================================
2026-03-09 03:46:53 [scheduling-1] INFO  c.p.a.scheduler.PayloadScheduler - =================================================
2026-03-09 03:46:53 [scheduling-1] INFO  c.p.a.scheduler.PayloadScheduler - Scheduler triggered : Checking DB for new payloads
2026-03-09 03:46:53 [scheduling-1] INFO  c.poc.alerts.service.PayloadService - ========= PAYLOAD PUBLISH JOB STARTED ==========
2026-03-09 03:46:53 [scheduling-1] INFO  c.poc.alerts.service.PayloadService - No payload found in DB
2026-03-09 03:46:53 [scheduling-1] INFO  c.poc.alerts.service.PayloadService - Waiting for payload insertion...
2026-03-09 03:46:53 [scheduling-1] INFO  c.p.a.scheduler.PayloadScheduler - Scheduler cycle completed
2026-03-09 03:46:53 [scheduling-1] INFO  c.p.a.scheduler.PayloadScheduler - =================================================
2026-03-09 03:47:03 [scheduling-1] INFO  c.p.a.scheduler.PayloadScheduler - =================================================
2026-03-09 03:47:03 [scheduling-1] INFO  c.p.a.scheduler.PayloadScheduler - Scheduler triggered : Checking DB for new payloads
2026-03-09 03:47:03 [scheduling-1] INFO  c.poc.alerts.service.PayloadService - ========= PAYLOAD PUBLISH JOB STARTED ==========
2026-03-09 03:47:03 [scheduling-1] INFO  c.poc.alerts.service.PayloadService - No payload found in DB
2026-03-09 03:47:03 [scheduling-1] INFO  c.poc.alerts.service.PayloadService - Waiting for payload insertion...
2026-03-09 03:47:03 [scheduling-1] INFO  c.p.a.scheduler.PayloadScheduler - Scheduler cycle completed
2026-03-09 03:47:03 [scheduling-1] INFO  c.p.a.scheduler.PayloadScheduler - =================================================
2026-03-09 03:47:13 [scheduling-1] INFO  c.p.a.scheduler.PayloadScheduler - =================================================
2026-03-09 03:47:13 [scheduling-1] INFO  c.p.a.scheduler.PayloadScheduler - Scheduler triggered : Checking DB for new payloads
2026-03-09 03:47:13 [scheduling-1] INFO  c.poc.alerts.service.PayloadService - ========= PAYLOAD PUBLISH JOB STARTED ==========
2026-03-09 03:47:13 [scheduling-1] INFO  c.poc.alerts.service.PayloadService - No payload found in DB
2026-03-09 03:47:13 [scheduling-1] INFO  c.poc.alerts.service.PayloadService - Waiting for payload insertion...
2026-03-09 03:47:13 [scheduling-1] INFO  c.p.a.scheduler.PayloadScheduler - Scheduler cycle completed
2026-03-09 03:47:13 [scheduling-1] INFO  c.p.a.scheduler.PayloadScheduler - =================================================
2026-03-09 03:47:23 [scheduling-1] INFO  c.p.a.scheduler.PayloadScheduler - =================================================
2026-03-09 03:47:23 [scheduling-1] INFO  c.p.a.scheduler.PayloadScheduler - Scheduler triggered : Checking DB for new payloads
2026-03-09 03:47:23 [scheduling-1] INFO  c.poc.alerts.service.PayloadService - ========= PAYLOAD PUBLISH JOB STARTED ==========
2026-03-09 03:47:23 [scheduling-1] INFO  c.poc.alerts.service.PayloadService - No payload found in DB
2026-03-09 03:47:23 [scheduling-1] INFO  c.poc.alerts.service.PayloadService - Waiting for payload insertion...
2026-03-09 03:47:23 [scheduling-1] INFO  c.p.a.scheduler.PayloadScheduler - Scheduler cycle completed
2026-03-09 03:47:23 [scheduling-1] INFO  c.p.a.scheduler.PayloadScheduler - =================================================
2026-03-09 03:47:33 [scheduling-1] INFO  c.p.a.scheduler.PayloadScheduler - =================================================
2026-03-09 03:47:33 [scheduling-1] INFO  c.p.a.scheduler.PayloadScheduler - Scheduler triggered : Checking DB for new payloads
2026-03-09 03:47:33 [scheduling-1] INFO  c.poc.alerts.service.PayloadService - ========= PAYLOAD PUBLISH JOB STARTED ==========
2026-03-09 03:47:33 [scheduling-1] INFO  c.poc.alerts.service.PayloadService - No payload found in DB
2026-03-09 03:47:33 [scheduling-1] INFO  c.poc.alerts.service.PayloadService - Waiting for payload insertion...
2026-03-09 03:47:33 [scheduling-1] INFO  c.p.a.scheduler.PayloadScheduler - Scheduler cycle completed
2026-03-09 03:47:33 [scheduling-1] INFO  c.p.a.scheduler.PayloadScheduler - =================================================
2026-03-09 03:47:43 [scheduling-1] INFO  c.p.a.scheduler.PayloadScheduler - =================================================
2026-03-09 03:47:43 [scheduling-1] INFO  c.p.a.scheduler.PayloadScheduler - Scheduler triggered : Checking DB for new payloads
2026-03-09 03:47:43 [scheduling-1] INFO  c.poc.alerts.service.PayloadService - ========= PAYLOAD PUBLISH JOB STARTED ==========
2026-03-09 03:47:43 [scheduling-1] INFO  c.poc.alerts.service.PayloadService - No payload found in DB
2026-03-09 03:47:43 [scheduling-1] INFO  c.poc.alerts.service.PayloadService - Waiting for payload insertion...
2026-03-09 03:47:43 [scheduling-1] INFO  c.p.a.scheduler.PayloadScheduler - Scheduler cycle completed
2026-03-09 03:47:43 [scheduling-1] INFO  c.p.a.scheduler.PayloadScheduler - =================================================
2026-03-09 03:47:53 [scheduling-1] INFO  c.p.a.scheduler.PayloadScheduler - =================================================
2026-03-09 03:47:53 [scheduling-1] INFO  c.p.a.scheduler.PayloadScheduler - Scheduler triggered : Checking DB for new payloads
2026-03-09 03:47:53 [scheduling-1] INFO  c.poc.alerts.service.PayloadService - ========= PAYLOAD PUBLISH JOB STARTED ==========
2026-03-09 03:47:53 [scheduling-1] INFO  c.poc.alerts.service.PayloadService - No payload found in DB
2026-03-09 03:47:53 [scheduling-1] INFO  c.poc.alerts.service.PayloadService - Waiting for payload insertion...
2026-03-09 03:47:53 [scheduling-1] INFO  c.p.a.scheduler.PayloadScheduler - Scheduler cycle completed
2026-03-09 03:47:53 [scheduling-1] INFO  c.p.a.scheduler.PayloadScheduler - =================================================
2026-03-09 03:48:03 [scheduling-1] INFO  c.p.a.scheduler.PayloadScheduler - =================================================
2026-03-09 03:48:03 [scheduling-1] INFO  c.p.a.scheduler.PayloadScheduler - Scheduler triggered : Checking DB for new payloads
2026-03-09 03:48:03 [scheduling-1] INFO  c.poc.alerts.service.PayloadService - ========= PAYLOAD PUBLISH JOB STARTED ==========
2026-03-09 03:48:03 [scheduling-1] INFO  c.poc.alerts.service.PayloadService - Total payload records fetched from DB : 1
2026-03-09 03:48:03 [scheduling-1] INFO  c.poc.alerts.service.PayloadService - -----------------------------------------------
2026-03-09 03:48:03 [scheduling-1] INFO  c.poc.alerts.service.PayloadService - Processing payload id : 10
2026-03-09 03:48:03 [scheduling-1] INFO  c.poc.alerts.service.PayloadService - Payload Type : CUSTOMER_CREATED
2026-03-09 03:48:03 [scheduling-1] INFO  c.p.a.service.KafkaProducerService - Producing message to topic notifications.events
2026-03-09 03:48:03 [scheduling-1] INFO  c.poc.alerts.service.PayloadService - Payload id 10 marked as PUBLISHED
2026-03-09 03:48:03 [scheduling-1] INFO  c.poc.alerts.service.PayloadService - ========= PAYLOAD PUBLISH JOB COMPLETED ==========
2026-03-09 03:48:03 [scheduling-1] INFO  c.p.a.scheduler.PayloadScheduler - Scheduler cycle completed
2026-03-09 03:48:03 [scheduling-1] INFO  c.p.a.scheduler.PayloadScheduler - =================================================
2026-03-09 03:48:03 [kafka-producer-network-thread | Producer_Setup-producer-1] INFO  c.p.a.service.KafkaProducerService - Message successfully published to topic notifications.events
2026-03-09 03:48:13 [scheduling-1] INFO  c.p.a.scheduler.PayloadScheduler - =================================================
2026-03-09 03:48:13 [scheduling-1] INFO  c.p.a.scheduler.PayloadScheduler - Scheduler triggered : Checking DB for new payloads
2026-03-09 03:48:13 [scheduling-1] INFO  c.poc.alerts.service.PayloadService - ========= PAYLOAD PUBLISH JOB STARTED ==========
2026-03-09 03:48:13 [scheduling-1] INFO  c.poc.alerts.service.PayloadService - No payload found in DB
2026-03-09 03:48:13 [scheduling-1] INFO  c.poc.alerts.service.PayloadService - Waiting for payload insertion...
2026-03-09 03:48:13 [scheduling-1] INFO  c.p.a.scheduler.PayloadScheduler - Scheduler cycle completed
2026-03-09 03:48:13 [scheduling-1] INFO  c.p.a.scheduler.PayloadScheduler - =================================================
2026-03-09 03:48:24 [scheduling-1] INFO  c.p.a.scheduler.PayloadScheduler - =================================================
2026-03-09 03:48:24 [scheduling-1] INFO  c.p.a.scheduler.PayloadScheduler - Scheduler triggered : Checking DB for new payloads
2026-03-09 03:48:24 [scheduling-1] INFO  c.poc.alerts.service.PayloadService - ========= PAYLOAD PUBLISH JOB STARTED ==========
2026-03-09 03:48:24 [scheduling-1] INFO  c.poc.alerts.service.PayloadService - No payload found in DB
2026-03-09 03:48:24 [scheduling-1] INFO  c.poc.alerts.service.PayloadService - Waiting for payload insertion...
2026-03-09 03:48:24 [scheduling-1] INFO  c.p.a.scheduler.PayloadScheduler - Scheduler cycle completed
2026-03-09 03:48:24 [scheduling-1] INFO  c.p.a.scheduler.PayloadScheduler - =================================================
2026-03-09 03:48:34 [scheduling-1] INFO  c.p.a.scheduler.PayloadScheduler - =================================================
2026-03-09 03:48:34 [scheduling-1] INFO  c.p.a.scheduler.PayloadScheduler - Scheduler triggered : Checking DB for new payloads
2026-03-09 03:48:34 [scheduling-1] INFO  c.poc.alerts.service.PayloadService - ========= PAYLOAD PUBLISH JOB STARTED ==========
2026-03-09 03:48:34 [scheduling-1] INFO  c.poc.alerts.service.PayloadService - No payload found in DB
2026-03-09 03:48:34 [scheduling-1] INFO  c.poc.alerts.service.PayloadService - Waiting for payload insertion...
2026-03-09 03:48:34 [scheduling-1] INFO  c.p.a.scheduler.PayloadScheduler - Scheduler cycle completed
2026-03-09 03:48:34 [scheduling-1] INFO  c.p.a.scheduler.PayloadScheduler - =================================================
2026-03-09 03:48:44 [scheduling-1] INFO  c.p.a.scheduler.PayloadScheduler - =================================================
2026-03-09 03:48:44 [scheduling-1] INFO  c.p.a.scheduler.PayloadScheduler - Scheduler triggered : Checking DB for new payloads
2026-03-09 03:48:44 [scheduling-1] INFO  c.poc.alerts.service.PayloadService - ========= PAYLOAD PUBLISH JOB STARTED ==========
2026-03-09 03:48:44 [scheduling-1] INFO  c.poc.alerts.service.PayloadService - No payload found in DB
2026-03-09 03:48:44 [scheduling-1] INFO  c.poc.alerts.service.PayloadService - Waiting for payload insertion...
2026-03-09 03:48:44 [scheduling-1] INFO  c.p.a.scheduler.PayloadScheduler - Scheduler cycle completed
2026-03-09 03:48:44 [scheduling-1] INFO  c.p.a.scheduler.PayloadScheduler - =================================================
2026-03-09 03:48:54 [scheduling-1] INFO  c.p.a.scheduler.PayloadScheduler - =================================================
2026-03-09 03:48:54 [scheduling-1] INFO  c.p.a.scheduler.PayloadScheduler - Scheduler triggered : Checking DB for new payloads
2026-03-09 03:48:54 [scheduling-1] INFO  c.poc.alerts.service.PayloadService - ========= PAYLOAD PUBLISH JOB STARTED ==========
2026-03-09 03:48:54 [scheduling-1] INFO  c.poc.alerts.service.PayloadService - No payload found in DB
2026-03-09 03:48:54 [scheduling-1] INFO  c.poc.alerts.service.PayloadService - Waiting for payload insertion...
2026-03-09 03:48:54 [scheduling-1] INFO  c.p.a.scheduler.PayloadScheduler - Scheduler cycle completed
2026-03-09 03:48:54 [scheduling-1] INFO  c.p.a.scheduler.PayloadScheduler - =================================================
2026-03-09 03:49:04 [scheduling-1] INFO  c.p.a.scheduler.PayloadScheduler - =================================================
2026-03-09 03:49:04 [scheduling-1] INFO  c.p.a.scheduler.PayloadScheduler - Scheduler triggered : Checking DB for new payloads
2026-03-09 03:49:04 [scheduling-1] INFO  c.poc.alerts.service.PayloadService - ========= PAYLOAD PUBLISH JOB STARTED ==========
2026-03-09 03:49:04 [scheduling-1] INFO  c.poc.alerts.service.PayloadService - No payload found in DB
2026-03-09 03:49:04 [scheduling-1] INFO  c.poc.alerts.service.PayloadService - Waiting for payload insertion...
2026-03-09 03:49:04 [scheduling-1] INFO  c.p.a.scheduler.PayloadScheduler - Scheduler cycle completed
2026-03-09 03:49:04 [scheduling-1] INFO  c.p.a.scheduler.PayloadScheduler - =================================================
2026-03-09 03:49:14 [scheduling-1] INFO  c.p.a.scheduler.PayloadScheduler - =================================================
2026-03-09 03:49:14 [scheduling-1] INFO  c.p.a.scheduler.PayloadScheduler - Scheduler triggered : Checking DB for new payloads
2026-03-09 03:49:14 [scheduling-1] INFO  c.poc.alerts.service.PayloadService - ========= PAYLOAD PUBLISH JOB STARTED ==========
2026-03-09 03:49:14 [scheduling-1] INFO  c.poc.alerts.service.PayloadService - No payload found in DB
2026-03-09 03:49:14 [scheduling-1] INFO  c.poc.alerts.service.PayloadService - Waiting for payload insertion...
2026-03-09 03:49:14 [scheduling-1] INFO  c.p.a.scheduler.PayloadScheduler - Scheduler cycle completed
2026-03-09 03:49:14 [scheduling-1] INFO  c.p.a.scheduler.PayloadScheduler - =================================================
2026-03-09 03:49:24 [scheduling-1] INFO  c.p.a.scheduler.PayloadScheduler - =================================================
2026-03-09 03:49:24 [scheduling-1] INFO  c.p.a.scheduler.PayloadScheduler - Scheduler triggered : Checking DB for new payloads
2026-03-09 03:49:24 [scheduling-1] INFO  c.poc.alerts.service.PayloadService - ========= PAYLOAD PUBLISH JOB STARTED ==========
2026-03-09 03:49:24 [scheduling-1] INFO  c.poc.alerts.service.PayloadService - No payload found in DB
2026-03-09 03:49:24 [scheduling-1] INFO  c.poc.alerts.service.PayloadService - Waiting for payload insertion...
2026-03-09 03:49:24 [scheduling-1] INFO  c.p.a.scheduler.PayloadScheduler - Scheduler cycle completed
2026-03-09 03:49:24 [scheduling-1] INFO  c.p.a.scheduler.PayloadScheduler - =================================================
2026-03-09 03:49:34 [scheduling-1] INFO  c.p.a.scheduler.PayloadScheduler - =================================================
2026-03-09 03:49:34 [scheduling-1] INFO  c.p.a.scheduler.PayloadScheduler - Scheduler triggered : Checking DB for new payloads
2026-03-09 03:49:34 [scheduling-1] INFO  c.poc.alerts.service.PayloadService - ========= PAYLOAD PUBLISH JOB STARTED ==========
2026-03-09 03:49:34 [scheduling-1] INFO  c.poc.alerts.service.PayloadService - No payload found in DB
2026-03-09 03:49:34 [scheduling-1] INFO  c.poc.alerts.service.PayloadService - Waiting for payload insertion...
2026-03-09 03:49:34 [scheduling-1] INFO  c.p.a.scheduler.PayloadScheduler - Scheduler cycle completed
2026-03-09 03:49:34 [scheduling-1] INFO  c.p.a.scheduler.PayloadScheduler - =================================================
2026-03-09 03:49:41 [RMI TCP Connection(27)-127.0.0.1] INFO  o.s.b.a.SpringApplicationAdminMXBeanRegistrar$SpringApplicationAdmin - Application shutdown requested.
2026-03-09 03:49:41 [RMI TCP Connection(27)-127.0.0.1] INFO  o.a.coyote.http11.Http11NioProtocol - Stopping ProtocolHandler ["http-nio-8080"]
2026-03-09 03:49:41 [RMI TCP Connection(27)-127.0.0.1] INFO  o.a.k.clients.producer.KafkaProducer - [Producer clientId=Producer_Setup-producer-1] Closing the Kafka producer with timeoutMillis = 30000 ms.
2026-03-09 03:49:41 [RMI TCP Connection(27)-127.0.0.1] INFO  o.a.kafka.common.metrics.Metrics - Metrics scheduler closed
2026-03-09 03:49:41 [RMI TCP Connection(27)-127.0.0.1] INFO  o.a.kafka.common.metrics.Metrics - Closing reporter org.apache.kafka.common.metrics.JmxReporter
2026-03-09 03:49:41 [RMI TCP Connection(27)-127.0.0.1] INFO  o.a.kafka.common.metrics.Metrics - Closing reporter org.apache.kafka.common.telemetry.internals.ClientTelemetryReporter
2026-03-09 03:49:41 [RMI TCP Connection(27)-127.0.0.1] INFO  o.a.kafka.common.metrics.Metrics - Metrics reporters closed
2026-03-09 03:49:41 [RMI TCP Connection(27)-127.0.0.1] INFO  o.a.kafka.common.utils.AppInfoParser - App info kafka.producer for Producer_Setup-producer-1 unregistered
2026-03-09 03:49:41 [RMI TCP Connection(27)-127.0.0.1] INFO  o.s.o.j.LocalContainerEntityManagerFactoryBean - Closing JPA EntityManagerFactory for persistence unit 'default'
2026-03-09 03:49:41 [RMI TCP Connection(27)-127.0.0.1] INFO  com.zaxxer.hikari.HikariDataSource - HikariPool-1 - Shutdown initiated...
2026-03-09 03:49:41 [RMI TCP Connection(27)-127.0.0.1] INFO  com.zaxxer.hikari.HikariDataSource - HikariPool-1 - Shutdown completed.
2026-03-09 08:53:35 [main] INFO  c.p.alerts.ProducerSetupApplication - Starting ProducerSetupApplication using Java 21.0.10 with PID 17040 (D:\Developer\Producer_Setup\target\classes started by Admin in D:\Developer\Producer_Setup)
2026-03-09 08:53:35 [main] INFO  c.p.alerts.ProducerSetupApplication - No active profile set, falling back to 1 default profile: "default"
2026-03-09 08:53:36 [main] INFO  o.s.d.r.c.RepositoryConfigurationDelegate - Bootstrapping Spring Data JPA repositories in DEFAULT mode.
2026-03-09 08:53:36 [main] INFO  o.s.d.r.c.RepositoryConfigurationDelegate - Finished Spring Data repository scanning in 61 ms. Found 1 JPA repository interface.
2026-03-09 08:53:36 [main] INFO  o.s.b.w.e.tomcat.TomcatWebServer - Tomcat initialized with port 8080 (http)
2026-03-09 08:53:36 [main] INFO  o.a.coyote.http11.Http11NioProtocol - Initializing ProtocolHandler ["http-nio-8080"]
2026-03-09 08:53:36 [main] INFO  o.a.catalina.core.StandardService - Starting service [Tomcat]
2026-03-09 08:53:36 [main] INFO  o.a.catalina.core.StandardEngine - Starting Servlet engine: [Apache Tomcat/10.1.31]
2026-03-09 08:53:37 [main] INFO  o.a.c.c.C.[Tomcat].[localhost].[/] - Initializing Spring embedded WebApplicationContext
2026-03-09 08:53:37 [main] INFO  o.s.b.w.s.c.ServletWebServerApplicationContext - Root WebApplicationContext: initialization completed in 1835 ms
2026-03-09 08:53:37 [main] INFO  com.zaxxer.hikari.HikariDataSource - HikariPool-1 - Starting...
2026-03-09 08:53:37 [main] INFO  com.zaxxer.hikari.pool.HikariPool - HikariPool-1 - Added connection conn0: url=jdbc:h2:mem:alertdb user=SA
2026-03-09 08:53:37 [main] INFO  com.zaxxer.hikari.HikariDataSource - HikariPool-1 - Start completed.
2026-03-09 08:53:37 [main] INFO  o.s.b.a.h.H2ConsoleAutoConfiguration - H2 console available at '/h2-console'. Database available at 'jdbc:h2:mem:alertdb'
2026-03-09 08:53:37 [main] INFO  o.h.jpa.internal.util.LogHelper - HHH000204: Processing PersistenceUnitInfo [name: default]
2026-03-09 08:53:37 [main] INFO  org.hibernate.Version - HHH000412: Hibernate ORM core version 6.5.3.Final
2026-03-09 08:53:37 [main] INFO  o.h.c.i.RegionFactoryInitiator - HHH000026: Second-level cache disabled
2026-03-09 08:53:38 [main] INFO  o.s.o.j.p.SpringPersistenceUnitInfo - No LoadTimeWeaver setup: ignoring JPA class transformer
2026-03-09 08:53:39 [main] INFO  o.h.e.t.j.p.i.JtaPlatformInitiator - HHH000489: No JTA platform available (set 'hibernate.transaction.jta.platform' to enable JTA platform integration)
2026-03-09 08:53:39 [main] INFO  o.s.o.j.LocalContainerEntityManagerFactoryBean - Initialized JPA EntityManagerFactory for persistence unit 'default'
2026-03-09 08:53:39 [main] WARN  o.s.b.a.o.j.JpaBaseConfiguration$JpaWebConfiguration - spring.jpa.open-in-view is enabled by default. Therefore, database queries may be performed during view rendering. Explicitly configure spring.jpa.open-in-view to disable this warning
2026-03-09 08:53:40 [main] INFO  o.a.coyote.http11.Http11NioProtocol - Starting ProtocolHandler ["http-nio-8080"]
2026-03-09 08:53:40 [main] INFO  o.s.b.w.e.tomcat.TomcatWebServer - Tomcat started on port 8080 (http) with context path '/'
2026-03-09 08:53:40 [main] INFO  c.p.alerts.ProducerSetupApplication - Started ProducerSetupApplication in 6.405 seconds (process running for 8.015)
2026-03-09 08:53:40 [scheduling-1] INFO  c.p.a.scheduler.PayloadScheduler - =================================================
2026-03-09 08:53:40 [scheduling-1] INFO  c.p.a.scheduler.PayloadScheduler - Scheduler triggered : Checking DB for new payloads
2026-03-09 08:53:40 [scheduling-1] INFO  c.poc.alerts.service.PayloadService - ========= PAYLOAD PUBLISH JOB STARTED ==========
2026-03-09 08:53:40 [scheduling-1] INFO  c.poc.alerts.service.PayloadService - Total payload records fetched from DB : 1
2026-03-09 08:53:40 [scheduling-1] INFO  c.poc.alerts.service.PayloadService - -----------------------------------------------
2026-03-09 08:53:40 [scheduling-1] INFO  c.poc.alerts.service.PayloadService - Processing payload id : 1
2026-03-09 08:53:40 [scheduling-1] INFO  c.poc.alerts.service.PayloadService - Payload Type : ACCOUNT_CREATED
2026-03-09 08:53:40 [scheduling-1] INFO  c.p.a.service.KafkaProducerService - Producing message to topic notifications.events
2026-03-09 08:53:40 [scheduling-1] INFO  o.a.k.c.producer.ProducerConfig - ProducerConfig values: 
	acks = -1
	auto.include.jmx.reporter = true
	batch.size = 16384
	bootstrap.servers = [localhost:9092]
	buffer.memory = 33554432
	client.dns.lookup = use_all_dns_ips
	client.id = Producer_Setup-producer-1
	compression.type = none
	connections.max.idle.ms = 540000
	delivery.timeout.ms = 120000
	enable.idempotence = true
	enable.metrics.push = true
	interceptor.classes = []
	key.serializer = class org.apache.kafka.common.serialization.StringSerializer
	linger.ms = 0
	max.block.ms = 60000
	max.in.flight.requests.per.connection = 5
	max.request.size = 1048576
	metadata.max.age.ms = 300000
	metadata.max.idle.ms = 300000
	metric.reporters = []
	metrics.num.samples = 2
	metrics.recording.level = INFO
	metrics.sample.window.ms = 30000
	partitioner.adaptive.partitioning.enable = true
	partitioner.availability.timeout.ms = 0
	partitioner.class = null
	partitioner.ignore.keys = false
	receive.buffer.bytes = 32768
	reconnect.backoff.max.ms = 1000
	reconnect.backoff.ms = 50
	request.timeout.ms = 30000
	retries = 2147483647
	retry.backoff.max.ms = 1000
	retry.backoff.ms = 100
	sasl.client.callback.handler.class = null
	sasl.jaas.config = null
	sasl.kerberos.kinit.cmd = /usr/bin/kinit
	sasl.kerberos.min.time.before.relogin = 60000
	sasl.kerberos.service.name = null
	sasl.kerberos.ticket.renew.jitter = 0.05
	sasl.kerberos.ticket.renew.window.factor = 0.8
	sasl.login.callback.handler.class = null
	sasl.login.class = null
	sasl.login.connect.timeout.ms = null
	sasl.login.read.timeout.ms = null
	sasl.login.refresh.buffer.seconds = 300
	sasl.login.refresh.min.period.seconds = 60
	sasl.login.refresh.window.factor = 0.8
	sasl.login.refresh.window.jitter = 0.05
	sasl.login.retry.backoff.max.ms = 10000
	sasl.login.retry.backoff.ms = 100
	sasl.mechanism = GSSAPI
	sasl.oauthbearer.clock.skew.seconds = 30
	sasl.oauthbearer.expected.audience = null
	sasl.oauthbearer.expected.issuer = null
	sasl.oauthbearer.jwks.endpoint.refresh.ms = 3600000
	sasl.oauthbearer.jwks.endpoint.retry.backoff.max.ms = 10000
	sasl.oauthbearer.jwks.endpoint.retry.backoff.ms = 100
	sasl.oauthbearer.jwks.endpoint.url = null
	sasl.oauthbearer.scope.claim.name = scope
	sasl.oauthbearer.sub.claim.name = sub
	sasl.oauthbearer.token.endpoint.url = null
	security.protocol = PLAINTEXT
	security.providers = null
	send.buffer.bytes = 131072
	socket.connection.setup.timeout.max.ms = 30000
	socket.connection.setup.timeout.ms = 10000
	ssl.cipher.suites = null
	ssl.enabled.protocols = [TLSv1.2, TLSv1.3]
	ssl.endpoint.identification.algorithm = https
	ssl.engine.factory.class = null
	ssl.key.password = null
	ssl.keymanager.algorithm = SunX509
	ssl.keystore.certificate.chain = null
	ssl.keystore.key = null
	ssl.keystore.location = null
	ssl.keystore.password = null
	ssl.keystore.type = JKS
	ssl.protocol = TLSv1.3
	ssl.provider = null
	ssl.secure.random.implementation = null
	ssl.trustmanager.algorithm = PKIX
	ssl.truststore.certificates = null
	ssl.truststore.location = null
	ssl.truststore.password = null
	ssl.truststore.type = JKS
	transaction.timeout.ms = 60000
	transactional.id = null
	value.serializer = class org.apache.kafka.common.serialization.StringSerializer

2026-03-09 08:53:41 [scheduling-1] INFO  o.a.k.c.t.i.KafkaMetricsCollector - initializing Kafka metrics collector
2026-03-09 08:53:41 [scheduling-1] INFO  o.a.k.clients.producer.KafkaProducer - [Producer clientId=Producer_Setup-producer-1] Instantiated an idempotent producer.
2026-03-09 08:53:41 [scheduling-1] INFO  o.a.kafka.common.utils.AppInfoParser - Kafka version: 3.7.1
2026-03-09 08:53:41 [scheduling-1] INFO  o.a.kafka.common.utils.AppInfoParser - Kafka commitId: e2494e6ffb89f828
2026-03-09 08:53:41 [scheduling-1] INFO  o.a.kafka.common.utils.AppInfoParser - Kafka startTimeMs: 1773026621196
2026-03-09 08:53:42 [kafka-producer-network-thread | Producer_Setup-producer-1] INFO  org.apache.kafka.clients.Metadata - [Producer clientId=Producer_Setup-producer-1] Cluster ID: MkU3OEVBNTcwNTJENDM2Qg
2026-03-09 08:53:42 [kafka-producer-network-thread | Producer_Setup-producer-1] INFO  o.a.k.c.p.i.TransactionManager - [Producer clientId=Producer_Setup-producer-1] ProducerId set to 0 with epoch 0
2026-03-09 08:53:42 [scheduling-1] INFO  c.poc.alerts.service.PayloadService - Payload id 1 marked as PUBLISHED
2026-03-09 08:53:42 [scheduling-1] INFO  c.poc.alerts.service.PayloadService - ========= PAYLOAD PUBLISH JOB COMPLETED ==========
2026-03-09 08:53:42 [scheduling-1] INFO  c.p.a.scheduler.PayloadScheduler - Scheduler cycle completed
2026-03-09 08:53:42 [scheduling-1] INFO  c.p.a.scheduler.PayloadScheduler - =================================================
2026-03-09 08:53:42 [kafka-producer-network-thread | Producer_Setup-producer-1] INFO  c.p.a.service.KafkaProducerService - Message successfully published to topic notifications.events
2026-03-09 08:53:52 [scheduling-1] INFO  c.p.a.scheduler.PayloadScheduler - =================================================
2026-03-09 08:53:52 [scheduling-1] INFO  c.p.a.scheduler.PayloadScheduler - Scheduler triggered : Checking DB for new payloads
2026-03-09 08:53:52 [scheduling-1] INFO  c.poc.alerts.service.PayloadService - ========= PAYLOAD PUBLISH JOB STARTED ==========
2026-03-09 08:53:52 [scheduling-1] INFO  c.poc.alerts.service.PayloadService - No payload found in DB
2026-03-09 08:53:52 [scheduling-1] INFO  c.poc.alerts.service.PayloadService - Waiting for payload insertion...
2026-03-09 08:53:52 [scheduling-1] INFO  c.p.a.scheduler.PayloadScheduler - Scheduler cycle completed
2026-03-09 08:53:52 [scheduling-1] INFO  c.p.a.scheduler.PayloadScheduler - =================================================
2026-03-09 08:54:02 [scheduling-1] INFO  c.p.a.scheduler.PayloadScheduler - =================================================
2026-03-09 08:54:02 [scheduling-1] INFO  c.p.a.scheduler.PayloadScheduler - Scheduler triggered : Checking DB for new payloads
2026-03-09 08:54:02 [scheduling-1] INFO  c.poc.alerts.service.PayloadService - ========= PAYLOAD PUBLISH JOB STARTED ==========
2026-03-09 08:54:02 [scheduling-1] INFO  c.poc.alerts.service.PayloadService - No payload found in DB
2026-03-09 08:54:02 [scheduling-1] INFO  c.poc.alerts.service.PayloadService - Waiting for payload insertion...
2026-03-09 08:54:02 [scheduling-1] INFO  c.p.a.scheduler.PayloadScheduler - Scheduler cycle completed
2026-03-09 08:54:02 [scheduling-1] INFO  c.p.a.scheduler.PayloadScheduler - =================================================
2026-03-09 08:54:12 [scheduling-1] INFO  c.p.a.scheduler.PayloadScheduler - =================================================
2026-03-09 08:54:12 [scheduling-1] INFO  c.p.a.scheduler.PayloadScheduler - Scheduler triggered : Checking DB for new payloads
2026-03-09 08:54:12 [scheduling-1] INFO  c.poc.alerts.service.PayloadService - ========= PAYLOAD PUBLISH JOB STARTED ==========
2026-03-09 08:54:12 [scheduling-1] INFO  c.poc.alerts.service.PayloadService - No payload found in DB
2026-03-09 08:54:12 [scheduling-1] INFO  c.poc.alerts.service.PayloadService - Waiting for payload insertion...
2026-03-09 08:54:12 [scheduling-1] INFO  c.p.a.scheduler.PayloadScheduler - Scheduler cycle completed
2026-03-09 08:54:12 [scheduling-1] INFO  c.p.a.scheduler.PayloadScheduler - =================================================
2026-03-09 08:54:12 [http-nio-8080-exec-5] INFO  o.a.c.c.C.[Tomcat].[localhost].[/] - Initializing Spring DispatcherServlet 'dispatcherServlet'
2026-03-09 08:54:12 [http-nio-8080-exec-5] INFO  o.s.web.servlet.DispatcherServlet - Initializing Servlet 'dispatcherServlet'
2026-03-09 08:54:12 [http-nio-8080-exec-5] INFO  o.s.web.servlet.DispatcherServlet - Completed initialization in 2 ms
2026-03-09 08:54:22 [scheduling-1] INFO  c.p.a.scheduler.PayloadScheduler - =================================================
2026-03-09 08:54:22 [scheduling-1] INFO  c.p.a.scheduler.PayloadScheduler - Scheduler triggered : Checking DB for new payloads
2026-03-09 08:54:22 [scheduling-1] INFO  c.poc.alerts.service.PayloadService - ========= PAYLOAD PUBLISH JOB STARTED ==========
2026-03-09 08:54:22 [scheduling-1] INFO  c.poc.alerts.service.PayloadService - No payload found in DB
2026-03-09 08:54:22 [scheduling-1] INFO  c.poc.alerts.service.PayloadService - Waiting for payload insertion...
2026-03-09 08:54:22 [scheduling-1] INFO  c.p.a.scheduler.PayloadScheduler - Scheduler cycle completed
2026-03-09 08:54:22 [scheduling-1] INFO  c.p.a.scheduler.PayloadScheduler - =================================================
2026-03-09 08:54:32 [scheduling-1] INFO  c.p.a.scheduler.PayloadScheduler - =================================================
2026-03-09 08:54:32 [scheduling-1] INFO  c.p.a.scheduler.PayloadScheduler - Scheduler triggered : Checking DB for new payloads
2026-03-09 08:54:32 [scheduling-1] INFO  c.poc.alerts.service.PayloadService - ========= PAYLOAD PUBLISH JOB STARTED ==========
2026-03-09 08:54:32 [scheduling-1] INFO  c.poc.alerts.service.PayloadService - No payload found in DB
2026-03-09 08:54:32 [scheduling-1] INFO  c.poc.alerts.service.PayloadService - Waiting for payload insertion...
2026-03-09 08:54:32 [scheduling-1] INFO  c.p.a.scheduler.PayloadScheduler - Scheduler cycle completed
2026-03-09 08:54:32 [scheduling-1] INFO  c.p.a.scheduler.PayloadScheduler - =================================================
2026-03-09 08:54:42 [scheduling-1] INFO  c.p.a.scheduler.PayloadScheduler - =================================================
2026-03-09 08:54:42 [scheduling-1] INFO  c.p.a.scheduler.PayloadScheduler - Scheduler triggered : Checking DB for new payloads
2026-03-09 08:54:42 [scheduling-1] INFO  c.poc.alerts.service.PayloadService - ========= PAYLOAD PUBLISH JOB STARTED ==========
2026-03-09 08:54:42 [scheduling-1] INFO  c.poc.alerts.service.PayloadService - No payload found in DB
2026-03-09 08:54:42 [scheduling-1] INFO  c.poc.alerts.service.PayloadService - Waiting for payload insertion...
2026-03-09 08:54:42 [scheduling-1] INFO  c.p.a.scheduler.PayloadScheduler - Scheduler cycle completed
2026-03-09 08:54:42 [scheduling-1] INFO  c.p.a.scheduler.PayloadScheduler - =================================================
2026-03-09 08:54:52 [scheduling-1] INFO  c.p.a.scheduler.PayloadScheduler - =================================================
2026-03-09 08:54:52 [scheduling-1] INFO  c.p.a.scheduler.PayloadScheduler - Scheduler triggered : Checking DB for new payloads
2026-03-09 08:54:52 [scheduling-1] INFO  c.poc.alerts.service.PayloadService - ========= PAYLOAD PUBLISH JOB STARTED ==========
2026-03-09 08:54:52 [scheduling-1] INFO  c.poc.alerts.service.PayloadService - No payload found in DB
2026-03-09 08:54:52 [scheduling-1] INFO  c.poc.alerts.service.PayloadService - Waiting for payload insertion...
2026-03-09 08:54:52 [scheduling-1] INFO  c.p.a.scheduler.PayloadScheduler - Scheduler cycle completed
2026-03-09 08:54:52 [scheduling-1] INFO  c.p.a.scheduler.PayloadScheduler - =================================================
2026-03-09 08:55:02 [scheduling-1] INFO  c.p.a.scheduler.PayloadScheduler - =================================================
2026-03-09 08:55:02 [scheduling-1] INFO  c.p.a.scheduler.PayloadScheduler - Scheduler triggered : Checking DB for new payloads
2026-03-09 08:55:02 [scheduling-1] INFO  c.poc.alerts.service.PayloadService - ========= PAYLOAD PUBLISH JOB STARTED ==========
2026-03-09 08:55:02 [scheduling-1] INFO  c.poc.alerts.service.PayloadService - No payload found in DB
2026-03-09 08:55:02 [scheduling-1] INFO  c.poc.alerts.service.PayloadService - Waiting for payload insertion...
2026-03-09 08:55:02 [scheduling-1] INFO  c.p.a.scheduler.PayloadScheduler - Scheduler cycle completed
2026-03-09 08:55:02 [scheduling-1] INFO  c.p.a.scheduler.PayloadScheduler - =================================================
2026-03-09 08:55:12 [scheduling-1] INFO  c.p.a.scheduler.PayloadScheduler - =================================================
2026-03-09 08:55:12 [scheduling-1] INFO  c.p.a.scheduler.PayloadScheduler - Scheduler triggered : Checking DB for new payloads
2026-03-09 08:55:12 [scheduling-1] INFO  c.poc.alerts.service.PayloadService - ========= PAYLOAD PUBLISH JOB STARTED ==========
2026-03-09 08:55:12 [scheduling-1] INFO  c.poc.alerts.service.PayloadService - No payload found in DB
2026-03-09 08:55:12 [scheduling-1] INFO  c.poc.alerts.service.PayloadService - Waiting for payload insertion...
2026-03-09 08:55:12 [scheduling-1] INFO  c.p.a.scheduler.PayloadScheduler - Scheduler cycle completed
2026-03-09 08:55:12 [scheduling-1] INFO  c.p.a.scheduler.PayloadScheduler - =================================================
2026-03-09 08:55:22 [scheduling-1] INFO  c.p.a.scheduler.PayloadScheduler - =================================================
2026-03-09 08:55:22 [scheduling-1] INFO  c.p.a.scheduler.PayloadScheduler - Scheduler triggered : Checking DB for new payloads
2026-03-09 08:55:22 [scheduling-1] INFO  c.poc.alerts.service.PayloadService - ========= PAYLOAD PUBLISH JOB STARTED ==========
2026-03-09 08:55:22 [scheduling-1] INFO  c.poc.alerts.service.PayloadService - No payload found in DB
2026-03-09 08:55:22 [scheduling-1] INFO  c.poc.alerts.service.PayloadService - Waiting for payload insertion...
2026-03-09 08:55:22 [scheduling-1] INFO  c.p.a.scheduler.PayloadScheduler - Scheduler cycle completed
2026-03-09 08:55:22 [scheduling-1] INFO  c.p.a.scheduler.PayloadScheduler - =================================================
2026-03-09 08:55:32 [scheduling-1] INFO  c.p.a.scheduler.PayloadScheduler - =================================================
2026-03-09 08:55:32 [scheduling-1] INFO  c.p.a.scheduler.PayloadScheduler - Scheduler triggered : Checking DB for new payloads
2026-03-09 08:55:32 [scheduling-1] INFO  c.poc.alerts.service.PayloadService - ========= PAYLOAD PUBLISH JOB STARTED ==========
2026-03-09 08:55:32 [scheduling-1] INFO  c.poc.alerts.service.PayloadService - No payload found in DB
2026-03-09 08:55:32 [scheduling-1] INFO  c.poc.alerts.service.PayloadService - Waiting for payload insertion...
2026-03-09 08:55:32 [scheduling-1] INFO  c.p.a.scheduler.PayloadScheduler - Scheduler cycle completed
2026-03-09 08:55:32 [scheduling-1] INFO  c.p.a.scheduler.PayloadScheduler - =================================================
2026-03-09 08:55:42 [scheduling-1] INFO  c.p.a.scheduler.PayloadScheduler - =================================================
2026-03-09 08:55:42 [scheduling-1] INFO  c.p.a.scheduler.PayloadScheduler - Scheduler triggered : Checking DB for new payloads
2026-03-09 08:55:42 [scheduling-1] INFO  c.poc.alerts.service.PayloadService - ========= PAYLOAD PUBLISH JOB STARTED ==========
2026-03-09 08:55:42 [scheduling-1] INFO  c.poc.alerts.service.PayloadService - No payload found in DB
2026-03-09 08:55:42 [scheduling-1] INFO  c.poc.alerts.service.PayloadService - Waiting for payload insertion...
2026-03-09 08:55:42 [scheduling-1] INFO  c.p.a.scheduler.PayloadScheduler - Scheduler cycle completed
2026-03-09 08:55:42 [scheduling-1] INFO  c.p.a.scheduler.PayloadScheduler - =================================================
2026-03-09 08:55:52 [scheduling-1] INFO  c.p.a.scheduler.PayloadScheduler - =================================================
2026-03-09 08:55:52 [scheduling-1] INFO  c.p.a.scheduler.PayloadScheduler - Scheduler triggered : Checking DB for new payloads
2026-03-09 08:55:52 [scheduling-1] INFO  c.poc.alerts.service.PayloadService - ========= PAYLOAD PUBLISH JOB STARTED ==========
2026-03-09 08:55:52 [scheduling-1] INFO  c.poc.alerts.service.PayloadService - No payload found in DB
2026-03-09 08:55:52 [scheduling-1] INFO  c.poc.alerts.service.PayloadService - Waiting for payload insertion...
2026-03-09 08:55:52 [scheduling-1] INFO  c.p.a.scheduler.PayloadScheduler - Scheduler cycle completed
2026-03-09 08:55:52 [scheduling-1] INFO  c.p.a.scheduler.PayloadScheduler - =================================================
2026-03-09 08:56:02 [scheduling-1] INFO  c.p.a.scheduler.PayloadScheduler - =================================================
2026-03-09 08:56:02 [scheduling-1] INFO  c.p.a.scheduler.PayloadScheduler - Scheduler triggered : Checking DB for new payloads
2026-03-09 08:56:02 [scheduling-1] INFO  c.poc.alerts.service.PayloadService - ========= PAYLOAD PUBLISH JOB STARTED ==========
2026-03-09 08:56:02 [scheduling-1] INFO  c.poc.alerts.service.PayloadService - No payload found in DB
2026-03-09 08:56:02 [scheduling-1] INFO  c.poc.alerts.service.PayloadService - Waiting for payload insertion...
2026-03-09 08:56:02 [scheduling-1] INFO  c.p.a.scheduler.PayloadScheduler - Scheduler cycle completed
2026-03-09 08:56:02 [scheduling-1] INFO  c.p.a.scheduler.PayloadScheduler - =================================================
2026-03-09 08:56:12 [scheduling-1] INFO  c.p.a.scheduler.PayloadScheduler - =================================================
2026-03-09 08:56:12 [scheduling-1] INFO  c.p.a.scheduler.PayloadScheduler - Scheduler triggered : Checking DB for new payloads
2026-03-09 08:56:12 [scheduling-1] INFO  c.poc.alerts.service.PayloadService - ========= PAYLOAD PUBLISH JOB STARTED ==========
2026-03-09 08:56:12 [scheduling-1] INFO  c.poc.alerts.service.PayloadService - No payload found in DB
2026-03-09 08:56:12 [scheduling-1] INFO  c.poc.alerts.service.PayloadService - Waiting for payload insertion...
2026-03-09 08:56:12 [scheduling-1] INFO  c.p.a.scheduler.PayloadScheduler - Scheduler cycle completed
2026-03-09 08:56:12 [scheduling-1] INFO  c.p.a.scheduler.PayloadScheduler - =================================================
2026-03-09 08:56:22 [scheduling-1] INFO  c.p.a.scheduler.PayloadScheduler - =================================================
2026-03-09 08:56:22 [scheduling-1] INFO  c.p.a.scheduler.PayloadScheduler - Scheduler triggered : Checking DB for new payloads
2026-03-09 08:56:22 [scheduling-1] INFO  c.poc.alerts.service.PayloadService - ========= PAYLOAD PUBLISH JOB STARTED ==========
2026-03-09 08:56:22 [scheduling-1] INFO  c.poc.alerts.service.PayloadService - No payload found in DB
2026-03-09 08:56:22 [scheduling-1] INFO  c.poc.alerts.service.PayloadService - Waiting for payload insertion...
2026-03-09 08:56:22 [scheduling-1] INFO  c.p.a.scheduler.PayloadScheduler - Scheduler cycle completed
2026-03-09 08:56:22 [scheduling-1] INFO  c.p.a.scheduler.PayloadScheduler - =================================================
2026-03-09 08:56:32 [scheduling-1] INFO  c.p.a.scheduler.PayloadScheduler - =================================================
2026-03-09 08:56:32 [scheduling-1] INFO  c.p.a.scheduler.PayloadScheduler - Scheduler triggered : Checking DB for new payloads
2026-03-09 08:56:32 [scheduling-1] INFO  c.poc.alerts.service.PayloadService - ========= PAYLOAD PUBLISH JOB STARTED ==========
2026-03-09 08:56:32 [scheduling-1] INFO  c.poc.alerts.service.PayloadService - Total payload records fetched from DB : 1
2026-03-09 08:56:32 [scheduling-1] INFO  c.poc.alerts.service.PayloadService - -----------------------------------------------
2026-03-09 08:56:32 [scheduling-1] INFO  c.poc.alerts.service.PayloadService - Processing payload id : 2
2026-03-09 08:56:32 [scheduling-1] INFO  c.poc.alerts.service.PayloadService - Payload Type : LOAN_DISBURSEMENT_SUCCESSFUL
2026-03-09 08:56:32 [scheduling-1] INFO  c.p.a.service.KafkaProducerService - Producing message to topic notifications.events
2026-03-09 08:56:32 [scheduling-1] INFO  c.poc.alerts.service.PayloadService - Payload id 2 marked as PUBLISHED
2026-03-09 08:56:32 [scheduling-1] INFO  c.poc.alerts.service.PayloadService - ========= PAYLOAD PUBLISH JOB COMPLETED ==========
2026-03-09 08:56:32 [scheduling-1] INFO  c.p.a.scheduler.PayloadScheduler - Scheduler cycle completed
2026-03-09 08:56:32 [scheduling-1] INFO  c.p.a.scheduler.PayloadScheduler - =================================================
2026-03-09 08:56:32 [kafka-producer-network-thread | Producer_Setup-producer-1] INFO  c.p.a.service.KafkaProducerService - Message successfully published to topic notifications.events
2026-03-09 08:56:42 [scheduling-1] INFO  c.p.a.scheduler.PayloadScheduler - =================================================
2026-03-09 08:56:42 [scheduling-1] INFO  c.p.a.scheduler.PayloadScheduler - Scheduler triggered : Checking DB for new payloads
2026-03-09 08:56:42 [scheduling-1] INFO  c.poc.alerts.service.PayloadService - ========= PAYLOAD PUBLISH JOB STARTED ==========
2026-03-09 08:56:42 [scheduling-1] INFO  c.poc.alerts.service.PayloadService - No payload found in DB
2026-03-09 08:56:42 [scheduling-1] INFO  c.poc.alerts.service.PayloadService - Waiting for payload insertion...
2026-03-09 08:56:42 [scheduling-1] INFO  c.p.a.scheduler.PayloadScheduler - Scheduler cycle completed
2026-03-09 08:56:42 [scheduling-1] INFO  c.p.a.scheduler.PayloadScheduler - =================================================
2026-03-09 08:56:52 [scheduling-1] INFO  c.p.a.scheduler.PayloadScheduler - =================================================
2026-03-09 08:56:52 [scheduling-1] INFO  c.p.a.scheduler.PayloadScheduler - Scheduler triggered : Checking DB for new payloads
2026-03-09 08:56:52 [scheduling-1] INFO  c.poc.alerts.service.PayloadService - ========= PAYLOAD PUBLISH JOB STARTED ==========
2026-03-09 08:56:52 [scheduling-1] INFO  c.poc.alerts.service.PayloadService - No payload found in DB
2026-03-09 08:56:52 [scheduling-1] INFO  c.poc.alerts.service.PayloadService - Waiting for payload insertion...
2026-03-09 08:56:52 [scheduling-1] INFO  c.p.a.scheduler.PayloadScheduler - Scheduler cycle completed
2026-03-09 08:56:52 [scheduling-1] INFO  c.p.a.scheduler.PayloadScheduler - =================================================
2026-03-09 08:57:02 [scheduling-1] INFO  c.p.a.scheduler.PayloadScheduler - =================================================
2026-03-09 08:57:02 [scheduling-1] INFO  c.p.a.scheduler.PayloadScheduler - Scheduler triggered : Checking DB for new payloads
2026-03-09 08:57:02 [scheduling-1] INFO  c.poc.alerts.service.PayloadService - ========= PAYLOAD PUBLISH JOB STARTED ==========
2026-03-09 08:57:02 [scheduling-1] INFO  c.poc.alerts.service.PayloadService - No payload found in DB
2026-03-09 08:57:02 [scheduling-1] INFO  c.poc.alerts.service.PayloadService - Waiting for payload insertion...
2026-03-09 08:57:02 [scheduling-1] INFO  c.p.a.scheduler.PayloadScheduler - Scheduler cycle completed
2026-03-09 08:57:02 [scheduling-1] INFO  c.p.a.scheduler.PayloadScheduler - =================================================
2026-03-09 08:57:12 [scheduling-1] INFO  c.p.a.scheduler.PayloadScheduler - =================================================
2026-03-09 08:57:12 [scheduling-1] INFO  c.p.a.scheduler.PayloadScheduler - Scheduler triggered : Checking DB for new payloads
2026-03-09 08:57:12 [scheduling-1] INFO  c.poc.alerts.service.PayloadService - ========= PAYLOAD PUBLISH JOB STARTED ==========
2026-03-09 08:57:12 [scheduling-1] INFO  c.poc.alerts.service.PayloadService - No payload found in DB
2026-03-09 08:57:12 [scheduling-1] INFO  c.poc.alerts.service.PayloadService - Waiting for payload insertion...
2026-03-09 08:57:12 [scheduling-1] INFO  c.p.a.scheduler.PayloadScheduler - Scheduler cycle completed
2026-03-09 08:57:12 [scheduling-1] INFO  c.p.a.scheduler.PayloadScheduler - =================================================
2026-03-09 08:57:22 [scheduling-1] INFO  c.p.a.scheduler.PayloadScheduler - =================================================
2026-03-09 08:57:22 [scheduling-1] INFO  c.p.a.scheduler.PayloadScheduler - Scheduler triggered : Checking DB for new payloads
2026-03-09 08:57:22 [scheduling-1] INFO  c.poc.alerts.service.PayloadService - ========= PAYLOAD PUBLISH JOB STARTED ==========
2026-03-09 08:57:22 [scheduling-1] INFO  c.poc.alerts.service.PayloadService - No payload found in DB
2026-03-09 08:57:22 [scheduling-1] INFO  c.poc.alerts.service.PayloadService - Waiting for payload insertion...
2026-03-09 08:57:22 [scheduling-1] INFO  c.p.a.scheduler.PayloadScheduler - Scheduler cycle completed
2026-03-09 08:57:22 [scheduling-1] INFO  c.p.a.scheduler.PayloadScheduler - =================================================
2026-03-09 08:57:32 [scheduling-1] INFO  c.p.a.scheduler.PayloadScheduler - =================================================
2026-03-09 08:57:32 [scheduling-1] INFO  c.p.a.scheduler.PayloadScheduler - Scheduler triggered : Checking DB for new payloads
2026-03-09 08:57:32 [scheduling-1] INFO  c.poc.alerts.service.PayloadService - ========= PAYLOAD PUBLISH JOB STARTED ==========
2026-03-09 08:57:32 [scheduling-1] INFO  c.poc.alerts.service.PayloadService - No payload found in DB
2026-03-09 08:57:32 [scheduling-1] INFO  c.poc.alerts.service.PayloadService - Waiting for payload insertion...
2026-03-09 08:57:32 [scheduling-1] INFO  c.p.a.scheduler.PayloadScheduler - Scheduler cycle completed
2026-03-09 08:57:32 [scheduling-1] INFO  c.p.a.scheduler.PayloadScheduler - =================================================
2026-03-09 08:57:42 [scheduling-1] INFO  c.p.a.scheduler.PayloadScheduler - =================================================
2026-03-09 08:57:42 [scheduling-1] INFO  c.p.a.scheduler.PayloadScheduler - Scheduler triggered : Checking DB for new payloads
2026-03-09 08:57:42 [scheduling-1] INFO  c.poc.alerts.service.PayloadService - ========= PAYLOAD PUBLISH JOB STARTED ==========
2026-03-09 08:57:42 [scheduling-1] INFO  c.poc.alerts.service.PayloadService - No payload found in DB
2026-03-09 08:57:42 [scheduling-1] INFO  c.poc.alerts.service.PayloadService - Waiting for payload insertion...
2026-03-09 08:57:42 [scheduling-1] INFO  c.p.a.scheduler.PayloadScheduler - Scheduler cycle completed
2026-03-09 08:57:42 [scheduling-1] INFO  c.p.a.scheduler.PayloadScheduler - =================================================
2026-03-09 08:57:52 [scheduling-1] INFO  c.p.a.scheduler.PayloadScheduler - =================================================
2026-03-09 08:57:52 [scheduling-1] INFO  c.p.a.scheduler.PayloadScheduler - Scheduler triggered : Checking DB for new payloads
2026-03-09 08:57:52 [scheduling-1] INFO  c.poc.alerts.service.PayloadService - ========= PAYLOAD PUBLISH JOB STARTED ==========
2026-03-09 08:57:52 [scheduling-1] INFO  c.poc.alerts.service.PayloadService - No payload found in DB
2026-03-09 08:57:52 [scheduling-1] INFO  c.poc.alerts.service.PayloadService - Waiting for payload insertion...
2026-03-09 08:57:52 [scheduling-1] INFO  c.p.a.scheduler.PayloadScheduler - Scheduler cycle completed
2026-03-09 08:57:52 [scheduling-1] INFO  c.p.a.scheduler.PayloadScheduler - =================================================
2026-03-09 08:58:02 [scheduling-1] INFO  c.p.a.scheduler.PayloadScheduler - =================================================
2026-03-09 08:58:02 [scheduling-1] INFO  c.p.a.scheduler.PayloadScheduler - Scheduler triggered : Checking DB for new payloads
2026-03-09 08:58:02 [scheduling-1] INFO  c.poc.alerts.service.PayloadService - ========= PAYLOAD PUBLISH JOB STARTED ==========
2026-03-09 08:58:02 [scheduling-1] INFO  c.poc.alerts.service.PayloadService - No payload found in DB
2026-03-09 08:58:02 [scheduling-1] INFO  c.poc.alerts.service.PayloadService - Waiting for payload insertion...
2026-03-09 08:58:02 [scheduling-1] INFO  c.p.a.scheduler.PayloadScheduler - Scheduler cycle completed
2026-03-09 08:58:02 [scheduling-1] INFO  c.p.a.scheduler.PayloadScheduler - =================================================
2026-03-09 08:58:12 [scheduling-1] INFO  c.p.a.scheduler.PayloadScheduler - =================================================
2026-03-09 08:58:12 [scheduling-1] INFO  c.p.a.scheduler.PayloadScheduler - Scheduler triggered : Checking DB for new payloads
2026-03-09 08:58:12 [scheduling-1] INFO  c.poc.alerts.service.PayloadService - ========= PAYLOAD PUBLISH JOB STARTED ==========
2026-03-09 08:58:12 [scheduling-1] INFO  c.poc.alerts.service.PayloadService - No payload found in DB
2026-03-09 08:58:12 [scheduling-1] INFO  c.poc.alerts.service.PayloadService - Waiting for payload insertion...
2026-03-09 08:58:12 [scheduling-1] INFO  c.p.a.scheduler.PayloadScheduler - Scheduler cycle completed
2026-03-09 08:58:12 [scheduling-1] INFO  c.p.a.scheduler.PayloadScheduler - =================================================
2026-03-09 08:58:22 [scheduling-1] INFO  c.p.a.scheduler.PayloadScheduler - =================================================
2026-03-09 08:58:22 [scheduling-1] INFO  c.p.a.scheduler.PayloadScheduler - Scheduler triggered : Checking DB for new payloads
2026-03-09 08:58:22 [scheduling-1] INFO  c.poc.alerts.service.PayloadService - ========= PAYLOAD PUBLISH JOB STARTED ==========
2026-03-09 08:58:22 [scheduling-1] INFO  c.poc.alerts.service.PayloadService - No payload found in DB
2026-03-09 08:58:22 [scheduling-1] INFO  c.poc.alerts.service.PayloadService - Waiting for payload insertion...
2026-03-09 08:58:22 [scheduling-1] INFO  c.p.a.scheduler.PayloadScheduler - Scheduler cycle completed
2026-03-09 08:58:22 [scheduling-1] INFO  c.p.a.scheduler.PayloadScheduler - =================================================
2026-03-09 08:58:32 [scheduling-1] INFO  c.p.a.scheduler.PayloadScheduler - =================================================
2026-03-09 08:58:32 [scheduling-1] INFO  c.p.a.scheduler.PayloadScheduler - Scheduler triggered : Checking DB for new payloads
2026-03-09 08:58:32 [scheduling-1] INFO  c.poc.alerts.service.PayloadService - ========= PAYLOAD PUBLISH JOB STARTED ==========
2026-03-09 08:58:32 [scheduling-1] INFO  c.poc.alerts.service.PayloadService - No payload found in DB
2026-03-09 08:58:32 [scheduling-1] INFO  c.poc.alerts.service.PayloadService - Waiting for payload insertion...
2026-03-09 08:58:32 [scheduling-1] INFO  c.p.a.scheduler.PayloadScheduler - Scheduler cycle completed
2026-03-09 08:58:32 [scheduling-1] INFO  c.p.a.scheduler.PayloadScheduler - =================================================
2026-03-09 08:58:42 [scheduling-1] INFO  c.p.a.scheduler.PayloadScheduler - =================================================
2026-03-09 08:58:42 [scheduling-1] INFO  c.p.a.scheduler.PayloadScheduler - Scheduler triggered : Checking DB for new payloads
2026-03-09 08:58:42 [scheduling-1] INFO  c.poc.alerts.service.PayloadService - ========= PAYLOAD PUBLISH JOB STARTED ==========
2026-03-09 08:58:42 [scheduling-1] INFO  c.poc.alerts.service.PayloadService - No payload found in DB
2026-03-09 08:58:42 [scheduling-1] INFO  c.poc.alerts.service.PayloadService - Waiting for payload insertion...
2026-03-09 08:58:42 [scheduling-1] INFO  c.p.a.scheduler.PayloadScheduler - Scheduler cycle completed
2026-03-09 08:58:42 [scheduling-1] INFO  c.p.a.scheduler.PayloadScheduler - =================================================
2026-03-09 08:58:52 [scheduling-1] INFO  c.p.a.scheduler.PayloadScheduler - =================================================
2026-03-09 08:58:52 [scheduling-1] INFO  c.p.a.scheduler.PayloadScheduler - Scheduler triggered : Checking DB for new payloads
2026-03-09 08:58:52 [scheduling-1] INFO  c.poc.alerts.service.PayloadService - ========= PAYLOAD PUBLISH JOB STARTED ==========
2026-03-09 08:58:52 [scheduling-1] INFO  c.poc.alerts.service.PayloadService - No payload found in DB
2026-03-09 08:58:52 [scheduling-1] INFO  c.poc.alerts.service.PayloadService - Waiting for payload insertion...
2026-03-09 08:58:52 [scheduling-1] INFO  c.p.a.scheduler.PayloadScheduler - Scheduler cycle completed
2026-03-09 08:58:52 [scheduling-1] INFO  c.p.a.scheduler.PayloadScheduler - =================================================
2026-03-09 08:59:02 [scheduling-1] INFO  c.p.a.scheduler.PayloadScheduler - =================================================
2026-03-09 08:59:02 [scheduling-1] INFO  c.p.a.scheduler.PayloadScheduler - Scheduler triggered : Checking DB for new payloads
2026-03-09 08:59:02 [scheduling-1] INFO  c.poc.alerts.service.PayloadService - ========= PAYLOAD PUBLISH JOB STARTED ==========
2026-03-09 08:59:02 [scheduling-1] INFO  c.poc.alerts.service.PayloadService - No payload found in DB
2026-03-09 08:59:02 [scheduling-1] INFO  c.poc.alerts.service.PayloadService - Waiting for payload insertion...
2026-03-09 08:59:02 [scheduling-1] INFO  c.p.a.scheduler.PayloadScheduler - Scheduler cycle completed
2026-03-09 08:59:02 [scheduling-1] INFO  c.p.a.scheduler.PayloadScheduler - =================================================
2026-03-09 08:59:12 [scheduling-1] INFO  c.p.a.scheduler.PayloadScheduler - =================================================
2026-03-09 08:59:12 [scheduling-1] INFO  c.p.a.scheduler.PayloadScheduler - Scheduler triggered : Checking DB for new payloads
2026-03-09 08:59:12 [scheduling-1] INFO  c.poc.alerts.service.PayloadService - ========= PAYLOAD PUBLISH JOB STARTED ==========
2026-03-09 08:59:12 [scheduling-1] INFO  c.poc.alerts.service.PayloadService - No payload found in DB
2026-03-09 08:59:12 [scheduling-1] INFO  c.poc.alerts.service.PayloadService - Waiting for payload insertion...
2026-03-09 08:59:12 [scheduling-1] INFO  c.p.a.scheduler.PayloadScheduler - Scheduler cycle completed
2026-03-09 08:59:12 [scheduling-1] INFO  c.p.a.scheduler.PayloadScheduler - =================================================
2026-03-09 08:59:22 [scheduling-1] INFO  c.p.a.scheduler.PayloadScheduler - =================================================
2026-03-09 08:59:22 [scheduling-1] INFO  c.p.a.scheduler.PayloadScheduler - Scheduler triggered : Checking DB for new payloads
2026-03-09 08:59:22 [scheduling-1] INFO  c.poc.alerts.service.PayloadService - ========= PAYLOAD PUBLISH JOB STARTED ==========
2026-03-09 08:59:22 [scheduling-1] INFO  c.poc.alerts.service.PayloadService - No payload found in DB
2026-03-09 08:59:22 [scheduling-1] INFO  c.poc.alerts.service.PayloadService - Waiting for payload insertion...
2026-03-09 08:59:22 [scheduling-1] INFO  c.p.a.scheduler.PayloadScheduler - Scheduler cycle completed
2026-03-09 08:59:22 [scheduling-1] INFO  c.p.a.scheduler.PayloadScheduler - =================================================
2026-03-09 08:59:32 [scheduling-1] INFO  c.p.a.scheduler.PayloadScheduler - =================================================
2026-03-09 08:59:32 [scheduling-1] INFO  c.p.a.scheduler.PayloadScheduler - Scheduler triggered : Checking DB for new payloads
2026-03-09 08:59:32 [scheduling-1] INFO  c.poc.alerts.service.PayloadService - ========= PAYLOAD PUBLISH JOB STARTED ==========
2026-03-09 08:59:32 [scheduling-1] INFO  c.poc.alerts.service.PayloadService - No payload found in DB
2026-03-09 08:59:32 [scheduling-1] INFO  c.poc.alerts.service.PayloadService - Waiting for payload insertion...
2026-03-09 08:59:32 [scheduling-1] INFO  c.p.a.scheduler.PayloadScheduler - Scheduler cycle completed
2026-03-09 08:59:32 [scheduling-1] INFO  c.p.a.scheduler.PayloadScheduler - =================================================
2026-03-09 08:59:42 [scheduling-1] INFO  c.p.a.scheduler.PayloadScheduler - =================================================
2026-03-09 08:59:42 [scheduling-1] INFO  c.p.a.scheduler.PayloadScheduler - Scheduler triggered : Checking DB for new payloads
2026-03-09 08:59:42 [scheduling-1] INFO  c.poc.alerts.service.PayloadService - ========= PAYLOAD PUBLISH JOB STARTED ==========
2026-03-09 08:59:42 [scheduling-1] INFO  c.poc.alerts.service.PayloadService - No payload found in DB
2026-03-09 08:59:42 [scheduling-1] INFO  c.poc.alerts.service.PayloadService - Waiting for payload insertion...
2026-03-09 08:59:42 [scheduling-1] INFO  c.p.a.scheduler.PayloadScheduler - Scheduler cycle completed
2026-03-09 08:59:42 [scheduling-1] INFO  c.p.a.scheduler.PayloadScheduler - =================================================
2026-03-09 08:59:52 [scheduling-1] INFO  c.p.a.scheduler.PayloadScheduler - =================================================
2026-03-09 08:59:52 [scheduling-1] INFO  c.p.a.scheduler.PayloadScheduler - Scheduler triggered : Checking DB for new payloads
2026-03-09 08:59:52 [scheduling-1] INFO  c.poc.alerts.service.PayloadService - ========= PAYLOAD PUBLISH JOB STARTED ==========
2026-03-09 08:59:52 [scheduling-1] INFO  c.poc.alerts.service.PayloadService - No payload found in DB
2026-03-09 08:59:52 [scheduling-1] INFO  c.poc.alerts.service.PayloadService - Waiting for payload insertion...
2026-03-09 08:59:52 [scheduling-1] INFO  c.p.a.scheduler.PayloadScheduler - Scheduler cycle completed
2026-03-09 08:59:52 [scheduling-1] INFO  c.p.a.scheduler.PayloadScheduler - =================================================
2026-03-09 09:00:02 [scheduling-1] INFO  c.p.a.scheduler.PayloadScheduler - =================================================
2026-03-09 09:00:02 [scheduling-1] INFO  c.p.a.scheduler.PayloadScheduler - Scheduler triggered : Checking DB for new payloads
2026-03-09 09:00:02 [scheduling-1] INFO  c.poc.alerts.service.PayloadService - ========= PAYLOAD PUBLISH JOB STARTED ==========
2026-03-09 09:00:02 [scheduling-1] INFO  c.poc.alerts.service.PayloadService - No payload found in DB
2026-03-09 09:00:02 [scheduling-1] INFO  c.poc.alerts.service.PayloadService - Waiting for payload insertion...
2026-03-09 09:00:02 [scheduling-1] INFO  c.p.a.scheduler.PayloadScheduler - Scheduler cycle completed
2026-03-09 09:00:02 [scheduling-1] INFO  c.p.a.scheduler.PayloadScheduler - =================================================
2026-03-09 09:00:12 [scheduling-1] INFO  c.p.a.scheduler.PayloadScheduler - =================================================
2026-03-09 09:00:12 [scheduling-1] INFO  c.p.a.scheduler.PayloadScheduler - Scheduler triggered : Checking DB for new payloads
2026-03-09 09:00:12 [scheduling-1] INFO  c.poc.alerts.service.PayloadService - ========= PAYLOAD PUBLISH JOB STARTED ==========
2026-03-09 09:00:12 [scheduling-1] INFO  c.poc.alerts.service.PayloadService - No payload found in DB
2026-03-09 09:00:12 [scheduling-1] INFO  c.poc.alerts.service.PayloadService - Waiting for payload insertion...
2026-03-09 09:00:12 [scheduling-1] INFO  c.p.a.scheduler.PayloadScheduler - Scheduler cycle completed
2026-03-09 09:00:12 [scheduling-1] INFO  c.p.a.scheduler.PayloadScheduler - =================================================
2026-03-09 09:00:22 [scheduling-1] INFO  c.p.a.scheduler.PayloadScheduler - =================================================
2026-03-09 09:00:22 [scheduling-1] INFO  c.p.a.scheduler.PayloadScheduler - Scheduler triggered : Checking DB for new payloads
2026-03-09 09:00:22 [scheduling-1] INFO  c.poc.alerts.service.PayloadService - ========= PAYLOAD PUBLISH JOB STARTED ==========
2026-03-09 09:00:22 [scheduling-1] INFO  c.poc.alerts.service.PayloadService - No payload found in DB
2026-03-09 09:00:22 [scheduling-1] INFO  c.poc.alerts.service.PayloadService - Waiting for payload insertion...
2026-03-09 09:00:22 [scheduling-1] INFO  c.p.a.scheduler.PayloadScheduler - Scheduler cycle completed
2026-03-09 09:00:22 [scheduling-1] INFO  c.p.a.scheduler.PayloadScheduler - =================================================
2026-03-09 09:00:32 [scheduling-1] INFO  c.p.a.scheduler.PayloadScheduler - =================================================
2026-03-09 09:00:32 [scheduling-1] INFO  c.p.a.scheduler.PayloadScheduler - Scheduler triggered : Checking DB for new payloads
2026-03-09 09:00:32 [scheduling-1] INFO  c.poc.alerts.service.PayloadService - ========= PAYLOAD PUBLISH JOB STARTED ==========
2026-03-09 09:00:32 [scheduling-1] INFO  c.poc.alerts.service.PayloadService - No payload found in DB
2026-03-09 09:00:32 [scheduling-1] INFO  c.poc.alerts.service.PayloadService - Waiting for payload insertion...
2026-03-09 09:00:32 [scheduling-1] INFO  c.p.a.scheduler.PayloadScheduler - Scheduler cycle completed
2026-03-09 09:00:32 [scheduling-1] INFO  c.p.a.scheduler.PayloadScheduler - =================================================
2026-03-09 09:00:42 [scheduling-1] INFO  c.p.a.scheduler.PayloadScheduler - =================================================
2026-03-09 09:00:42 [scheduling-1] INFO  c.p.a.scheduler.PayloadScheduler - Scheduler triggered : Checking DB for new payloads
2026-03-09 09:00:42 [scheduling-1] INFO  c.poc.alerts.service.PayloadService - ========= PAYLOAD PUBLISH JOB STARTED ==========
2026-03-09 09:00:42 [scheduling-1] INFO  c.poc.alerts.service.PayloadService - No payload found in DB
2026-03-09 09:00:42 [scheduling-1] INFO  c.poc.alerts.service.PayloadService - Waiting for payload insertion...
2026-03-09 09:00:42 [scheduling-1] INFO  c.p.a.scheduler.PayloadScheduler - Scheduler cycle completed
2026-03-09 09:00:42 [scheduling-1] INFO  c.p.a.scheduler.PayloadScheduler - =================================================
2026-03-09 09:00:52 [scheduling-1] INFO  c.p.a.scheduler.PayloadScheduler - =================================================
2026-03-09 09:00:52 [scheduling-1] INFO  c.p.a.scheduler.PayloadScheduler - Scheduler triggered : Checking DB for new payloads
2026-03-09 09:00:52 [scheduling-1] INFO  c.poc.alerts.service.PayloadService - ========= PAYLOAD PUBLISH JOB STARTED ==========
2026-03-09 09:00:52 [scheduling-1] INFO  c.poc.alerts.service.PayloadService - No payload found in DB
2026-03-09 09:00:52 [scheduling-1] INFO  c.poc.alerts.service.PayloadService - Waiting for payload insertion...
2026-03-09 09:00:52 [scheduling-1] INFO  c.p.a.scheduler.PayloadScheduler - Scheduler cycle completed
2026-03-09 09:00:52 [scheduling-1] INFO  c.p.a.scheduler.PayloadScheduler - =================================================
2026-03-09 09:01:02 [scheduling-1] INFO  c.p.a.scheduler.PayloadScheduler - =================================================
2026-03-09 09:01:02 [scheduling-1] INFO  c.p.a.scheduler.PayloadScheduler - Scheduler triggered : Checking DB for new payloads
2026-03-09 09:01:02 [scheduling-1] INFO  c.poc.alerts.service.PayloadService - ========= PAYLOAD PUBLISH JOB STARTED ==========
2026-03-09 09:01:02 [scheduling-1] INFO  c.poc.alerts.service.PayloadService - No payload found in DB
2026-03-09 09:01:02 [scheduling-1] INFO  c.poc.alerts.service.PayloadService - Waiting for payload insertion...
2026-03-09 09:01:02 [scheduling-1] INFO  c.p.a.scheduler.PayloadScheduler - Scheduler cycle completed
2026-03-09 09:01:02 [scheduling-1] INFO  c.p.a.scheduler.PayloadScheduler - =================================================
2026-03-09 09:01:12 [scheduling-1] INFO  c.p.a.scheduler.PayloadScheduler - =================================================
2026-03-09 09:01:12 [scheduling-1] INFO  c.p.a.scheduler.PayloadScheduler - Scheduler triggered : Checking DB for new payloads
2026-03-09 09:01:12 [scheduling-1] INFO  c.poc.alerts.service.PayloadService - ========= PAYLOAD PUBLISH JOB STARTED ==========
2026-03-09 09:01:12 [scheduling-1] INFO  c.poc.alerts.service.PayloadService - No payload found in DB
2026-03-09 09:01:12 [scheduling-1] INFO  c.poc.alerts.service.PayloadService - Waiting for payload insertion...
2026-03-09 09:01:12 [scheduling-1] INFO  c.p.a.scheduler.PayloadScheduler - Scheduler cycle completed
2026-03-09 09:01:12 [scheduling-1] INFO  c.p.a.scheduler.PayloadScheduler - =================================================
2026-03-09 09:01:22 [scheduling-1] INFO  c.p.a.scheduler.PayloadScheduler - =================================================
2026-03-09 09:01:22 [scheduling-1] INFO  c.p.a.scheduler.PayloadScheduler - Scheduler triggered : Checking DB for new payloads
2026-03-09 09:01:22 [scheduling-1] INFO  c.poc.alerts.service.PayloadService - ========= PAYLOAD PUBLISH JOB STARTED ==========
2026-03-09 09:01:22 [scheduling-1] INFO  c.poc.alerts.service.PayloadService - No payload found in DB
2026-03-09 09:01:22 [scheduling-1] INFO  c.poc.alerts.service.PayloadService - Waiting for payload insertion...
2026-03-09 09:01:22 [scheduling-1] INFO  c.p.a.scheduler.PayloadScheduler - Scheduler cycle completed
2026-03-09 09:01:22 [scheduling-1] INFO  c.p.a.scheduler.PayloadScheduler - =================================================
2026-03-09 09:01:32 [scheduling-1] INFO  c.p.a.scheduler.PayloadScheduler - =================================================
2026-03-09 09:01:32 [scheduling-1] INFO  c.p.a.scheduler.PayloadScheduler - Scheduler triggered : Checking DB for new payloads
2026-03-09 09:01:32 [scheduling-1] INFO  c.poc.alerts.service.PayloadService - ========= PAYLOAD PUBLISH JOB STARTED ==========
2026-03-09 09:01:32 [scheduling-1] INFO  c.poc.alerts.service.PayloadService - No payload found in DB
2026-03-09 09:01:32 [scheduling-1] INFO  c.poc.alerts.service.PayloadService - Waiting for payload insertion...
2026-03-09 09:01:32 [scheduling-1] INFO  c.p.a.scheduler.PayloadScheduler - Scheduler cycle completed
2026-03-09 09:01:32 [scheduling-1] INFO  c.p.a.scheduler.PayloadScheduler - =================================================
2026-03-09 09:01:42 [scheduling-1] INFO  c.p.a.scheduler.PayloadScheduler - =================================================
2026-03-09 09:01:42 [scheduling-1] INFO  c.p.a.scheduler.PayloadScheduler - Scheduler triggered : Checking DB for new payloads
2026-03-09 09:01:42 [scheduling-1] INFO  c.poc.alerts.service.PayloadService - ========= PAYLOAD PUBLISH JOB STARTED ==========
2026-03-09 09:01:42 [scheduling-1] INFO  c.poc.alerts.service.PayloadService - No payload found in DB
2026-03-09 09:01:42 [scheduling-1] INFO  c.poc.alerts.service.PayloadService - Waiting for payload insertion...
2026-03-09 09:01:42 [scheduling-1] INFO  c.p.a.scheduler.PayloadScheduler - Scheduler cycle completed
2026-03-09 09:01:42 [scheduling-1] INFO  c.p.a.scheduler.PayloadScheduler - =================================================
2026-03-09 09:01:52 [scheduling-1] INFO  c.p.a.scheduler.PayloadScheduler - =================================================
2026-03-09 09:01:52 [scheduling-1] INFO  c.p.a.scheduler.PayloadScheduler - Scheduler triggered : Checking DB for new payloads
2026-03-09 09:01:52 [scheduling-1] INFO  c.poc.alerts.service.PayloadService - ========= PAYLOAD PUBLISH JOB STARTED ==========
2026-03-09 09:01:52 [scheduling-1] INFO  c.poc.alerts.service.PayloadService - No payload found in DB
2026-03-09 09:01:52 [scheduling-1] INFO  c.poc.alerts.service.PayloadService - Waiting for payload insertion...
2026-03-09 09:01:52 [scheduling-1] INFO  c.p.a.scheduler.PayloadScheduler - Scheduler cycle completed
2026-03-09 09:01:52 [scheduling-1] INFO  c.p.a.scheduler.PayloadScheduler - =================================================
2026-03-09 09:02:02 [scheduling-1] INFO  c.p.a.scheduler.PayloadScheduler - =================================================
2026-03-09 09:02:02 [scheduling-1] INFO  c.p.a.scheduler.PayloadScheduler - Scheduler triggered : Checking DB for new payloads
2026-03-09 09:02:02 [scheduling-1] INFO  c.poc.alerts.service.PayloadService - ========= PAYLOAD PUBLISH JOB STARTED ==========
2026-03-09 09:02:02 [scheduling-1] INFO  c.poc.alerts.service.PayloadService - No payload found in DB
2026-03-09 09:02:02 [scheduling-1] INFO  c.poc.alerts.service.PayloadService - Waiting for payload insertion...
2026-03-09 09:02:02 [scheduling-1] INFO  c.p.a.scheduler.PayloadScheduler - Scheduler cycle completed
2026-03-09 09:02:02 [scheduling-1] INFO  c.p.a.scheduler.PayloadScheduler - =================================================
2026-03-09 09:02:12 [scheduling-1] INFO  c.p.a.scheduler.PayloadScheduler - =================================================
2026-03-09 09:02:12 [scheduling-1] INFO  c.p.a.scheduler.PayloadScheduler - Scheduler triggered : Checking DB for new payloads
2026-03-09 09:02:12 [scheduling-1] INFO  c.poc.alerts.service.PayloadService - ========= PAYLOAD PUBLISH JOB STARTED ==========
2026-03-09 09:02:12 [scheduling-1] INFO  c.poc.alerts.service.PayloadService - No payload found in DB
2026-03-09 09:02:12 [scheduling-1] INFO  c.poc.alerts.service.PayloadService - Waiting for payload insertion...
2026-03-09 09:02:12 [scheduling-1] INFO  c.p.a.scheduler.PayloadScheduler - Scheduler cycle completed
2026-03-09 09:02:12 [scheduling-1] INFO  c.p.a.scheduler.PayloadScheduler - =================================================
2026-03-09 09:02:22 [scheduling-1] INFO  c.p.a.scheduler.PayloadScheduler - =================================================
2026-03-09 09:02:22 [scheduling-1] INFO  c.p.a.scheduler.PayloadScheduler - Scheduler triggered : Checking DB for new payloads
2026-03-09 09:02:22 [scheduling-1] INFO  c.poc.alerts.service.PayloadService - ========= PAYLOAD PUBLISH JOB STARTED ==========
2026-03-09 09:02:22 [scheduling-1] INFO  c.poc.alerts.service.PayloadService - No payload found in DB
2026-03-09 09:02:22 [scheduling-1] INFO  c.poc.alerts.service.PayloadService - Waiting for payload insertion...
2026-03-09 09:02:22 [scheduling-1] INFO  c.p.a.scheduler.PayloadScheduler - Scheduler cycle completed
2026-03-09 09:02:22 [scheduling-1] INFO  c.p.a.scheduler.PayloadScheduler - =================================================
2026-03-09 09:02:32 [scheduling-1] INFO  c.p.a.scheduler.PayloadScheduler - =================================================
2026-03-09 09:02:32 [scheduling-1] INFO  c.p.a.scheduler.PayloadScheduler - Scheduler triggered : Checking DB for new payloads
2026-03-09 09:02:32 [scheduling-1] INFO  c.poc.alerts.service.PayloadService - ========= PAYLOAD PUBLISH JOB STARTED ==========
2026-03-09 09:02:32 [scheduling-1] INFO  c.poc.alerts.service.PayloadService - No payload found in DB
2026-03-09 09:02:32 [scheduling-1] INFO  c.poc.alerts.service.PayloadService - Waiting for payload insertion...
2026-03-09 09:02:32 [scheduling-1] INFO  c.p.a.scheduler.PayloadScheduler - Scheduler cycle completed
2026-03-09 09:02:32 [scheduling-1] INFO  c.p.a.scheduler.PayloadScheduler - =================================================
2026-03-09 09:02:42 [scheduling-1] INFO  c.p.a.scheduler.PayloadScheduler - =================================================
2026-03-09 09:02:42 [scheduling-1] INFO  c.p.a.scheduler.PayloadScheduler - Scheduler triggered : Checking DB for new payloads
2026-03-09 09:02:42 [scheduling-1] INFO  c.poc.alerts.service.PayloadService - ========= PAYLOAD PUBLISH JOB STARTED ==========
2026-03-09 09:02:42 [scheduling-1] INFO  c.poc.alerts.service.PayloadService - No payload found in DB
2026-03-09 09:02:42 [scheduling-1] INFO  c.poc.alerts.service.PayloadService - Waiting for payload insertion...
2026-03-09 09:02:42 [scheduling-1] INFO  c.p.a.scheduler.PayloadScheduler - Scheduler cycle completed
2026-03-09 09:02:42 [scheduling-1] INFO  c.p.a.scheduler.PayloadScheduler - =================================================
2026-03-09 09:02:52 [scheduling-1] INFO  c.p.a.scheduler.PayloadScheduler - =================================================
2026-03-09 09:02:52 [scheduling-1] INFO  c.p.a.scheduler.PayloadScheduler - Scheduler triggered : Checking DB for new payloads
2026-03-09 09:02:52 [scheduling-1] INFO  c.poc.alerts.service.PayloadService - ========= PAYLOAD PUBLISH JOB STARTED ==========
2026-03-09 09:02:52 [scheduling-1] INFO  c.poc.alerts.service.PayloadService - No payload found in DB
2026-03-09 09:02:52 [scheduling-1] INFO  c.poc.alerts.service.PayloadService - Waiting for payload insertion...
2026-03-09 09:02:52 [scheduling-1] INFO  c.p.a.scheduler.PayloadScheduler - Scheduler cycle completed
2026-03-09 09:02:52 [scheduling-1] INFO  c.p.a.scheduler.PayloadScheduler - =================================================
2026-03-09 09:03:02 [scheduling-1] INFO  c.p.a.scheduler.PayloadScheduler - =================================================
2026-03-09 09:03:02 [scheduling-1] INFO  c.p.a.scheduler.PayloadScheduler - Scheduler triggered : Checking DB for new payloads
2026-03-09 09:03:02 [scheduling-1] INFO  c.poc.alerts.service.PayloadService - ========= PAYLOAD PUBLISH JOB STARTED ==========
2026-03-09 09:03:02 [scheduling-1] INFO  c.poc.alerts.service.PayloadService - No payload found in DB
2026-03-09 09:03:02 [scheduling-1] INFO  c.poc.alerts.service.PayloadService - Waiting for payload insertion...
2026-03-09 09:03:02 [scheduling-1] INFO  c.p.a.scheduler.PayloadScheduler - Scheduler cycle completed
2026-03-09 09:03:02 [scheduling-1] INFO  c.p.a.scheduler.PayloadScheduler - =================================================
2026-03-09 09:03:12 [kafka-producer-network-thread | Producer_Setup-producer-1] INFO  o.apache.kafka.clients.NetworkClient - [Producer clientId=Producer_Setup-producer-1] Node -1 disconnected.
2026-03-09 09:03:12 [scheduling-1] INFO  c.p.a.scheduler.PayloadScheduler - =================================================
2026-03-09 09:03:12 [scheduling-1] INFO  c.p.a.scheduler.PayloadScheduler - Scheduler triggered : Checking DB for new payloads
2026-03-09 09:03:12 [scheduling-1] INFO  c.poc.alerts.service.PayloadService - ========= PAYLOAD PUBLISH JOB STARTED ==========
2026-03-09 09:03:12 [scheduling-1] INFO  c.poc.alerts.service.PayloadService - No payload found in DB
2026-03-09 09:03:12 [scheduling-1] INFO  c.poc.alerts.service.PayloadService - Waiting for payload insertion...
2026-03-09 09:03:12 [scheduling-1] INFO  c.p.a.scheduler.PayloadScheduler - Scheduler cycle completed
2026-03-09 09:03:12 [scheduling-1] INFO  c.p.a.scheduler.PayloadScheduler - =================================================
2026-03-09 09:03:22 [scheduling-1] INFO  c.p.a.scheduler.PayloadScheduler - =================================================
2026-03-09 09:03:22 [scheduling-1] INFO  c.p.a.scheduler.PayloadScheduler - Scheduler triggered : Checking DB for new payloads
2026-03-09 09:03:22 [scheduling-1] INFO  c.poc.alerts.service.PayloadService - ========= PAYLOAD PUBLISH JOB STARTED ==========
2026-03-09 09:03:22 [scheduling-1] INFO  c.poc.alerts.service.PayloadService - No payload found in DB
2026-03-09 09:03:22 [scheduling-1] INFO  c.poc.alerts.service.PayloadService - Waiting for payload insertion...
2026-03-09 09:03:22 [scheduling-1] INFO  c.p.a.scheduler.PayloadScheduler - Scheduler cycle completed
2026-03-09 09:03:22 [scheduling-1] INFO  c.p.a.scheduler.PayloadScheduler - =================================================
2026-03-09 09:03:32 [scheduling-1] INFO  c.p.a.scheduler.PayloadScheduler - =================================================
2026-03-09 09:03:32 [scheduling-1] INFO  c.p.a.scheduler.PayloadScheduler - Scheduler triggered : Checking DB for new payloads
2026-03-09 09:03:32 [scheduling-1] INFO  c.poc.alerts.service.PayloadService - ========= PAYLOAD PUBLISH JOB STARTED ==========
2026-03-09 09:03:32 [scheduling-1] INFO  c.poc.alerts.service.PayloadService - No payload found in DB
2026-03-09 09:03:32 [scheduling-1] INFO  c.poc.alerts.service.PayloadService - Waiting for payload insertion...
2026-03-09 09:03:32 [scheduling-1] INFO  c.p.a.scheduler.PayloadScheduler - Scheduler cycle completed
2026-03-09 09:03:32 [scheduling-1] INFO  c.p.a.scheduler.PayloadScheduler - =================================================
2026-03-09 09:03:42 [scheduling-1] INFO  c.p.a.scheduler.PayloadScheduler - =================================================
2026-03-09 09:03:42 [scheduling-1] INFO  c.p.a.scheduler.PayloadScheduler - Scheduler triggered : Checking DB for new payloads
2026-03-09 09:03:42 [scheduling-1] INFO  c.poc.alerts.service.PayloadService - ========= PAYLOAD PUBLISH JOB STARTED ==========
2026-03-09 09:03:42 [scheduling-1] INFO  c.poc.alerts.service.PayloadService - No payload found in DB
2026-03-09 09:03:42 [scheduling-1] INFO  c.poc.alerts.service.PayloadService - Waiting for payload insertion...
2026-03-09 09:03:42 [scheduling-1] INFO  c.p.a.scheduler.PayloadScheduler - Scheduler cycle completed
2026-03-09 09:03:42 [scheduling-1] INFO  c.p.a.scheduler.PayloadScheduler - =================================================
2026-03-09 09:03:52 [scheduling-1] INFO  c.p.a.scheduler.PayloadScheduler - =================================================
2026-03-09 09:03:52 [scheduling-1] INFO  c.p.a.scheduler.PayloadScheduler - Scheduler triggered : Checking DB for new payloads
2026-03-09 09:03:52 [scheduling-1] INFO  c.poc.alerts.service.PayloadService - ========= PAYLOAD PUBLISH JOB STARTED ==========
2026-03-09 09:03:52 [scheduling-1] INFO  c.poc.alerts.service.PayloadService - No payload found in DB
2026-03-09 09:03:52 [scheduling-1] INFO  c.poc.alerts.service.PayloadService - Waiting for payload insertion...
2026-03-09 09:03:52 [scheduling-1] INFO  c.p.a.scheduler.PayloadScheduler - Scheduler cycle completed
2026-03-09 09:03:52 [scheduling-1] INFO  c.p.a.scheduler.PayloadScheduler - =================================================
2026-03-09 09:04:02 [scheduling-1] INFO  c.p.a.scheduler.PayloadScheduler - =================================================
2026-03-09 09:04:02 [scheduling-1] INFO  c.p.a.scheduler.PayloadScheduler - Scheduler triggered : Checking DB for new payloads
2026-03-09 09:04:02 [scheduling-1] INFO  c.poc.alerts.service.PayloadService - ========= PAYLOAD PUBLISH JOB STARTED ==========
2026-03-09 09:04:02 [scheduling-1] INFO  c.poc.alerts.service.PayloadService - No payload found in DB
2026-03-09 09:04:02 [scheduling-1] INFO  c.poc.alerts.service.PayloadService - Waiting for payload insertion...
2026-03-09 09:04:02 [scheduling-1] INFO  c.p.a.scheduler.PayloadScheduler - Scheduler cycle completed
2026-03-09 09:04:02 [scheduling-1] INFO  c.p.a.scheduler.PayloadScheduler - =================================================
2026-03-09 09:04:12 [scheduling-1] INFO  c.p.a.scheduler.PayloadScheduler - =================================================
2026-03-09 09:04:12 [scheduling-1] INFO  c.p.a.scheduler.PayloadScheduler - Scheduler triggered : Checking DB for new payloads
2026-03-09 09:04:12 [scheduling-1] INFO  c.poc.alerts.service.PayloadService - ========= PAYLOAD PUBLISH JOB STARTED ==========
2026-03-09 09:04:12 [scheduling-1] INFO  c.poc.alerts.service.PayloadService - No payload found in DB
2026-03-09 09:04:12 [scheduling-1] INFO  c.poc.alerts.service.PayloadService - Waiting for payload insertion...
2026-03-09 09:04:12 [scheduling-1] INFO  c.p.a.scheduler.PayloadScheduler - Scheduler cycle completed
2026-03-09 09:04:12 [scheduling-1] INFO  c.p.a.scheduler.PayloadScheduler - =================================================
2026-03-09 09:04:22 [scheduling-1] INFO  c.p.a.scheduler.PayloadScheduler - =================================================
2026-03-09 09:04:22 [scheduling-1] INFO  c.p.a.scheduler.PayloadScheduler - Scheduler triggered : Checking DB for new payloads
2026-03-09 09:04:22 [scheduling-1] INFO  c.poc.alerts.service.PayloadService - ========= PAYLOAD PUBLISH JOB STARTED ==========
2026-03-09 09:04:22 [scheduling-1] INFO  c.poc.alerts.service.PayloadService - Total payload records fetched from DB : 1
2026-03-09 09:04:22 [scheduling-1] INFO  c.poc.alerts.service.PayloadService - -----------------------------------------------
2026-03-09 09:04:22 [scheduling-1] INFO  c.poc.alerts.service.PayloadService - Processing payload id : 3
2026-03-09 09:04:22 [scheduling-1] INFO  c.poc.alerts.service.PayloadService - Payload Type : LOAN_DISBURSEMENT_SUCCESSFUL
2026-03-09 09:04:22 [scheduling-1] INFO  c.p.a.service.KafkaProducerService - Producing message to topic notifications.events
2026-03-09 09:04:22 [scheduling-1] INFO  c.poc.alerts.service.PayloadService - Payload id 3 marked as PUBLISHED
2026-03-09 09:04:22 [scheduling-1] INFO  c.poc.alerts.service.PayloadService - ========= PAYLOAD PUBLISH JOB COMPLETED ==========
2026-03-09 09:04:22 [scheduling-1] INFO  c.p.a.scheduler.PayloadScheduler - Scheduler cycle completed
2026-03-09 09:04:22 [scheduling-1] INFO  c.p.a.scheduler.PayloadScheduler - =================================================
2026-03-09 09:04:22 [kafka-producer-network-thread | Producer_Setup-producer-1] INFO  c.p.a.service.KafkaProducerService - Message successfully published to topic notifications.events
2026-03-09 09:04:32 [scheduling-1] INFO  c.p.a.scheduler.PayloadScheduler - =================================================
2026-03-09 09:04:32 [scheduling-1] INFO  c.p.a.scheduler.PayloadScheduler - Scheduler triggered : Checking DB for new payloads
2026-03-09 09:04:32 [scheduling-1] INFO  c.poc.alerts.service.PayloadService - ========= PAYLOAD PUBLISH JOB STARTED ==========
2026-03-09 09:04:32 [scheduling-1] INFO  c.poc.alerts.service.PayloadService - No payload found in DB
2026-03-09 09:04:32 [scheduling-1] INFO  c.poc.alerts.service.PayloadService - Waiting for payload insertion...
2026-03-09 09:04:32 [scheduling-1] INFO  c.p.a.scheduler.PayloadScheduler - Scheduler cycle completed
2026-03-09 09:04:32 [scheduling-1] INFO  c.p.a.scheduler.PayloadScheduler - =================================================
2026-03-09 09:04:42 [scheduling-1] INFO  c.p.a.scheduler.PayloadScheduler - =================================================
2026-03-09 09:04:42 [scheduling-1] INFO  c.p.a.scheduler.PayloadScheduler - Scheduler triggered : Checking DB for new payloads
2026-03-09 09:04:42 [scheduling-1] INFO  c.poc.alerts.service.PayloadService - ========= PAYLOAD PUBLISH JOB STARTED ==========
2026-03-09 09:04:42 [scheduling-1] INFO  c.poc.alerts.service.PayloadService - No payload found in DB
2026-03-09 09:04:42 [scheduling-1] INFO  c.poc.alerts.service.PayloadService - Waiting for payload insertion...
2026-03-09 09:04:42 [scheduling-1] INFO  c.p.a.scheduler.PayloadScheduler - Scheduler cycle completed
2026-03-09 09:04:42 [scheduling-1] INFO  c.p.a.scheduler.PayloadScheduler - =================================================
2026-03-09 09:04:52 [scheduling-1] INFO  c.p.a.scheduler.PayloadScheduler - =================================================
2026-03-09 09:04:52 [scheduling-1] INFO  c.p.a.scheduler.PayloadScheduler - Scheduler triggered : Checking DB for new payloads
2026-03-09 09:04:52 [scheduling-1] INFO  c.poc.alerts.service.PayloadService - ========= PAYLOAD PUBLISH JOB STARTED ==========
2026-03-09 09:04:52 [scheduling-1] INFO  c.poc.alerts.service.PayloadService - No payload found in DB
2026-03-09 09:04:52 [scheduling-1] INFO  c.poc.alerts.service.PayloadService - Waiting for payload insertion...
2026-03-09 09:04:52 [scheduling-1] INFO  c.p.a.scheduler.PayloadScheduler - Scheduler cycle completed
2026-03-09 09:04:52 [scheduling-1] INFO  c.p.a.scheduler.PayloadScheduler - =================================================
2026-03-09 09:05:02 [scheduling-1] INFO  c.p.a.scheduler.PayloadScheduler - =================================================
2026-03-09 09:05:02 [scheduling-1] INFO  c.p.a.scheduler.PayloadScheduler - Scheduler triggered : Checking DB for new payloads
2026-03-09 09:05:02 [scheduling-1] INFO  c.poc.alerts.service.PayloadService - ========= PAYLOAD PUBLISH JOB STARTED ==========
2026-03-09 09:05:02 [scheduling-1] INFO  c.poc.alerts.service.PayloadService - No payload found in DB
2026-03-09 09:05:02 [scheduling-1] INFO  c.poc.alerts.service.PayloadService - Waiting for payload insertion...
2026-03-09 09:05:02 [scheduling-1] INFO  c.p.a.scheduler.PayloadScheduler - Scheduler cycle completed
2026-03-09 09:05:02 [scheduling-1] INFO  c.p.a.scheduler.PayloadScheduler - =================================================
2026-03-09 09:05:12 [scheduling-1] INFO  c.p.a.scheduler.PayloadScheduler - =================================================
2026-03-09 09:05:12 [scheduling-1] INFO  c.p.a.scheduler.PayloadScheduler - Scheduler triggered : Checking DB for new payloads
2026-03-09 09:05:12 [scheduling-1] INFO  c.poc.alerts.service.PayloadService - ========= PAYLOAD PUBLISH JOB STARTED ==========
2026-03-09 09:05:12 [scheduling-1] INFO  c.poc.alerts.service.PayloadService - No payload found in DB
2026-03-09 09:05:12 [scheduling-1] INFO  c.poc.alerts.service.PayloadService - Waiting for payload insertion...
2026-03-09 09:05:12 [scheduling-1] INFO  c.p.a.scheduler.PayloadScheduler - Scheduler cycle completed
2026-03-09 09:05:12 [scheduling-1] INFO  c.p.a.scheduler.PayloadScheduler - =================================================
2026-03-09 09:05:22 [scheduling-1] INFO  c.p.a.scheduler.PayloadScheduler - =================================================
2026-03-09 09:05:22 [scheduling-1] INFO  c.p.a.scheduler.PayloadScheduler - Scheduler triggered : Checking DB for new payloads
2026-03-09 09:05:22 [scheduling-1] INFO  c.poc.alerts.service.PayloadService - ========= PAYLOAD PUBLISH JOB STARTED ==========
2026-03-09 09:05:22 [scheduling-1] INFO  c.poc.alerts.service.PayloadService - Total payload records fetched from DB : 1
2026-03-09 09:05:22 [scheduling-1] INFO  c.poc.alerts.service.PayloadService - -----------------------------------------------
2026-03-09 09:05:22 [scheduling-1] INFO  c.poc.alerts.service.PayloadService - Processing payload id : 4
2026-03-09 09:05:22 [scheduling-1] INFO  c.poc.alerts.service.PayloadService - Payload Type : LOAN_PAST_DUE_REMINDER
2026-03-09 09:05:22 [scheduling-1] INFO  c.p.a.service.KafkaProducerService - Producing message to topic notifications.events
2026-03-09 09:05:22 [scheduling-1] INFO  c.poc.alerts.service.PayloadService - Payload id 4 marked as PUBLISHED
2026-03-09 09:05:22 [scheduling-1] INFO  c.poc.alerts.service.PayloadService - ========= PAYLOAD PUBLISH JOB COMPLETED ==========
2026-03-09 09:05:22 [scheduling-1] INFO  c.p.a.scheduler.PayloadScheduler - Scheduler cycle completed
2026-03-09 09:05:22 [scheduling-1] INFO  c.p.a.scheduler.PayloadScheduler - =================================================
2026-03-09 09:05:22 [kafka-producer-network-thread | Producer_Setup-producer-1] INFO  c.p.a.service.KafkaProducerService - Message successfully published to topic notifications.events
2026-03-09 09:05:32 [scheduling-1] INFO  c.p.a.scheduler.PayloadScheduler - =================================================
2026-03-09 09:05:32 [scheduling-1] INFO  c.p.a.scheduler.PayloadScheduler - Scheduler triggered : Checking DB for new payloads
2026-03-09 09:05:32 [scheduling-1] INFO  c.poc.alerts.service.PayloadService - ========= PAYLOAD PUBLISH JOB STARTED ==========
2026-03-09 09:05:32 [scheduling-1] INFO  c.poc.alerts.service.PayloadService - No payload found in DB
2026-03-09 09:05:32 [scheduling-1] INFO  c.poc.alerts.service.PayloadService - Waiting for payload insertion...
2026-03-09 09:05:32 [scheduling-1] INFO  c.p.a.scheduler.PayloadScheduler - Scheduler cycle completed
2026-03-09 09:05:32 [scheduling-1] INFO  c.p.a.scheduler.PayloadScheduler - =================================================
2026-03-09 09:05:42 [scheduling-1] INFO  c.p.a.scheduler.PayloadScheduler - =================================================
2026-03-09 09:05:42 [scheduling-1] INFO  c.p.a.scheduler.PayloadScheduler - Scheduler triggered : Checking DB for new payloads
2026-03-09 09:05:42 [scheduling-1] INFO  c.poc.alerts.service.PayloadService - ========= PAYLOAD PUBLISH JOB STARTED ==========
2026-03-09 09:05:42 [scheduling-1] INFO  c.poc.alerts.service.PayloadService - No payload found in DB
2026-03-09 09:05:42 [scheduling-1] INFO  c.poc.alerts.service.PayloadService - Waiting for payload insertion...
2026-03-09 09:05:42 [scheduling-1] INFO  c.p.a.scheduler.PayloadScheduler - Scheduler cycle completed
2026-03-09 09:05:42 [scheduling-1] INFO  c.p.a.scheduler.PayloadScheduler - =================================================
2026-03-09 09:05:52 [scheduling-1] INFO  c.p.a.scheduler.PayloadScheduler - =================================================
2026-03-09 09:05:52 [scheduling-1] INFO  c.p.a.scheduler.PayloadScheduler - Scheduler triggered : Checking DB for new payloads
2026-03-09 09:05:52 [scheduling-1] INFO  c.poc.alerts.service.PayloadService - ========= PAYLOAD PUBLISH JOB STARTED ==========
2026-03-09 09:05:52 [scheduling-1] INFO  c.poc.alerts.service.PayloadService - No payload found in DB
2026-03-09 09:05:52 [scheduling-1] INFO  c.poc.alerts.service.PayloadService - Waiting for payload insertion...
2026-03-09 09:05:52 [scheduling-1] INFO  c.p.a.scheduler.PayloadScheduler - Scheduler cycle completed
2026-03-09 09:05:52 [scheduling-1] INFO  c.p.a.scheduler.PayloadScheduler - =================================================
2026-03-09 09:06:02 [scheduling-1] INFO  c.p.a.scheduler.PayloadScheduler - =================================================
2026-03-09 09:06:02 [scheduling-1] INFO  c.p.a.scheduler.PayloadScheduler - Scheduler triggered : Checking DB for new payloads
2026-03-09 09:06:02 [scheduling-1] INFO  c.poc.alerts.service.PayloadService - ========= PAYLOAD PUBLISH JOB STARTED ==========
2026-03-09 09:06:02 [scheduling-1] INFO  c.poc.alerts.service.PayloadService - No payload found in DB
2026-03-09 09:06:02 [scheduling-1] INFO  c.poc.alerts.service.PayloadService - Waiting for payload insertion...
2026-03-09 09:06:02 [scheduling-1] INFO  c.p.a.scheduler.PayloadScheduler - Scheduler cycle completed
2026-03-09 09:06:02 [scheduling-1] INFO  c.p.a.scheduler.PayloadScheduler - =================================================
2026-03-09 09:06:12 [scheduling-1] INFO  c.p.a.scheduler.PayloadScheduler - =================================================
2026-03-09 09:06:12 [scheduling-1] INFO  c.p.a.scheduler.PayloadScheduler - Scheduler triggered : Checking DB for new payloads
2026-03-09 09:06:12 [scheduling-1] INFO  c.poc.alerts.service.PayloadService - ========= PAYLOAD PUBLISH JOB STARTED ==========
2026-03-09 09:06:12 [scheduling-1] INFO  c.poc.alerts.service.PayloadService - No payload found in DB
2026-03-09 09:06:12 [scheduling-1] INFO  c.poc.alerts.service.PayloadService - Waiting for payload insertion...
2026-03-09 09:06:12 [scheduling-1] INFO  c.p.a.scheduler.PayloadScheduler - Scheduler cycle completed
2026-03-09 09:06:12 [scheduling-1] INFO  c.p.a.scheduler.PayloadScheduler - =================================================
2026-03-09 09:06:22 [scheduling-1] INFO  c.p.a.scheduler.PayloadScheduler - =================================================
2026-03-09 09:06:22 [scheduling-1] INFO  c.p.a.scheduler.PayloadScheduler - Scheduler triggered : Checking DB for new payloads
2026-03-09 09:06:22 [scheduling-1] INFO  c.poc.alerts.service.PayloadService - ========= PAYLOAD PUBLISH JOB STARTED ==========
2026-03-09 09:06:22 [scheduling-1] INFO  c.poc.alerts.service.PayloadService - No payload found in DB
2026-03-09 09:06:22 [scheduling-1] INFO  c.poc.alerts.service.PayloadService - Waiting for payload insertion...
2026-03-09 09:06:22 [scheduling-1] INFO  c.p.a.scheduler.PayloadScheduler - Scheduler cycle completed
2026-03-09 09:06:22 [scheduling-1] INFO  c.p.a.scheduler.PayloadScheduler - =================================================
2026-03-09 09:06:32 [scheduling-1] INFO  c.p.a.scheduler.PayloadScheduler - =================================================
2026-03-09 09:06:32 [scheduling-1] INFO  c.p.a.scheduler.PayloadScheduler - Scheduler triggered : Checking DB for new payloads
2026-03-09 09:06:32 [scheduling-1] INFO  c.poc.alerts.service.PayloadService - ========= PAYLOAD PUBLISH JOB STARTED ==========
2026-03-09 09:06:32 [scheduling-1] INFO  c.poc.alerts.service.PayloadService - No payload found in DB
2026-03-09 09:06:32 [scheduling-1] INFO  c.poc.alerts.service.PayloadService - Waiting for payload insertion...
2026-03-09 09:06:32 [scheduling-1] INFO  c.p.a.scheduler.PayloadScheduler - Scheduler cycle completed
2026-03-09 09:06:32 [scheduling-1] INFO  c.p.a.scheduler.PayloadScheduler - =================================================
2026-03-09 09:06:42 [scheduling-1] INFO  c.p.a.scheduler.PayloadScheduler - =================================================
2026-03-09 09:06:42 [scheduling-1] INFO  c.p.a.scheduler.PayloadScheduler - Scheduler triggered : Checking DB for new payloads
2026-03-09 09:06:42 [scheduling-1] INFO  c.poc.alerts.service.PayloadService - ========= PAYLOAD PUBLISH JOB STARTED ==========
2026-03-09 09:06:42 [scheduling-1] INFO  c.poc.alerts.service.PayloadService - No payload found in DB
2026-03-09 09:06:42 [scheduling-1] INFO  c.poc.alerts.service.PayloadService - Waiting for payload insertion...
2026-03-09 09:06:42 [scheduling-1] INFO  c.p.a.scheduler.PayloadScheduler - Scheduler cycle completed
2026-03-09 09:06:42 [scheduling-1] INFO  c.p.a.scheduler.PayloadScheduler - =================================================
2026-03-09 09:06:52 [scheduling-1] INFO  c.p.a.scheduler.PayloadScheduler - =================================================
2026-03-09 09:06:52 [scheduling-1] INFO  c.p.a.scheduler.PayloadScheduler - Scheduler triggered : Checking DB for new payloads
2026-03-09 09:06:52 [scheduling-1] INFO  c.poc.alerts.service.PayloadService - ========= PAYLOAD PUBLISH JOB STARTED ==========
2026-03-09 09:06:52 [scheduling-1] INFO  c.poc.alerts.service.PayloadService - No payload found in DB
2026-03-09 09:06:52 [scheduling-1] INFO  c.poc.alerts.service.PayloadService - Waiting for payload insertion...
2026-03-09 09:06:52 [scheduling-1] INFO  c.p.a.scheduler.PayloadScheduler - Scheduler cycle completed
2026-03-09 09:06:52 [scheduling-1] INFO  c.p.a.scheduler.PayloadScheduler - =================================================
2026-03-09 09:07:02 [scheduling-1] INFO  c.p.a.scheduler.PayloadScheduler - =================================================
2026-03-09 09:07:02 [scheduling-1] INFO  c.p.a.scheduler.PayloadScheduler - Scheduler triggered : Checking DB for new payloads
2026-03-09 09:07:02 [scheduling-1] INFO  c.poc.alerts.service.PayloadService - ========= PAYLOAD PUBLISH JOB STARTED ==========
2026-03-09 09:07:02 [scheduling-1] INFO  c.poc.alerts.service.PayloadService - No payload found in DB
2026-03-09 09:07:02 [scheduling-1] INFO  c.poc.alerts.service.PayloadService - Waiting for payload insertion...
2026-03-09 09:07:02 [scheduling-1] INFO  c.p.a.scheduler.PayloadScheduler - Scheduler cycle completed
2026-03-09 09:07:02 [scheduling-1] INFO  c.p.a.scheduler.PayloadScheduler - =================================================
2026-03-09 09:07:12 [scheduling-1] INFO  c.p.a.scheduler.PayloadScheduler - =================================================
2026-03-09 09:07:12 [scheduling-1] INFO  c.p.a.scheduler.PayloadScheduler - Scheduler triggered : Checking DB for new payloads
2026-03-09 09:07:12 [scheduling-1] INFO  c.poc.alerts.service.PayloadService - ========= PAYLOAD PUBLISH JOB STARTED ==========
2026-03-09 09:07:12 [scheduling-1] INFO  c.poc.alerts.service.PayloadService - No payload found in DB
2026-03-09 09:07:12 [scheduling-1] INFO  c.poc.alerts.service.PayloadService - Waiting for payload insertion...
2026-03-09 09:07:12 [scheduling-1] INFO  c.p.a.scheduler.PayloadScheduler - Scheduler cycle completed
2026-03-09 09:07:12 [scheduling-1] INFO  c.p.a.scheduler.PayloadScheduler - =================================================
2026-03-09 09:07:22 [scheduling-1] INFO  c.p.a.scheduler.PayloadScheduler - =================================================
2026-03-09 09:07:22 [scheduling-1] INFO  c.p.a.scheduler.PayloadScheduler - Scheduler triggered : Checking DB for new payloads
2026-03-09 09:07:22 [scheduling-1] INFO  c.poc.alerts.service.PayloadService - ========= PAYLOAD PUBLISH JOB STARTED ==========
2026-03-09 09:07:22 [scheduling-1] INFO  c.poc.alerts.service.PayloadService - No payload found in DB
2026-03-09 09:07:22 [scheduling-1] INFO  c.poc.alerts.service.PayloadService - Waiting for payload insertion...
2026-03-09 09:07:22 [scheduling-1] INFO  c.p.a.scheduler.PayloadScheduler - Scheduler cycle completed
2026-03-09 09:07:22 [scheduling-1] INFO  c.p.a.scheduler.PayloadScheduler - =================================================
2026-03-09 09:07:32 [scheduling-1] INFO  c.p.a.scheduler.PayloadScheduler - =================================================
2026-03-09 09:07:32 [scheduling-1] INFO  c.p.a.scheduler.PayloadScheduler - Scheduler triggered : Checking DB for new payloads
2026-03-09 09:07:32 [scheduling-1] INFO  c.poc.alerts.service.PayloadService - ========= PAYLOAD PUBLISH JOB STARTED ==========
2026-03-09 09:07:32 [scheduling-1] INFO  c.poc.alerts.service.PayloadService - No payload found in DB
2026-03-09 09:07:32 [scheduling-1] INFO  c.poc.alerts.service.PayloadService - Waiting for payload insertion...
2026-03-09 09:07:32 [scheduling-1] INFO  c.p.a.scheduler.PayloadScheduler - Scheduler cycle completed
2026-03-09 09:07:32 [scheduling-1] INFO  c.p.a.scheduler.PayloadScheduler - =================================================
2026-03-09 09:07:42 [scheduling-1] INFO  c.p.a.scheduler.PayloadScheduler - =================================================
2026-03-09 09:07:42 [scheduling-1] INFO  c.p.a.scheduler.PayloadScheduler - Scheduler triggered : Checking DB for new payloads
2026-03-09 09:07:42 [scheduling-1] INFO  c.poc.alerts.service.PayloadService - ========= PAYLOAD PUBLISH JOB STARTED ==========
2026-03-09 09:07:42 [scheduling-1] INFO  c.poc.alerts.service.PayloadService - No payload found in DB
2026-03-09 09:07:42 [scheduling-1] INFO  c.poc.alerts.service.PayloadService - Waiting for payload insertion...
2026-03-09 09:07:42 [scheduling-1] INFO  c.p.a.scheduler.PayloadScheduler - Scheduler cycle completed
2026-03-09 09:07:42 [scheduling-1] INFO  c.p.a.scheduler.PayloadScheduler - =================================================
2026-03-09 09:07:52 [scheduling-1] INFO  c.p.a.scheduler.PayloadScheduler - =================================================
2026-03-09 09:07:52 [scheduling-1] INFO  c.p.a.scheduler.PayloadScheduler - Scheduler triggered : Checking DB for new payloads
2026-03-09 09:07:52 [scheduling-1] INFO  c.poc.alerts.service.PayloadService - ========= PAYLOAD PUBLISH JOB STARTED ==========
2026-03-09 09:07:52 [scheduling-1] INFO  c.poc.alerts.service.PayloadService - No payload found in DB
2026-03-09 09:07:52 [scheduling-1] INFO  c.poc.alerts.service.PayloadService - Waiting for payload insertion...
2026-03-09 09:07:52 [scheduling-1] INFO  c.p.a.scheduler.PayloadScheduler - Scheduler cycle completed
2026-03-09 09:07:52 [scheduling-1] INFO  c.p.a.scheduler.PayloadScheduler - =================================================
2026-03-09 09:08:02 [scheduling-1] INFO  c.p.a.scheduler.PayloadScheduler - =================================================
2026-03-09 09:08:02 [scheduling-1] INFO  c.p.a.scheduler.PayloadScheduler - Scheduler triggered : Checking DB for new payloads
2026-03-09 09:08:02 [scheduling-1] INFO  c.poc.alerts.service.PayloadService - ========= PAYLOAD PUBLISH JOB STARTED ==========
2026-03-09 09:08:02 [scheduling-1] INFO  c.poc.alerts.service.PayloadService - No payload found in DB
2026-03-09 09:08:02 [scheduling-1] INFO  c.poc.alerts.service.PayloadService - Waiting for payload insertion...
2026-03-09 09:08:02 [scheduling-1] INFO  c.p.a.scheduler.PayloadScheduler - Scheduler cycle completed
2026-03-09 09:08:02 [scheduling-1] INFO  c.p.a.scheduler.PayloadScheduler - =================================================
2026-03-09 09:08:12 [scheduling-1] INFO  c.p.a.scheduler.PayloadScheduler - =================================================
2026-03-09 09:08:12 [scheduling-1] INFO  c.p.a.scheduler.PayloadScheduler - Scheduler triggered : Checking DB for new payloads
2026-03-09 09:08:12 [scheduling-1] INFO  c.poc.alerts.service.PayloadService - ========= PAYLOAD PUBLISH JOB STARTED ==========
2026-03-09 09:08:12 [scheduling-1] INFO  c.poc.alerts.service.PayloadService - No payload found in DB
2026-03-09 09:08:12 [scheduling-1] INFO  c.poc.alerts.service.PayloadService - Waiting for payload insertion...
2026-03-09 09:08:12 [scheduling-1] INFO  c.p.a.scheduler.PayloadScheduler - Scheduler cycle completed
2026-03-09 09:08:12 [scheduling-1] INFO  c.p.a.scheduler.PayloadScheduler - =================================================
2026-03-09 09:08:22 [scheduling-1] INFO  c.p.a.scheduler.PayloadScheduler - =================================================
2026-03-09 09:08:22 [scheduling-1] INFO  c.p.a.scheduler.PayloadScheduler - Scheduler triggered : Checking DB for new payloads
2026-03-09 09:08:22 [scheduling-1] INFO  c.poc.alerts.service.PayloadService - ========= PAYLOAD PUBLISH JOB STARTED ==========
2026-03-09 09:08:22 [scheduling-1] INFO  c.poc.alerts.service.PayloadService - No payload found in DB
2026-03-09 09:08:22 [scheduling-1] INFO  c.poc.alerts.service.PayloadService - Waiting for payload insertion...
2026-03-09 09:08:22 [scheduling-1] INFO  c.p.a.scheduler.PayloadScheduler - Scheduler cycle completed
2026-03-09 09:08:22 [scheduling-1] INFO  c.p.a.scheduler.PayloadScheduler - =================================================
2026-03-09 09:08:32 [scheduling-1] INFO  c.p.a.scheduler.PayloadScheduler - =================================================
2026-03-09 09:08:32 [scheduling-1] INFO  c.p.a.scheduler.PayloadScheduler - Scheduler triggered : Checking DB for new payloads
2026-03-09 09:08:32 [scheduling-1] INFO  c.poc.alerts.service.PayloadService - ========= PAYLOAD PUBLISH JOB STARTED ==========
2026-03-09 09:08:32 [scheduling-1] INFO  c.poc.alerts.service.PayloadService - No payload found in DB
2026-03-09 09:08:32 [scheduling-1] INFO  c.poc.alerts.service.PayloadService - Waiting for payload insertion...
2026-03-09 09:08:32 [scheduling-1] INFO  c.p.a.scheduler.PayloadScheduler - Scheduler cycle completed
2026-03-09 09:08:32 [scheduling-1] INFO  c.p.a.scheduler.PayloadScheduler - =================================================
2026-03-09 09:08:42 [scheduling-1] INFO  c.p.a.scheduler.PayloadScheduler - =================================================
2026-03-09 09:08:42 [scheduling-1] INFO  c.p.a.scheduler.PayloadScheduler - Scheduler triggered : Checking DB for new payloads
2026-03-09 09:08:42 [scheduling-1] INFO  c.poc.alerts.service.PayloadService - ========= PAYLOAD PUBLISH JOB STARTED ==========
2026-03-09 09:08:42 [scheduling-1] INFO  c.poc.alerts.service.PayloadService - No payload found in DB
2026-03-09 09:08:42 [scheduling-1] INFO  c.poc.alerts.service.PayloadService - Waiting for payload insertion...
2026-03-09 09:08:42 [scheduling-1] INFO  c.p.a.scheduler.PayloadScheduler - Scheduler cycle completed
2026-03-09 09:08:42 [scheduling-1] INFO  c.p.a.scheduler.PayloadScheduler - =================================================
2026-03-09 09:08:52 [scheduling-1] INFO  c.p.a.scheduler.PayloadScheduler - =================================================
2026-03-09 09:08:52 [scheduling-1] INFO  c.p.a.scheduler.PayloadScheduler - Scheduler triggered : Checking DB for new payloads
2026-03-09 09:08:52 [scheduling-1] INFO  c.poc.alerts.service.PayloadService - ========= PAYLOAD PUBLISH JOB STARTED ==========
2026-03-09 09:08:52 [scheduling-1] INFO  c.poc.alerts.service.PayloadService - No payload found in DB
2026-03-09 09:08:52 [scheduling-1] INFO  c.poc.alerts.service.PayloadService - Waiting for payload insertion...
2026-03-09 09:08:52 [scheduling-1] INFO  c.p.a.scheduler.PayloadScheduler - Scheduler cycle completed
2026-03-09 09:08:52 [scheduling-1] INFO  c.p.a.scheduler.PayloadScheduler - =================================================
2026-03-09 09:09:02 [scheduling-1] INFO  c.p.a.scheduler.PayloadScheduler - =================================================
2026-03-09 09:09:02 [scheduling-1] INFO  c.p.a.scheduler.PayloadScheduler - Scheduler triggered : Checking DB for new payloads
2026-03-09 09:09:02 [scheduling-1] INFO  c.poc.alerts.service.PayloadService - ========= PAYLOAD PUBLISH JOB STARTED ==========
2026-03-09 09:09:02 [scheduling-1] INFO  c.poc.alerts.service.PayloadService - No payload found in DB
2026-03-09 09:09:02 [scheduling-1] INFO  c.poc.alerts.service.PayloadService - Waiting for payload insertion...
2026-03-09 09:09:02 [scheduling-1] INFO  c.p.a.scheduler.PayloadScheduler - Scheduler cycle completed
2026-03-09 09:09:02 [scheduling-1] INFO  c.p.a.scheduler.PayloadScheduler - =================================================
2026-03-09 09:09:12 [scheduling-1] INFO  c.p.a.scheduler.PayloadScheduler - =================================================
2026-03-09 09:09:12 [scheduling-1] INFO  c.p.a.scheduler.PayloadScheduler - Scheduler triggered : Checking DB for new payloads
2026-03-09 09:09:12 [scheduling-1] INFO  c.poc.alerts.service.PayloadService - ========= PAYLOAD PUBLISH JOB STARTED ==========
2026-03-09 09:09:12 [scheduling-1] INFO  c.poc.alerts.service.PayloadService - No payload found in DB
2026-03-09 09:09:12 [scheduling-1] INFO  c.poc.alerts.service.PayloadService - Waiting for payload insertion...
2026-03-09 09:09:12 [scheduling-1] INFO  c.p.a.scheduler.PayloadScheduler - Scheduler cycle completed
2026-03-09 09:09:12 [scheduling-1] INFO  c.p.a.scheduler.PayloadScheduler - =================================================
2026-03-09 09:09:22 [scheduling-1] INFO  c.p.a.scheduler.PayloadScheduler - =================================================
2026-03-09 09:09:22 [scheduling-1] INFO  c.p.a.scheduler.PayloadScheduler - Scheduler triggered : Checking DB for new payloads
2026-03-09 09:09:22 [scheduling-1] INFO  c.poc.alerts.service.PayloadService - ========= PAYLOAD PUBLISH JOB STARTED ==========
2026-03-09 09:09:22 [scheduling-1] INFO  c.poc.alerts.service.PayloadService - No payload found in DB
2026-03-09 09:09:22 [scheduling-1] INFO  c.poc.alerts.service.PayloadService - Waiting for payload insertion...
2026-03-09 09:09:22 [scheduling-1] INFO  c.p.a.scheduler.PayloadScheduler - Scheduler cycle completed
2026-03-09 09:09:22 [scheduling-1] INFO  c.p.a.scheduler.PayloadScheduler - =================================================
2026-03-09 09:09:32 [scheduling-1] INFO  c.p.a.scheduler.PayloadScheduler - =================================================
2026-03-09 09:09:32 [scheduling-1] INFO  c.p.a.scheduler.PayloadScheduler - Scheduler triggered : Checking DB for new payloads
2026-03-09 09:09:32 [scheduling-1] INFO  c.poc.alerts.service.PayloadService - ========= PAYLOAD PUBLISH JOB STARTED ==========
2026-03-09 09:09:32 [scheduling-1] INFO  c.poc.alerts.service.PayloadService - No payload found in DB
2026-03-09 09:09:32 [scheduling-1] INFO  c.poc.alerts.service.PayloadService - Waiting for payload insertion...
2026-03-09 09:09:32 [scheduling-1] INFO  c.p.a.scheduler.PayloadScheduler - Scheduler cycle completed
2026-03-09 09:09:32 [scheduling-1] INFO  c.p.a.scheduler.PayloadScheduler - =================================================
2026-03-09 09:09:42 [scheduling-1] INFO  c.p.a.scheduler.PayloadScheduler - =================================================
2026-03-09 09:09:42 [scheduling-1] INFO  c.p.a.scheduler.PayloadScheduler - Scheduler triggered : Checking DB for new payloads
2026-03-09 09:09:42 [scheduling-1] INFO  c.poc.alerts.service.PayloadService - ========= PAYLOAD PUBLISH JOB STARTED ==========
2026-03-09 09:09:42 [scheduling-1] INFO  c.poc.alerts.service.PayloadService - No payload found in DB
2026-03-09 09:09:42 [scheduling-1] INFO  c.poc.alerts.service.PayloadService - Waiting for payload insertion...
2026-03-09 09:09:42 [scheduling-1] INFO  c.p.a.scheduler.PayloadScheduler - Scheduler cycle completed
2026-03-09 09:09:42 [scheduling-1] INFO  c.p.a.scheduler.PayloadScheduler - =================================================
2026-03-09 09:09:52 [scheduling-1] INFO  c.p.a.scheduler.PayloadScheduler - =================================================
2026-03-09 09:09:52 [scheduling-1] INFO  c.p.a.scheduler.PayloadScheduler - Scheduler triggered : Checking DB for new payloads
2026-03-09 09:09:52 [scheduling-1] INFO  c.poc.alerts.service.PayloadService - ========= PAYLOAD PUBLISH JOB STARTED ==========
2026-03-09 09:09:52 [scheduling-1] INFO  c.poc.alerts.service.PayloadService - No payload found in DB
2026-03-09 09:09:52 [scheduling-1] INFO  c.poc.alerts.service.PayloadService - Waiting for payload insertion...
2026-03-09 09:09:52 [scheduling-1] INFO  c.p.a.scheduler.PayloadScheduler - Scheduler cycle completed
2026-03-09 09:09:52 [scheduling-1] INFO  c.p.a.scheduler.PayloadScheduler - =================================================
2026-03-09 09:10:02 [scheduling-1] INFO  c.p.a.scheduler.PayloadScheduler - =================================================
2026-03-09 09:10:02 [scheduling-1] INFO  c.p.a.scheduler.PayloadScheduler - Scheduler triggered : Checking DB for new payloads
2026-03-09 09:10:02 [scheduling-1] INFO  c.poc.alerts.service.PayloadService - ========= PAYLOAD PUBLISH JOB STARTED ==========
2026-03-09 09:10:02 [scheduling-1] INFO  c.poc.alerts.service.PayloadService - No payload found in DB
2026-03-09 09:10:02 [scheduling-1] INFO  c.poc.alerts.service.PayloadService - Waiting for payload insertion...
2026-03-09 09:10:02 [scheduling-1] INFO  c.p.a.scheduler.PayloadScheduler - Scheduler cycle completed
2026-03-09 09:10:02 [scheduling-1] INFO  c.p.a.scheduler.PayloadScheduler - =================================================
2026-03-09 09:10:12 [scheduling-1] INFO  c.p.a.scheduler.PayloadScheduler - =================================================
2026-03-09 09:10:12 [scheduling-1] INFO  c.p.a.scheduler.PayloadScheduler - Scheduler triggered : Checking DB for new payloads
2026-03-09 09:10:12 [scheduling-1] INFO  c.poc.alerts.service.PayloadService - ========= PAYLOAD PUBLISH JOB STARTED ==========
2026-03-09 09:10:12 [scheduling-1] INFO  c.poc.alerts.service.PayloadService - No payload found in DB
2026-03-09 09:10:12 [scheduling-1] INFO  c.poc.alerts.service.PayloadService - Waiting for payload insertion...
2026-03-09 09:10:12 [scheduling-1] INFO  c.p.a.scheduler.PayloadScheduler - Scheduler cycle completed
2026-03-09 09:10:12 [scheduling-1] INFO  c.p.a.scheduler.PayloadScheduler - =================================================
2026-03-09 09:10:22 [scheduling-1] INFO  c.p.a.scheduler.PayloadScheduler - =================================================
2026-03-09 09:10:22 [scheduling-1] INFO  c.p.a.scheduler.PayloadScheduler - Scheduler triggered : Checking DB for new payloads
2026-03-09 09:10:22 [scheduling-1] INFO  c.poc.alerts.service.PayloadService - ========= PAYLOAD PUBLISH JOB STARTED ==========
2026-03-09 09:10:22 [scheduling-1] INFO  c.poc.alerts.service.PayloadService - No payload found in DB
2026-03-09 09:10:22 [scheduling-1] INFO  c.poc.alerts.service.PayloadService - Waiting for payload insertion...
2026-03-09 09:10:22 [scheduling-1] INFO  c.p.a.scheduler.PayloadScheduler - Scheduler cycle completed
2026-03-09 09:10:22 [scheduling-1] INFO  c.p.a.scheduler.PayloadScheduler - =================================================
2026-03-09 09:10:32 [scheduling-1] INFO  c.p.a.scheduler.PayloadScheduler - =================================================
2026-03-09 09:10:32 [scheduling-1] INFO  c.p.a.scheduler.PayloadScheduler - Scheduler triggered : Checking DB for new payloads
2026-03-09 09:10:32 [scheduling-1] INFO  c.poc.alerts.service.PayloadService - ========= PAYLOAD PUBLISH JOB STARTED ==========
2026-03-09 09:10:32 [scheduling-1] INFO  c.poc.alerts.service.PayloadService - No payload found in DB
2026-03-09 09:10:32 [scheduling-1] INFO  c.poc.alerts.service.PayloadService - Waiting for payload insertion...
2026-03-09 09:10:32 [scheduling-1] INFO  c.p.a.scheduler.PayloadScheduler - Scheduler cycle completed
2026-03-09 09:10:32 [scheduling-1] INFO  c.p.a.scheduler.PayloadScheduler - =================================================
2026-03-09 09:10:42 [scheduling-1] INFO  c.p.a.scheduler.PayloadScheduler - =================================================
2026-03-09 09:10:42 [scheduling-1] INFO  c.p.a.scheduler.PayloadScheduler - Scheduler triggered : Checking DB for new payloads
2026-03-09 09:10:42 [scheduling-1] INFO  c.poc.alerts.service.PayloadService - ========= PAYLOAD PUBLISH JOB STARTED ==========
2026-03-09 09:10:42 [scheduling-1] INFO  c.poc.alerts.service.PayloadService - No payload found in DB
2026-03-09 09:10:42 [scheduling-1] INFO  c.poc.alerts.service.PayloadService - Waiting for payload insertion...
2026-03-09 09:10:42 [scheduling-1] INFO  c.p.a.scheduler.PayloadScheduler - Scheduler cycle completed
2026-03-09 09:10:42 [scheduling-1] INFO  c.p.a.scheduler.PayloadScheduler - =================================================
2026-03-09 09:10:52 [scheduling-1] INFO  c.p.a.scheduler.PayloadScheduler - =================================================
2026-03-09 09:10:52 [scheduling-1] INFO  c.p.a.scheduler.PayloadScheduler - Scheduler triggered : Checking DB for new payloads
2026-03-09 09:10:52 [scheduling-1] INFO  c.poc.alerts.service.PayloadService - ========= PAYLOAD PUBLISH JOB STARTED ==========
2026-03-09 09:10:52 [scheduling-1] INFO  c.poc.alerts.service.PayloadService - No payload found in DB
2026-03-09 09:10:52 [scheduling-1] INFO  c.poc.alerts.service.PayloadService - Waiting for payload insertion...
2026-03-09 09:10:52 [scheduling-1] INFO  c.p.a.scheduler.PayloadScheduler - Scheduler cycle completed
2026-03-09 09:10:52 [scheduling-1] INFO  c.p.a.scheduler.PayloadScheduler - =================================================
2026-03-09 09:11:02 [scheduling-1] INFO  c.p.a.scheduler.PayloadScheduler - =================================================
2026-03-09 09:11:02 [scheduling-1] INFO  c.p.a.scheduler.PayloadScheduler - Scheduler triggered : Checking DB for new payloads
2026-03-09 09:11:02 [scheduling-1] INFO  c.poc.alerts.service.PayloadService - ========= PAYLOAD PUBLISH JOB STARTED ==========
2026-03-09 09:11:02 [scheduling-1] INFO  c.poc.alerts.service.PayloadService - No payload found in DB
2026-03-09 09:11:02 [scheduling-1] INFO  c.poc.alerts.service.PayloadService - Waiting for payload insertion...
2026-03-09 09:11:02 [scheduling-1] INFO  c.p.a.scheduler.PayloadScheduler - Scheduler cycle completed
2026-03-09 09:11:02 [scheduling-1] INFO  c.p.a.scheduler.PayloadScheduler - =================================================
2026-03-09 09:11:12 [scheduling-1] INFO  c.p.a.scheduler.PayloadScheduler - =================================================
2026-03-09 09:11:12 [scheduling-1] INFO  c.p.a.scheduler.PayloadScheduler - Scheduler triggered : Checking DB for new payloads
2026-03-09 09:11:12 [scheduling-1] INFO  c.poc.alerts.service.PayloadService - ========= PAYLOAD PUBLISH JOB STARTED ==========
2026-03-09 09:11:12 [scheduling-1] INFO  c.poc.alerts.service.PayloadService - No payload found in DB
2026-03-09 09:11:12 [scheduling-1] INFO  c.poc.alerts.service.PayloadService - Waiting for payload insertion...
2026-03-09 09:11:12 [scheduling-1] INFO  c.p.a.scheduler.PayloadScheduler - Scheduler cycle completed
2026-03-09 09:11:12 [scheduling-1] INFO  c.p.a.scheduler.PayloadScheduler - =================================================
2026-03-09 09:11:22 [scheduling-1] INFO  c.p.a.scheduler.PayloadScheduler - =================================================
2026-03-09 09:11:22 [scheduling-1] INFO  c.p.a.scheduler.PayloadScheduler - Scheduler triggered : Checking DB for new payloads
2026-03-09 09:11:22 [scheduling-1] INFO  c.poc.alerts.service.PayloadService - ========= PAYLOAD PUBLISH JOB STARTED ==========
2026-03-09 09:11:22 [scheduling-1] INFO  c.poc.alerts.service.PayloadService - No payload found in DB
2026-03-09 09:11:22 [scheduling-1] INFO  c.poc.alerts.service.PayloadService - Waiting for payload insertion...
2026-03-09 09:11:22 [scheduling-1] INFO  c.p.a.scheduler.PayloadScheduler - Scheduler cycle completed
2026-03-09 09:11:22 [scheduling-1] INFO  c.p.a.scheduler.PayloadScheduler - =================================================
2026-03-09 09:11:32 [scheduling-1] INFO  c.p.a.scheduler.PayloadScheduler - =================================================
2026-03-09 09:11:32 [scheduling-1] INFO  c.p.a.scheduler.PayloadScheduler - Scheduler triggered : Checking DB for new payloads
2026-03-09 09:11:32 [scheduling-1] INFO  c.poc.alerts.service.PayloadService - ========= PAYLOAD PUBLISH JOB STARTED ==========
2026-03-09 09:11:32 [scheduling-1] INFO  c.poc.alerts.service.PayloadService - No payload found in DB
2026-03-09 09:11:32 [scheduling-1] INFO  c.poc.alerts.service.PayloadService - Waiting for payload insertion...
2026-03-09 09:11:32 [scheduling-1] INFO  c.p.a.scheduler.PayloadScheduler - Scheduler cycle completed
2026-03-09 09:11:32 [scheduling-1] INFO  c.p.a.scheduler.PayloadScheduler - =================================================
2026-03-09 09:11:42 [scheduling-1] INFO  c.p.a.scheduler.PayloadScheduler - =================================================
2026-03-09 09:11:42 [scheduling-1] INFO  c.p.a.scheduler.PayloadScheduler - Scheduler triggered : Checking DB for new payloads
2026-03-09 09:11:42 [scheduling-1] INFO  c.poc.alerts.service.PayloadService - ========= PAYLOAD PUBLISH JOB STARTED ==========
2026-03-09 09:11:42 [scheduling-1] INFO  c.poc.alerts.service.PayloadService - No payload found in DB
2026-03-09 09:11:42 [scheduling-1] INFO  c.poc.alerts.service.PayloadService - Waiting for payload insertion...
2026-03-09 09:11:42 [scheduling-1] INFO  c.p.a.scheduler.PayloadScheduler - Scheduler cycle completed
2026-03-09 09:11:42 [scheduling-1] INFO  c.p.a.scheduler.PayloadScheduler - =================================================
2026-03-09 09:11:52 [scheduling-1] INFO  c.p.a.scheduler.PayloadScheduler - =================================================
2026-03-09 09:11:52 [scheduling-1] INFO  c.p.a.scheduler.PayloadScheduler - Scheduler triggered : Checking DB for new payloads
2026-03-09 09:11:52 [scheduling-1] INFO  c.poc.alerts.service.PayloadService - ========= PAYLOAD PUBLISH JOB STARTED ==========
2026-03-09 09:11:52 [scheduling-1] INFO  c.poc.alerts.service.PayloadService - No payload found in DB
2026-03-09 09:11:52 [scheduling-1] INFO  c.poc.alerts.service.PayloadService - Waiting for payload insertion...
2026-03-09 09:11:52 [scheduling-1] INFO  c.p.a.scheduler.PayloadScheduler - Scheduler cycle completed
2026-03-09 09:11:52 [scheduling-1] INFO  c.p.a.scheduler.PayloadScheduler - =================================================
2026-03-09 09:12:02 [scheduling-1] INFO  c.p.a.scheduler.PayloadScheduler - =================================================
2026-03-09 09:12:02 [scheduling-1] INFO  c.p.a.scheduler.PayloadScheduler - Scheduler triggered : Checking DB for new payloads
2026-03-09 09:12:02 [scheduling-1] INFO  c.poc.alerts.service.PayloadService - ========= PAYLOAD PUBLISH JOB STARTED ==========
2026-03-09 09:12:02 [scheduling-1] INFO  c.poc.alerts.service.PayloadService - No payload found in DB
2026-03-09 09:12:02 [scheduling-1] INFO  c.poc.alerts.service.PayloadService - Waiting for payload insertion...
2026-03-09 09:12:02 [scheduling-1] INFO  c.p.a.scheduler.PayloadScheduler - Scheduler cycle completed
2026-03-09 09:12:02 [scheduling-1] INFO  c.p.a.scheduler.PayloadScheduler - =================================================
2026-03-09 09:12:12 [scheduling-1] INFO  c.p.a.scheduler.PayloadScheduler - =================================================
2026-03-09 09:12:12 [scheduling-1] INFO  c.p.a.scheduler.PayloadScheduler - Scheduler triggered : Checking DB for new payloads
2026-03-09 09:12:12 [scheduling-1] INFO  c.poc.alerts.service.PayloadService - ========= PAYLOAD PUBLISH JOB STARTED ==========
2026-03-09 09:12:12 [scheduling-1] INFO  c.poc.alerts.service.PayloadService - No payload found in DB
2026-03-09 09:12:12 [scheduling-1] INFO  c.poc.alerts.service.PayloadService - Waiting for payload insertion...
2026-03-09 09:12:12 [scheduling-1] INFO  c.p.a.scheduler.PayloadScheduler - Scheduler cycle completed
2026-03-09 09:12:12 [scheduling-1] INFO  c.p.a.scheduler.PayloadScheduler - =================================================
2026-03-09 09:12:22 [scheduling-1] INFO  c.p.a.scheduler.PayloadScheduler - =================================================
2026-03-09 09:12:22 [scheduling-1] INFO  c.p.a.scheduler.PayloadScheduler - Scheduler triggered : Checking DB for new payloads
2026-03-09 09:12:22 [scheduling-1] INFO  c.poc.alerts.service.PayloadService - ========= PAYLOAD PUBLISH JOB STARTED ==========
2026-03-09 09:12:22 [scheduling-1] INFO  c.poc.alerts.service.PayloadService - No payload found in DB
2026-03-09 09:12:22 [scheduling-1] INFO  c.poc.alerts.service.PayloadService - Waiting for payload insertion...
2026-03-09 09:12:22 [scheduling-1] INFO  c.p.a.scheduler.PayloadScheduler - Scheduler cycle completed
2026-03-09 09:12:22 [scheduling-1] INFO  c.p.a.scheduler.PayloadScheduler - =================================================
2026-03-09 09:12:32 [scheduling-1] INFO  c.p.a.scheduler.PayloadScheduler - =================================================
2026-03-09 09:12:32 [scheduling-1] INFO  c.p.a.scheduler.PayloadScheduler - Scheduler triggered : Checking DB for new payloads
2026-03-09 09:12:32 [scheduling-1] INFO  c.poc.alerts.service.PayloadService - ========= PAYLOAD PUBLISH JOB STARTED ==========
2026-03-09 09:12:32 [scheduling-1] INFO  c.poc.alerts.service.PayloadService - No payload found in DB
2026-03-09 09:12:32 [scheduling-1] INFO  c.poc.alerts.service.PayloadService - Waiting for payload insertion...
2026-03-09 09:12:32 [scheduling-1] INFO  c.p.a.scheduler.PayloadScheduler - Scheduler cycle completed
2026-03-09 09:12:32 [scheduling-1] INFO  c.p.a.scheduler.PayloadScheduler - =================================================
2026-03-09 09:12:42 [kafka-producer-network-thread | Producer_Setup-producer-1] INFO  o.apache.kafka.clients.NetworkClient - [Producer clientId=Producer_Setup-producer-1] Node -1 disconnected.
2026-03-09 09:12:42 [scheduling-1] INFO  c.p.a.scheduler.PayloadScheduler - =================================================
2026-03-09 09:12:42 [scheduling-1] INFO  c.p.a.scheduler.PayloadScheduler - Scheduler triggered : Checking DB for new payloads
2026-03-09 09:12:42 [scheduling-1] INFO  c.poc.alerts.service.PayloadService - ========= PAYLOAD PUBLISH JOB STARTED ==========
2026-03-09 09:12:42 [scheduling-1] INFO  c.poc.alerts.service.PayloadService - No payload found in DB
2026-03-09 09:12:42 [scheduling-1] INFO  c.poc.alerts.service.PayloadService - Waiting for payload insertion...
2026-03-09 09:12:42 [scheduling-1] INFO  c.p.a.scheduler.PayloadScheduler - Scheduler cycle completed
2026-03-09 09:12:42 [scheduling-1] INFO  c.p.a.scheduler.PayloadScheduler - =================================================
2026-03-09 09:12:52 [scheduling-1] INFO  c.p.a.scheduler.PayloadScheduler - =================================================
2026-03-09 09:12:52 [scheduling-1] INFO  c.p.a.scheduler.PayloadScheduler - Scheduler triggered : Checking DB for new payloads
2026-03-09 09:12:52 [scheduling-1] INFO  c.poc.alerts.service.PayloadService - ========= PAYLOAD PUBLISH JOB STARTED ==========
2026-03-09 09:12:52 [scheduling-1] INFO  c.poc.alerts.service.PayloadService - No payload found in DB
2026-03-09 09:12:52 [scheduling-1] INFO  c.poc.alerts.service.PayloadService - Waiting for payload insertion...
2026-03-09 09:12:52 [scheduling-1] INFO  c.p.a.scheduler.PayloadScheduler - Scheduler cycle completed
2026-03-09 09:12:52 [scheduling-1] INFO  c.p.a.scheduler.PayloadScheduler - =================================================
2026-03-09 09:13:02 [scheduling-1] INFO  c.p.a.scheduler.PayloadScheduler - =================================================
2026-03-09 09:13:02 [scheduling-1] INFO  c.p.a.scheduler.PayloadScheduler - Scheduler triggered : Checking DB for new payloads
2026-03-09 09:13:02 [scheduling-1] INFO  c.poc.alerts.service.PayloadService - ========= PAYLOAD PUBLISH JOB STARTED ==========
2026-03-09 09:13:02 [scheduling-1] INFO  c.poc.alerts.service.PayloadService - No payload found in DB
2026-03-09 09:13:02 [scheduling-1] INFO  c.poc.alerts.service.PayloadService - Waiting for payload insertion...
2026-03-09 09:13:02 [scheduling-1] INFO  c.p.a.scheduler.PayloadScheduler - Scheduler cycle completed
2026-03-09 09:13:02 [scheduling-1] INFO  c.p.a.scheduler.PayloadScheduler - =================================================
2026-03-09 09:13:12 [scheduling-1] INFO  c.p.a.scheduler.PayloadScheduler - =================================================
2026-03-09 09:13:12 [scheduling-1] INFO  c.p.a.scheduler.PayloadScheduler - Scheduler triggered : Checking DB for new payloads
2026-03-09 09:13:12 [scheduling-1] INFO  c.poc.alerts.service.PayloadService - ========= PAYLOAD PUBLISH JOB STARTED ==========
2026-03-09 09:13:12 [scheduling-1] INFO  c.poc.alerts.service.PayloadService - No payload found in DB
2026-03-09 09:13:12 [scheduling-1] INFO  c.poc.alerts.service.PayloadService - Waiting for payload insertion...
2026-03-09 09:13:12 [scheduling-1] INFO  c.p.a.scheduler.PayloadScheduler - Scheduler cycle completed
2026-03-09 09:13:12 [scheduling-1] INFO  c.p.a.scheduler.PayloadScheduler - =================================================
2026-03-09 09:13:22 [scheduling-1] INFO  c.p.a.scheduler.PayloadScheduler - =================================================
2026-03-09 09:13:22 [scheduling-1] INFO  c.p.a.scheduler.PayloadScheduler - Scheduler triggered : Checking DB for new payloads
2026-03-09 09:13:22 [scheduling-1] INFO  c.poc.alerts.service.PayloadService - ========= PAYLOAD PUBLISH JOB STARTED ==========
2026-03-09 09:13:22 [scheduling-1] INFO  c.poc.alerts.service.PayloadService - No payload found in DB
2026-03-09 09:13:22 [scheduling-1] INFO  c.poc.alerts.service.PayloadService - Waiting for payload insertion...
2026-03-09 09:13:22 [scheduling-1] INFO  c.p.a.scheduler.PayloadScheduler - Scheduler cycle completed
2026-03-09 09:13:22 [scheduling-1] INFO  c.p.a.scheduler.PayloadScheduler - =================================================
2026-03-09 09:13:32 [scheduling-1] INFO  c.p.a.scheduler.PayloadScheduler - =================================================
2026-03-09 09:13:32 [scheduling-1] INFO  c.p.a.scheduler.PayloadScheduler - Scheduler triggered : Checking DB for new payloads
2026-03-09 09:13:32 [scheduling-1] INFO  c.poc.alerts.service.PayloadService - ========= PAYLOAD PUBLISH JOB STARTED ==========
2026-03-09 09:13:32 [scheduling-1] INFO  c.poc.alerts.service.PayloadService - No payload found in DB
2026-03-09 09:13:32 [scheduling-1] INFO  c.poc.alerts.service.PayloadService - Waiting for payload insertion...
2026-03-09 09:13:32 [scheduling-1] INFO  c.p.a.scheduler.PayloadScheduler - Scheduler cycle completed
2026-03-09 09:13:32 [scheduling-1] INFO  c.p.a.scheduler.PayloadScheduler - =================================================
2026-03-09 09:13:42 [scheduling-1] INFO  c.p.a.scheduler.PayloadScheduler - =================================================
2026-03-09 09:13:42 [scheduling-1] INFO  c.p.a.scheduler.PayloadScheduler - Scheduler triggered : Checking DB for new payloads
2026-03-09 09:13:42 [scheduling-1] INFO  c.poc.alerts.service.PayloadService - ========= PAYLOAD PUBLISH JOB STARTED ==========
2026-03-09 09:13:42 [scheduling-1] INFO  c.poc.alerts.service.PayloadService - No payload found in DB
2026-03-09 09:13:42 [scheduling-1] INFO  c.poc.alerts.service.PayloadService - Waiting for payload insertion...
2026-03-09 09:13:42 [scheduling-1] INFO  c.p.a.scheduler.PayloadScheduler - Scheduler cycle completed
2026-03-09 09:13:42 [scheduling-1] INFO  c.p.a.scheduler.PayloadScheduler - =================================================
2026-03-09 09:13:52 [scheduling-1] INFO  c.p.a.scheduler.PayloadScheduler - =================================================
2026-03-09 09:13:52 [scheduling-1] INFO  c.p.a.scheduler.PayloadScheduler - Scheduler triggered : Checking DB for new payloads
2026-03-09 09:13:52 [scheduling-1] INFO  c.poc.alerts.service.PayloadService - ========= PAYLOAD PUBLISH JOB STARTED ==========
2026-03-09 09:13:52 [scheduling-1] INFO  c.poc.alerts.service.PayloadService - No payload found in DB
2026-03-09 09:13:52 [scheduling-1] INFO  c.poc.alerts.service.PayloadService - Waiting for payload insertion...
2026-03-09 09:13:52 [scheduling-1] INFO  c.p.a.scheduler.PayloadScheduler - Scheduler cycle completed
2026-03-09 09:13:52 [scheduling-1] INFO  c.p.a.scheduler.PayloadScheduler - =================================================
2026-03-09 09:14:02 [scheduling-1] INFO  c.p.a.scheduler.PayloadScheduler - =================================================
2026-03-09 09:14:02 [scheduling-1] INFO  c.p.a.scheduler.PayloadScheduler - Scheduler triggered : Checking DB for new payloads
2026-03-09 09:14:02 [scheduling-1] INFO  c.poc.alerts.service.PayloadService - ========= PAYLOAD PUBLISH JOB STARTED ==========
2026-03-09 09:14:02 [scheduling-1] INFO  c.poc.alerts.service.PayloadService - No payload found in DB
2026-03-09 09:14:02 [scheduling-1] INFO  c.poc.alerts.service.PayloadService - Waiting for payload insertion...
2026-03-09 09:14:02 [scheduling-1] INFO  c.p.a.scheduler.PayloadScheduler - Scheduler cycle completed
2026-03-09 09:14:02 [scheduling-1] INFO  c.p.a.scheduler.PayloadScheduler - =================================================
2026-03-09 09:14:12 [scheduling-1] INFO  c.p.a.scheduler.PayloadScheduler - =================================================
2026-03-09 09:14:12 [scheduling-1] INFO  c.p.a.scheduler.PayloadScheduler - Scheduler triggered : Checking DB for new payloads
2026-03-09 09:14:12 [scheduling-1] INFO  c.poc.alerts.service.PayloadService - ========= PAYLOAD PUBLISH JOB STARTED ==========
2026-03-09 09:14:12 [scheduling-1] INFO  c.poc.alerts.service.PayloadService - No payload found in DB
2026-03-09 09:14:12 [scheduling-1] INFO  c.poc.alerts.service.PayloadService - Waiting for payload insertion...
2026-03-09 09:14:12 [scheduling-1] INFO  c.p.a.scheduler.PayloadScheduler - Scheduler cycle completed
2026-03-09 09:14:12 [scheduling-1] INFO  c.p.a.scheduler.PayloadScheduler - =================================================
2026-03-09 09:14:22 [scheduling-1] INFO  c.p.a.scheduler.PayloadScheduler - =================================================
2026-03-09 09:14:22 [scheduling-1] INFO  c.p.a.scheduler.PayloadScheduler - Scheduler triggered : Checking DB for new payloads
2026-03-09 09:14:22 [scheduling-1] INFO  c.poc.alerts.service.PayloadService - ========= PAYLOAD PUBLISH JOB STARTED ==========
2026-03-09 09:14:22 [scheduling-1] INFO  c.poc.alerts.service.PayloadService - No payload found in DB
2026-03-09 09:14:22 [scheduling-1] INFO  c.poc.alerts.service.PayloadService - Waiting for payload insertion...
2026-03-09 09:14:22 [scheduling-1] INFO  c.p.a.scheduler.PayloadScheduler - Scheduler cycle completed
2026-03-09 09:14:22 [scheduling-1] INFO  c.p.a.scheduler.PayloadScheduler - =================================================
2026-03-09 09:14:32 [scheduling-1] INFO  c.p.a.scheduler.PayloadScheduler - =================================================
2026-03-09 09:14:32 [scheduling-1] INFO  c.p.a.scheduler.PayloadScheduler - Scheduler triggered : Checking DB for new payloads
2026-03-09 09:14:32 [scheduling-1] INFO  c.poc.alerts.service.PayloadService - ========= PAYLOAD PUBLISH JOB STARTED ==========
2026-03-09 09:14:32 [scheduling-1] INFO  c.poc.alerts.service.PayloadService - No payload found in DB
2026-03-09 09:14:32 [scheduling-1] INFO  c.poc.alerts.service.PayloadService - Waiting for payload insertion...
2026-03-09 09:14:32 [scheduling-1] INFO  c.p.a.scheduler.PayloadScheduler - Scheduler cycle completed
2026-03-09 09:14:32 [scheduling-1] INFO  c.p.a.scheduler.PayloadScheduler - =================================================
2026-03-09 09:14:42 [scheduling-1] INFO  c.p.a.scheduler.PayloadScheduler - =================================================
2026-03-09 09:14:42 [scheduling-1] INFO  c.p.a.scheduler.PayloadScheduler - Scheduler triggered : Checking DB for new payloads
2026-03-09 09:14:42 [scheduling-1] INFO  c.poc.alerts.service.PayloadService - ========= PAYLOAD PUBLISH JOB STARTED ==========
2026-03-09 09:14:42 [scheduling-1] INFO  c.poc.alerts.service.PayloadService - No payload found in DB
2026-03-09 09:14:42 [scheduling-1] INFO  c.poc.alerts.service.PayloadService - Waiting for payload insertion...
2026-03-09 09:14:42 [scheduling-1] INFO  c.p.a.scheduler.PayloadScheduler - Scheduler cycle completed
2026-03-09 09:14:42 [scheduling-1] INFO  c.p.a.scheduler.PayloadScheduler - =================================================
2026-03-09 09:14:52 [scheduling-1] INFO  c.p.a.scheduler.PayloadScheduler - =================================================
2026-03-09 09:14:52 [scheduling-1] INFO  c.p.a.scheduler.PayloadScheduler - Scheduler triggered : Checking DB for new payloads
2026-03-09 09:14:52 [scheduling-1] INFO  c.poc.alerts.service.PayloadService - ========= PAYLOAD PUBLISH JOB STARTED ==========
2026-03-09 09:14:52 [scheduling-1] INFO  c.poc.alerts.service.PayloadService - No payload found in DB
2026-03-09 09:14:52 [scheduling-1] INFO  c.poc.alerts.service.PayloadService - Waiting for payload insertion...
2026-03-09 09:14:52 [scheduling-1] INFO  c.p.a.scheduler.PayloadScheduler - Scheduler cycle completed
2026-03-09 09:14:52 [scheduling-1] INFO  c.p.a.scheduler.PayloadScheduler - =================================================
2026-03-09 09:15:02 [scheduling-1] INFO  c.p.a.scheduler.PayloadScheduler - =================================================
2026-03-09 09:15:02 [scheduling-1] INFO  c.p.a.scheduler.PayloadScheduler - Scheduler triggered : Checking DB for new payloads
2026-03-09 09:15:02 [scheduling-1] INFO  c.poc.alerts.service.PayloadService - ========= PAYLOAD PUBLISH JOB STARTED ==========
2026-03-09 09:15:02 [scheduling-1] INFO  c.poc.alerts.service.PayloadService - No payload found in DB
2026-03-09 09:15:02 [scheduling-1] INFO  c.poc.alerts.service.PayloadService - Waiting for payload insertion...
2026-03-09 09:15:02 [scheduling-1] INFO  c.p.a.scheduler.PayloadScheduler - Scheduler cycle completed
2026-03-09 09:15:02 [scheduling-1] INFO  c.p.a.scheduler.PayloadScheduler - =================================================
2026-03-09 09:15:12 [scheduling-1] INFO  c.p.a.scheduler.PayloadScheduler - =================================================
2026-03-09 09:15:12 [scheduling-1] INFO  c.p.a.scheduler.PayloadScheduler - Scheduler triggered : Checking DB for new payloads
2026-03-09 09:15:12 [scheduling-1] INFO  c.poc.alerts.service.PayloadService - ========= PAYLOAD PUBLISH JOB STARTED ==========
2026-03-09 09:15:12 [scheduling-1] INFO  c.poc.alerts.service.PayloadService - No payload found in DB
2026-03-09 09:15:12 [scheduling-1] INFO  c.poc.alerts.service.PayloadService - Waiting for payload insertion...
2026-03-09 09:15:12 [scheduling-1] INFO  c.p.a.scheduler.PayloadScheduler - Scheduler cycle completed
2026-03-09 09:15:12 [scheduling-1] INFO  c.p.a.scheduler.PayloadScheduler - =================================================
2026-03-09 09:15:22 [scheduling-1] INFO  c.p.a.scheduler.PayloadScheduler - =================================================
2026-03-09 09:15:22 [scheduling-1] INFO  c.p.a.scheduler.PayloadScheduler - Scheduler triggered : Checking DB for new payloads
2026-03-09 09:15:22 [scheduling-1] INFO  c.poc.alerts.service.PayloadService - ========= PAYLOAD PUBLISH JOB STARTED ==========
2026-03-09 09:15:22 [scheduling-1] INFO  c.poc.alerts.service.PayloadService - No payload found in DB
2026-03-09 09:15:22 [scheduling-1] INFO  c.poc.alerts.service.PayloadService - Waiting for payload insertion...
2026-03-09 09:15:22 [scheduling-1] INFO  c.p.a.scheduler.PayloadScheduler - Scheduler cycle completed
2026-03-09 09:15:22 [scheduling-1] INFO  c.p.a.scheduler.PayloadScheduler - =================================================
2026-03-09 09:15:32 [scheduling-1] INFO  c.p.a.scheduler.PayloadScheduler - =================================================
2026-03-09 09:15:32 [scheduling-1] INFO  c.p.a.scheduler.PayloadScheduler - Scheduler triggered : Checking DB for new payloads
2026-03-09 09:15:32 [scheduling-1] INFO  c.poc.alerts.service.PayloadService - ========= PAYLOAD PUBLISH JOB STARTED ==========
2026-03-09 09:15:32 [scheduling-1] INFO  c.poc.alerts.service.PayloadService - No payload found in DB
2026-03-09 09:15:32 [scheduling-1] INFO  c.poc.alerts.service.PayloadService - Waiting for payload insertion...
2026-03-09 09:15:32 [scheduling-1] INFO  c.p.a.scheduler.PayloadScheduler - Scheduler cycle completed
2026-03-09 09:15:32 [scheduling-1] INFO  c.p.a.scheduler.PayloadScheduler - =================================================
2026-03-09 09:15:42 [scheduling-1] INFO  c.p.a.scheduler.PayloadScheduler - =================================================
2026-03-09 09:15:42 [scheduling-1] INFO  c.p.a.scheduler.PayloadScheduler - Scheduler triggered : Checking DB for new payloads
2026-03-09 09:15:42 [scheduling-1] INFO  c.poc.alerts.service.PayloadService - ========= PAYLOAD PUBLISH JOB STARTED ==========
2026-03-09 09:15:42 [scheduling-1] INFO  c.poc.alerts.service.PayloadService - No payload found in DB
2026-03-09 09:15:42 [scheduling-1] INFO  c.poc.alerts.service.PayloadService - Waiting for payload insertion...
2026-03-09 09:15:42 [scheduling-1] INFO  c.p.a.scheduler.PayloadScheduler - Scheduler cycle completed
2026-03-09 09:15:42 [scheduling-1] INFO  c.p.a.scheduler.PayloadScheduler - =================================================
2026-03-09 09:15:52 [scheduling-1] INFO  c.p.a.scheduler.PayloadScheduler - =================================================
2026-03-09 09:15:52 [scheduling-1] INFO  c.p.a.scheduler.PayloadScheduler - Scheduler triggered : Checking DB for new payloads
2026-03-09 09:15:52 [scheduling-1] INFO  c.poc.alerts.service.PayloadService - ========= PAYLOAD PUBLISH JOB STARTED ==========
2026-03-09 09:15:52 [scheduling-1] INFO  c.poc.alerts.service.PayloadService - No payload found in DB
2026-03-09 09:15:52 [scheduling-1] INFO  c.poc.alerts.service.PayloadService - Waiting for payload insertion...
2026-03-09 09:15:52 [scheduling-1] INFO  c.p.a.scheduler.PayloadScheduler - Scheduler cycle completed
2026-03-09 09:15:52 [scheduling-1] INFO  c.p.a.scheduler.PayloadScheduler - =================================================
2026-03-09 09:16:02 [scheduling-1] INFO  c.p.a.scheduler.PayloadScheduler - =================================================
2026-03-09 09:16:02 [scheduling-1] INFO  c.p.a.scheduler.PayloadScheduler - Scheduler triggered : Checking DB for new payloads
2026-03-09 09:16:02 [scheduling-1] INFO  c.poc.alerts.service.PayloadService - ========= PAYLOAD PUBLISH JOB STARTED ==========
2026-03-09 09:16:02 [scheduling-1] INFO  c.poc.alerts.service.PayloadService - No payload found in DB
2026-03-09 09:16:02 [scheduling-1] INFO  c.poc.alerts.service.PayloadService - Waiting for payload insertion...
2026-03-09 09:16:02 [scheduling-1] INFO  c.p.a.scheduler.PayloadScheduler - Scheduler cycle completed
2026-03-09 09:16:02 [scheduling-1] INFO  c.p.a.scheduler.PayloadScheduler - =================================================
2026-03-09 09:16:12 [scheduling-1] INFO  c.p.a.scheduler.PayloadScheduler - =================================================
2026-03-09 09:16:12 [scheduling-1] INFO  c.p.a.scheduler.PayloadScheduler - Scheduler triggered : Checking DB for new payloads
2026-03-09 09:16:12 [scheduling-1] INFO  c.poc.alerts.service.PayloadService - ========= PAYLOAD PUBLISH JOB STARTED ==========
2026-03-09 09:16:12 [scheduling-1] INFO  c.poc.alerts.service.PayloadService - No payload found in DB
2026-03-09 09:16:12 [scheduling-1] INFO  c.poc.alerts.service.PayloadService - Waiting for payload insertion...
2026-03-09 09:16:12 [scheduling-1] INFO  c.p.a.scheduler.PayloadScheduler - Scheduler cycle completed
2026-03-09 09:16:12 [scheduling-1] INFO  c.p.a.scheduler.PayloadScheduler - =================================================
2026-03-09 09:16:22 [scheduling-1] INFO  c.p.a.scheduler.PayloadScheduler - =================================================
2026-03-09 09:16:22 [scheduling-1] INFO  c.p.a.scheduler.PayloadScheduler - Scheduler triggered : Checking DB for new payloads
2026-03-09 09:16:22 [scheduling-1] INFO  c.poc.alerts.service.PayloadService - ========= PAYLOAD PUBLISH JOB STARTED ==========
2026-03-09 09:16:22 [scheduling-1] INFO  c.poc.alerts.service.PayloadService - No payload found in DB
2026-03-09 09:16:22 [scheduling-1] INFO  c.poc.alerts.service.PayloadService - Waiting for payload insertion...
2026-03-09 09:16:22 [scheduling-1] INFO  c.p.a.scheduler.PayloadScheduler - Scheduler cycle completed
2026-03-09 09:16:22 [scheduling-1] INFO  c.p.a.scheduler.PayloadScheduler - =================================================
2026-03-09 09:16:32 [scheduling-1] INFO  c.p.a.scheduler.PayloadScheduler - =================================================
2026-03-09 09:16:32 [scheduling-1] INFO  c.p.a.scheduler.PayloadScheduler - Scheduler triggered : Checking DB for new payloads
2026-03-09 09:16:32 [scheduling-1] INFO  c.poc.alerts.service.PayloadService - ========= PAYLOAD PUBLISH JOB STARTED ==========
2026-03-09 09:16:32 [scheduling-1] INFO  c.poc.alerts.service.PayloadService - No payload found in DB
2026-03-09 09:16:32 [scheduling-1] INFO  c.poc.alerts.service.PayloadService - Waiting for payload insertion...
2026-03-09 09:16:32 [scheduling-1] INFO  c.p.a.scheduler.PayloadScheduler - Scheduler cycle completed
2026-03-09 09:16:32 [scheduling-1] INFO  c.p.a.scheduler.PayloadScheduler - =================================================
2026-03-09 09:16:42 [scheduling-1] INFO  c.p.a.scheduler.PayloadScheduler - =================================================
2026-03-09 09:16:42 [scheduling-1] INFO  c.p.a.scheduler.PayloadScheduler - Scheduler triggered : Checking DB for new payloads
2026-03-09 09:16:42 [scheduling-1] INFO  c.poc.alerts.service.PayloadService - ========= PAYLOAD PUBLISH JOB STARTED ==========
2026-03-09 09:16:42 [scheduling-1] INFO  c.poc.alerts.service.PayloadService - No payload found in DB
2026-03-09 09:16:42 [scheduling-1] INFO  c.poc.alerts.service.PayloadService - Waiting for payload insertion...
2026-03-09 09:16:42 [scheduling-1] INFO  c.p.a.scheduler.PayloadScheduler - Scheduler cycle completed
2026-03-09 09:16:42 [scheduling-1] INFO  c.p.a.scheduler.PayloadScheduler - =================================================
2026-03-09 09:16:52 [scheduling-1] INFO  c.p.a.scheduler.PayloadScheduler - =================================================
2026-03-09 09:16:52 [scheduling-1] INFO  c.p.a.scheduler.PayloadScheduler - Scheduler triggered : Checking DB for new payloads
2026-03-09 09:16:52 [scheduling-1] INFO  c.poc.alerts.service.PayloadService - ========= PAYLOAD PUBLISH JOB STARTED ==========
2026-03-09 09:16:52 [scheduling-1] INFO  c.poc.alerts.service.PayloadService - No payload found in DB
2026-03-09 09:16:52 [scheduling-1] INFO  c.poc.alerts.service.PayloadService - Waiting for payload insertion...
2026-03-09 09:16:52 [scheduling-1] INFO  c.p.a.scheduler.PayloadScheduler - Scheduler cycle completed
2026-03-09 09:16:52 [scheduling-1] INFO  c.p.a.scheduler.PayloadScheduler - =================================================
2026-03-09 09:17:02 [scheduling-1] INFO  c.p.a.scheduler.PayloadScheduler - =================================================
2026-03-09 09:17:02 [scheduling-1] INFO  c.p.a.scheduler.PayloadScheduler - Scheduler triggered : Checking DB for new payloads
2026-03-09 09:17:02 [scheduling-1] INFO  c.poc.alerts.service.PayloadService - ========= PAYLOAD PUBLISH JOB STARTED ==========
2026-03-09 09:17:02 [scheduling-1] INFO  c.poc.alerts.service.PayloadService - No payload found in DB
2026-03-09 09:17:02 [scheduling-1] INFO  c.poc.alerts.service.PayloadService - Waiting for payload insertion...
2026-03-09 09:17:02 [scheduling-1] INFO  c.p.a.scheduler.PayloadScheduler - Scheduler cycle completed
2026-03-09 09:17:02 [scheduling-1] INFO  c.p.a.scheduler.PayloadScheduler - =================================================
2026-03-09 09:17:12 [scheduling-1] INFO  c.p.a.scheduler.PayloadScheduler - =================================================
2026-03-09 09:17:12 [scheduling-1] INFO  c.p.a.scheduler.PayloadScheduler - Scheduler triggered : Checking DB for new payloads
2026-03-09 09:17:12 [scheduling-1] INFO  c.poc.alerts.service.PayloadService - ========= PAYLOAD PUBLISH JOB STARTED ==========
2026-03-09 09:17:12 [scheduling-1] INFO  c.poc.alerts.service.PayloadService - No payload found in DB
2026-03-09 09:17:12 [scheduling-1] INFO  c.poc.alerts.service.PayloadService - Waiting for payload insertion...
2026-03-09 09:17:12 [scheduling-1] INFO  c.p.a.scheduler.PayloadScheduler - Scheduler cycle completed
2026-03-09 09:17:12 [scheduling-1] INFO  c.p.a.scheduler.PayloadScheduler - =================================================
2026-03-09 09:17:22 [scheduling-1] INFO  c.p.a.scheduler.PayloadScheduler - =================================================
2026-03-09 09:17:22 [scheduling-1] INFO  c.p.a.scheduler.PayloadScheduler - Scheduler triggered : Checking DB for new payloads
2026-03-09 09:17:22 [scheduling-1] INFO  c.poc.alerts.service.PayloadService - ========= PAYLOAD PUBLISH JOB STARTED ==========
2026-03-09 09:17:22 [scheduling-1] INFO  c.poc.alerts.service.PayloadService - No payload found in DB
2026-03-09 09:17:22 [scheduling-1] INFO  c.poc.alerts.service.PayloadService - Waiting for payload insertion...
2026-03-09 09:17:22 [scheduling-1] INFO  c.p.a.scheduler.PayloadScheduler - Scheduler cycle completed
2026-03-09 09:17:22 [scheduling-1] INFO  c.p.a.scheduler.PayloadScheduler - =================================================
2026-03-09 09:17:32 [scheduling-1] INFO  c.p.a.scheduler.PayloadScheduler - =================================================
2026-03-09 09:17:32 [scheduling-1] INFO  c.p.a.scheduler.PayloadScheduler - Scheduler triggered : Checking DB for new payloads
2026-03-09 09:17:32 [scheduling-1] INFO  c.poc.alerts.service.PayloadService - ========= PAYLOAD PUBLISH JOB STARTED ==========
2026-03-09 09:17:32 [scheduling-1] INFO  c.poc.alerts.service.PayloadService - No payload found in DB
2026-03-09 09:17:32 [scheduling-1] INFO  c.poc.alerts.service.PayloadService - Waiting for payload insertion...
2026-03-09 09:17:32 [scheduling-1] INFO  c.p.a.scheduler.PayloadScheduler - Scheduler cycle completed
2026-03-09 09:17:32 [scheduling-1] INFO  c.p.a.scheduler.PayloadScheduler - =================================================
2026-03-09 09:17:42 [scheduling-1] INFO  c.p.a.scheduler.PayloadScheduler - =================================================
2026-03-09 09:17:42 [scheduling-1] INFO  c.p.a.scheduler.PayloadScheduler - Scheduler triggered : Checking DB for new payloads
2026-03-09 09:17:42 [scheduling-1] INFO  c.poc.alerts.service.PayloadService - ========= PAYLOAD PUBLISH JOB STARTED ==========
2026-03-09 09:17:42 [scheduling-1] INFO  c.poc.alerts.service.PayloadService - No payload found in DB
2026-03-09 09:17:42 [scheduling-1] INFO  c.poc.alerts.service.PayloadService - Waiting for payload insertion...
2026-03-09 09:17:42 [scheduling-1] INFO  c.p.a.scheduler.PayloadScheduler - Scheduler cycle completed
2026-03-09 09:17:42 [scheduling-1] INFO  c.p.a.scheduler.PayloadScheduler - =================================================
2026-03-09 09:17:52 [scheduling-1] INFO  c.p.a.scheduler.PayloadScheduler - =================================================
2026-03-09 09:17:52 [scheduling-1] INFO  c.p.a.scheduler.PayloadScheduler - Scheduler triggered : Checking DB for new payloads
2026-03-09 09:17:52 [scheduling-1] INFO  c.poc.alerts.service.PayloadService - ========= PAYLOAD PUBLISH JOB STARTED ==========
2026-03-09 09:17:52 [scheduling-1] INFO  c.poc.alerts.service.PayloadService - No payload found in DB
2026-03-09 09:17:52 [scheduling-1] INFO  c.poc.alerts.service.PayloadService - Waiting for payload insertion...
2026-03-09 09:17:52 [scheduling-1] INFO  c.p.a.scheduler.PayloadScheduler - Scheduler cycle completed
2026-03-09 09:17:52 [scheduling-1] INFO  c.p.a.scheduler.PayloadScheduler - =================================================
2026-03-09 09:18:02 [scheduling-1] INFO  c.p.a.scheduler.PayloadScheduler - =================================================
2026-03-09 09:18:02 [scheduling-1] INFO  c.p.a.scheduler.PayloadScheduler - Scheduler triggered : Checking DB for new payloads
2026-03-09 09:18:02 [scheduling-1] INFO  c.poc.alerts.service.PayloadService - ========= PAYLOAD PUBLISH JOB STARTED ==========
2026-03-09 09:18:02 [scheduling-1] INFO  c.poc.alerts.service.PayloadService - No payload found in DB
2026-03-09 09:18:02 [scheduling-1] INFO  c.poc.alerts.service.PayloadService - Waiting for payload insertion...
2026-03-09 09:18:02 [scheduling-1] INFO  c.p.a.scheduler.PayloadScheduler - Scheduler cycle completed
2026-03-09 09:18:02 [scheduling-1] INFO  c.p.a.scheduler.PayloadScheduler - =================================================
2026-03-09 09:18:12 [scheduling-1] INFO  c.p.a.scheduler.PayloadScheduler - =================================================
2026-03-09 09:18:12 [scheduling-1] INFO  c.p.a.scheduler.PayloadScheduler - Scheduler triggered : Checking DB for new payloads
2026-03-09 09:18:12 [scheduling-1] INFO  c.poc.alerts.service.PayloadService - ========= PAYLOAD PUBLISH JOB STARTED ==========
2026-03-09 09:18:12 [scheduling-1] INFO  c.poc.alerts.service.PayloadService - No payload found in DB
2026-03-09 09:18:12 [scheduling-1] INFO  c.poc.alerts.service.PayloadService - Waiting for payload insertion...
2026-03-09 09:18:12 [scheduling-1] INFO  c.p.a.scheduler.PayloadScheduler - Scheduler cycle completed
2026-03-09 09:18:12 [scheduling-1] INFO  c.p.a.scheduler.PayloadScheduler - =================================================
2026-03-09 09:18:20 [RMI TCP Connection(34)-127.0.0.1] INFO  o.s.b.a.SpringApplicationAdminMXBeanRegistrar$SpringApplicationAdmin - Application shutdown requested.
2026-03-09 09:18:20 [RMI TCP Connection(34)-127.0.0.1] INFO  o.a.coyote.http11.Http11NioProtocol - Stopping ProtocolHandler ["http-nio-8080"]
2026-03-09 09:18:20 [RMI TCP Connection(34)-127.0.0.1] INFO  o.a.k.clients.producer.KafkaProducer - [Producer clientId=Producer_Setup-producer-1] Closing the Kafka producer with timeoutMillis = 30000 ms.
2026-03-09 09:18:20 [RMI TCP Connection(34)-127.0.0.1] INFO  o.a.kafka.common.metrics.Metrics - Metrics scheduler closed
2026-03-09 09:18:20 [RMI TCP Connection(34)-127.0.0.1] INFO  o.a.kafka.common.metrics.Metrics - Closing reporter org.apache.kafka.common.metrics.JmxReporter
2026-03-09 09:18:20 [RMI TCP Connection(34)-127.0.0.1] INFO  o.a.kafka.common.metrics.Metrics - Closing reporter org.apache.kafka.common.telemetry.internals.ClientTelemetryReporter
2026-03-09 09:18:20 [RMI TCP Connection(34)-127.0.0.1] INFO  o.a.kafka.common.metrics.Metrics - Metrics reporters closed
2026-03-09 09:18:20 [RMI TCP Connection(34)-127.0.0.1] INFO  o.a.kafka.common.utils.AppInfoParser - App info kafka.producer for Producer_Setup-producer-1 unregistered
2026-03-09 09:18:20 [RMI TCP Connection(34)-127.0.0.1] INFO  o.s.o.j.LocalContainerEntityManagerFactoryBean - Closing JPA EntityManagerFactory for persistence unit 'default'
2026-03-09 09:18:20 [RMI TCP Connection(34)-127.0.0.1] INFO  com.zaxxer.hikari.HikariDataSource - HikariPool-1 - Shutdown initiated...
2026-03-09 09:18:20 [RMI TCP Connection(34)-127.0.0.1] INFO  com.zaxxer.hikari.HikariDataSource - HikariPool-1 - Shutdown completed.
2026-03-09 09:45:35 [main] INFO  c.p.alerts.ProducerSetupApplication - Starting ProducerSetupApplication using Java 21.0.10 with PID 7608 (D:\Developer\Producer_Setup\target\classes started by Admin in D:\Developer\Producer_Setup)
2026-03-09 09:45:35 [main] INFO  c.p.alerts.ProducerSetupApplication - No active profile set, falling back to 1 default profile: "default"
2026-03-09 09:45:37 [main] INFO  o.s.d.r.c.RepositoryConfigurationDelegate - Bootstrapping Spring Data JPA repositories in DEFAULT mode.
2026-03-09 09:45:37 [main] INFO  o.s.d.r.c.RepositoryConfigurationDelegate - Finished Spring Data repository scanning in 83 ms. Found 1 JPA repository interface.
2026-03-09 09:45:37 [main] INFO  o.s.b.w.e.tomcat.TomcatWebServer - Tomcat initialized with port 8080 (http)
2026-03-09 09:45:37 [main] INFO  o.a.coyote.http11.Http11NioProtocol - Initializing ProtocolHandler ["http-nio-8080"]
2026-03-09 09:45:37 [main] INFO  o.a.catalina.core.StandardService - Starting service [Tomcat]
2026-03-09 09:45:37 [main] INFO  o.a.catalina.core.StandardEngine - Starting Servlet engine: [Apache Tomcat/10.1.31]
2026-03-09 09:45:37 [main] INFO  o.a.c.c.C.[Tomcat].[localhost].[/] - Initializing Spring embedded WebApplicationContext
2026-03-09 09:45:37 [main] INFO  o.s.b.w.s.c.ServletWebServerApplicationContext - Root WebApplicationContext: initialization completed in 1880 ms
2026-03-09 09:45:38 [main] INFO  com.zaxxer.hikari.HikariDataSource - HikariPool-1 - Starting...
2026-03-09 09:45:38 [main] INFO  com.zaxxer.hikari.pool.HikariPool - HikariPool-1 - Added connection conn0: url=jdbc:h2:mem:alertdb user=SA
2026-03-09 09:45:38 [main] INFO  com.zaxxer.hikari.HikariDataSource - HikariPool-1 - Start completed.
2026-03-09 09:45:38 [main] INFO  o.s.b.a.h.H2ConsoleAutoConfiguration - H2 console available at '/h2-console'. Database available at 'jdbc:h2:mem:alertdb'
2026-03-09 09:45:38 [main] INFO  o.h.jpa.internal.util.LogHelper - HHH000204: Processing PersistenceUnitInfo [name: default]
2026-03-09 09:45:38 [main] INFO  org.hibernate.Version - HHH000412: Hibernate ORM core version 6.5.3.Final
2026-03-09 09:45:38 [main] INFO  o.h.c.i.RegionFactoryInitiator - HHH000026: Second-level cache disabled
2026-03-09 09:45:39 [main] INFO  o.s.o.j.p.SpringPersistenceUnitInfo - No LoadTimeWeaver setup: ignoring JPA class transformer
2026-03-09 09:45:40 [main] INFO  o.h.e.t.j.p.i.JtaPlatformInitiator - HHH000489: No JTA platform available (set 'hibernate.transaction.jta.platform' to enable JTA platform integration)
2026-03-09 09:45:40 [main] INFO  o.s.o.j.LocalContainerEntityManagerFactoryBean - Initialized JPA EntityManagerFactory for persistence unit 'default'
2026-03-09 09:45:40 [main] WARN  o.s.b.a.o.j.JpaBaseConfiguration$JpaWebConfiguration - spring.jpa.open-in-view is enabled by default. Therefore, database queries may be performed during view rendering. Explicitly configure spring.jpa.open-in-view to disable this warning
2026-03-09 09:45:41 [main] INFO  o.a.coyote.http11.Http11NioProtocol - Starting ProtocolHandler ["http-nio-8080"]
2026-03-09 09:45:41 [main] INFO  o.s.b.w.e.tomcat.TomcatWebServer - Tomcat started on port 8080 (http) with context path '/'
2026-03-09 09:45:41 [main] INFO  c.p.alerts.ProducerSetupApplication - Started ProducerSetupApplication in 6.405 seconds (process running for 7.779)
2026-03-09 09:45:41 [scheduling-1] INFO  c.p.a.scheduler.PayloadScheduler - =================================================
2026-03-09 09:45:41 [scheduling-1] INFO  c.p.a.scheduler.PayloadScheduler - Scheduler triggered : Checking DB for new payloads
2026-03-09 09:45:41 [scheduling-1] INFO  c.poc.alerts.service.PayloadService - ========= PAYLOAD PUBLISH JOB STARTED ==========
2026-03-09 09:45:41 [scheduling-1] INFO  c.poc.alerts.service.PayloadService - Total payload records fetched from DB : 1
2026-03-09 09:45:41 [scheduling-1] INFO  c.poc.alerts.service.PayloadService - -----------------------------------------------
2026-03-09 09:45:41 [scheduling-1] INFO  c.poc.alerts.service.PayloadService - Processing payload id : 1
2026-03-09 09:45:41 [scheduling-1] INFO  c.poc.alerts.service.PayloadService - Payload Type : ACCOUNT_CREATED
2026-03-09 09:45:41 [scheduling-1] INFO  c.p.a.service.KafkaProducerService - Producing message to topic notifications.events
2026-03-09 09:45:41 [scheduling-1] INFO  o.a.k.c.producer.ProducerConfig - ProducerConfig values: 
	acks = -1
	auto.include.jmx.reporter = true
	batch.size = 16384
	bootstrap.servers = [localhost:9092]
	buffer.memory = 33554432
	client.dns.lookup = use_all_dns_ips
	client.id = Producer_Setup-producer-1
	compression.type = none
	connections.max.idle.ms = 540000
	delivery.timeout.ms = 120000
	enable.idempotence = true
	enable.metrics.push = true
	interceptor.classes = []
	key.serializer = class org.apache.kafka.common.serialization.StringSerializer
	linger.ms = 0
	max.block.ms = 60000
	max.in.flight.requests.per.connection = 5
	max.request.size = 1048576
	metadata.max.age.ms = 300000
	metadata.max.idle.ms = 300000
	metric.reporters = []
	metrics.num.samples = 2
	metrics.recording.level = INFO
	metrics.sample.window.ms = 30000
	partitioner.adaptive.partitioning.enable = true
	partitioner.availability.timeout.ms = 0
	partitioner.class = null
	partitioner.ignore.keys = false
	receive.buffer.bytes = 32768
	reconnect.backoff.max.ms = 1000
	reconnect.backoff.ms = 50
	request.timeout.ms = 30000
	retries = 2147483647
	retry.backoff.max.ms = 1000
	retry.backoff.ms = 100
	sasl.client.callback.handler.class = null
	sasl.jaas.config = null
	sasl.kerberos.kinit.cmd = /usr/bin/kinit
	sasl.kerberos.min.time.before.relogin = 60000
	sasl.kerberos.service.name = null
	sasl.kerberos.ticket.renew.jitter = 0.05
	sasl.kerberos.ticket.renew.window.factor = 0.8
	sasl.login.callback.handler.class = null
	sasl.login.class = null
	sasl.login.connect.timeout.ms = null
	sasl.login.read.timeout.ms = null
	sasl.login.refresh.buffer.seconds = 300
	sasl.login.refresh.min.period.seconds = 60
	sasl.login.refresh.window.factor = 0.8
	sasl.login.refresh.window.jitter = 0.05
	sasl.login.retry.backoff.max.ms = 10000
	sasl.login.retry.backoff.ms = 100
	sasl.mechanism = GSSAPI
	sasl.oauthbearer.clock.skew.seconds = 30
	sasl.oauthbearer.expected.audience = null
	sasl.oauthbearer.expected.issuer = null
	sasl.oauthbearer.jwks.endpoint.refresh.ms = 3600000
	sasl.oauthbearer.jwks.endpoint.retry.backoff.max.ms = 10000
	sasl.oauthbearer.jwks.endpoint.retry.backoff.ms = 100
	sasl.oauthbearer.jwks.endpoint.url = null
	sasl.oauthbearer.scope.claim.name = scope
	sasl.oauthbearer.sub.claim.name = sub
	sasl.oauthbearer.token.endpoint.url = null
	security.protocol = PLAINTEXT
	security.providers = null
	send.buffer.bytes = 131072
	socket.connection.setup.timeout.max.ms = 30000
	socket.connection.setup.timeout.ms = 10000
	ssl.cipher.suites = null
	ssl.enabled.protocols = [TLSv1.2, TLSv1.3]
	ssl.endpoint.identification.algorithm = https
	ssl.engine.factory.class = null
	ssl.key.password = null
	ssl.keymanager.algorithm = SunX509
	ssl.keystore.certificate.chain = null
	ssl.keystore.key = null
	ssl.keystore.location = null
	ssl.keystore.password = null
	ssl.keystore.type = JKS
	ssl.protocol = TLSv1.3
	ssl.provider = null
	ssl.secure.random.implementation = null
	ssl.trustmanager.algorithm = PKIX
	ssl.truststore.certificates = null
	ssl.truststore.location = null
	ssl.truststore.password = null
	ssl.truststore.type = JKS
	transaction.timeout.ms = 60000
	transactional.id = null
	value.serializer = class org.apache.kafka.common.serialization.StringSerializer

2026-03-09 09:45:41 [scheduling-1] INFO  o.a.k.c.t.i.KafkaMetricsCollector - initializing Kafka metrics collector
2026-03-09 09:45:41 [scheduling-1] INFO  o.a.k.clients.producer.KafkaProducer - [Producer clientId=Producer_Setup-producer-1] Instantiated an idempotent producer.
2026-03-09 09:45:42 [scheduling-1] INFO  o.a.kafka.common.utils.AppInfoParser - Kafka version: 3.7.1
2026-03-09 09:45:42 [scheduling-1] INFO  o.a.kafka.common.utils.AppInfoParser - Kafka commitId: e2494e6ffb89f828
2026-03-09 09:45:42 [scheduling-1] INFO  o.a.kafka.common.utils.AppInfoParser - Kafka startTimeMs: 1773029742084
2026-03-09 09:45:43 [kafka-producer-network-thread | Producer_Setup-producer-1] INFO  org.apache.kafka.clients.Metadata - [Producer clientId=Producer_Setup-producer-1] Cluster ID: MkU3OEVBNTcwNTJENDM2Qg
2026-03-09 09:45:43 [kafka-producer-network-thread | Producer_Setup-producer-1] INFO  o.a.k.c.p.i.TransactionManager - [Producer clientId=Producer_Setup-producer-1] ProducerId set to 0 with epoch 0
2026-03-09 09:45:43 [scheduling-1] INFO  c.poc.alerts.service.PayloadService - Payload id 1 marked as PUBLISHED
2026-03-09 09:45:43 [scheduling-1] INFO  c.poc.alerts.service.PayloadService - ========= PAYLOAD PUBLISH JOB COMPLETED ==========
2026-03-09 09:45:43 [scheduling-1] INFO  c.p.a.scheduler.PayloadScheduler - Scheduler cycle completed
2026-03-09 09:45:43 [scheduling-1] INFO  c.p.a.scheduler.PayloadScheduler - =================================================
2026-03-09 09:45:43 [kafka-producer-network-thread | Producer_Setup-producer-1] INFO  c.p.a.service.KafkaProducerService - Message successfully published to topic notifications.events
2026-03-09 09:45:53 [scheduling-1] INFO  c.p.a.scheduler.PayloadScheduler - =================================================
2026-03-09 09:45:53 [scheduling-1] INFO  c.p.a.scheduler.PayloadScheduler - Scheduler triggered : Checking DB for new payloads
2026-03-09 09:45:53 [scheduling-1] INFO  c.poc.alerts.service.PayloadService - ========= PAYLOAD PUBLISH JOB STARTED ==========
2026-03-09 09:45:53 [scheduling-1] INFO  c.poc.alerts.service.PayloadService - No payload found in DB
2026-03-09 09:45:53 [scheduling-1] INFO  c.poc.alerts.service.PayloadService - Waiting for payload insertion...
2026-03-09 09:45:53 [scheduling-1] INFO  c.p.a.scheduler.PayloadScheduler - Scheduler cycle completed
2026-03-09 09:45:53 [scheduling-1] INFO  c.p.a.scheduler.PayloadScheduler - =================================================
2026-03-09 09:46:03 [scheduling-1] INFO  c.p.a.scheduler.PayloadScheduler - =================================================
2026-03-09 09:46:03 [scheduling-1] INFO  c.p.a.scheduler.PayloadScheduler - Scheduler triggered : Checking DB for new payloads
2026-03-09 09:46:03 [scheduling-1] INFO  c.poc.alerts.service.PayloadService - ========= PAYLOAD PUBLISH JOB STARTED ==========
2026-03-09 09:46:03 [scheduling-1] INFO  c.poc.alerts.service.PayloadService - No payload found in DB
2026-03-09 09:46:03 [scheduling-1] INFO  c.poc.alerts.service.PayloadService - Waiting for payload insertion...
2026-03-09 09:46:03 [scheduling-1] INFO  c.p.a.scheduler.PayloadScheduler - Scheduler cycle completed
2026-03-09 09:46:03 [scheduling-1] INFO  c.p.a.scheduler.PayloadScheduler - =================================================
2026-03-09 09:46:07 [RMI TCP Connection(10)-127.0.0.1] INFO  o.s.b.a.SpringApplicationAdminMXBeanRegistrar$SpringApplicationAdmin - Application shutdown requested.
2026-03-09 09:46:07 [RMI TCP Connection(10)-127.0.0.1] INFO  o.a.coyote.http11.Http11NioProtocol - Stopping ProtocolHandler ["http-nio-8080"]
2026-03-09 09:46:07 [RMI TCP Connection(10)-127.0.0.1] INFO  o.a.k.clients.producer.KafkaProducer - [Producer clientId=Producer_Setup-producer-1] Closing the Kafka producer with timeoutMillis = 30000 ms.
2026-03-09 09:46:07 [RMI TCP Connection(10)-127.0.0.1] INFO  o.a.kafka.common.metrics.Metrics - Metrics scheduler closed
2026-03-09 09:46:07 [RMI TCP Connection(10)-127.0.0.1] INFO  o.a.kafka.common.metrics.Metrics - Closing reporter org.apache.kafka.common.metrics.JmxReporter
2026-03-09 09:46:07 [RMI TCP Connection(10)-127.0.0.1] INFO  o.a.kafka.common.metrics.Metrics - Closing reporter org.apache.kafka.common.telemetry.internals.ClientTelemetryReporter
2026-03-09 09:46:07 [RMI TCP Connection(10)-127.0.0.1] INFO  o.a.kafka.common.metrics.Metrics - Metrics reporters closed
2026-03-09 09:46:07 [RMI TCP Connection(10)-127.0.0.1] INFO  o.a.kafka.common.utils.AppInfoParser - App info kafka.producer for Producer_Setup-producer-1 unregistered
2026-03-09 09:46:07 [RMI TCP Connection(10)-127.0.0.1] INFO  o.s.o.j.LocalContainerEntityManagerFactoryBean - Closing JPA EntityManagerFactory for persistence unit 'default'
2026-03-09 09:46:07 [RMI TCP Connection(10)-127.0.0.1] INFO  com.zaxxer.hikari.HikariDataSource - HikariPool-1 - Shutdown initiated...
2026-03-09 09:46:07 [RMI TCP Connection(10)-127.0.0.1] INFO  com.zaxxer.hikari.HikariDataSource - HikariPool-1 - Shutdown completed.
2026-03-09 10:01:47 [main] INFO  c.p.alerts.ProducerSetupApplication - Starting ProducerSetupApplication using Java 21.0.10 with PID 21300 (D:\Developer\Producer_Setup\target\classes started by Admin in D:\Developer\Producer_Setup)
2026-03-09 10:01:47 [main] INFO  c.p.alerts.ProducerSetupApplication - No active profile set, falling back to 1 default profile: "default"
2026-03-09 10:01:48 [main] INFO  o.s.d.r.c.RepositoryConfigurationDelegate - Bootstrapping Spring Data JPA repositories in DEFAULT mode.
2026-03-09 10:01:48 [main] INFO  o.s.d.r.c.RepositoryConfigurationDelegate - Finished Spring Data repository scanning in 54 ms. Found 1 JPA repository interface.
2026-03-09 10:01:49 [main] INFO  o.s.b.w.e.tomcat.TomcatWebServer - Tomcat initialized with port 8080 (http)
2026-03-09 10:01:49 [main] INFO  o.a.coyote.http11.Http11NioProtocol - Initializing ProtocolHandler ["http-nio-8080"]
2026-03-09 10:01:49 [main] INFO  o.a.catalina.core.StandardService - Starting service [Tomcat]
2026-03-09 10:01:49 [main] INFO  o.a.catalina.core.StandardEngine - Starting Servlet engine: [Apache Tomcat/10.1.31]
2026-03-09 10:01:49 [main] INFO  o.a.c.c.C.[Tomcat].[localhost].[/] - Initializing Spring embedded WebApplicationContext
2026-03-09 10:01:49 [main] INFO  o.s.b.w.s.c.ServletWebServerApplicationContext - Root WebApplicationContext: initialization completed in 1533 ms
2026-03-09 10:01:49 [main] INFO  com.zaxxer.hikari.HikariDataSource - HikariPool-1 - Starting...
2026-03-09 10:01:49 [main] INFO  com.zaxxer.hikari.pool.HikariPool - HikariPool-1 - Added connection conn0: url=jdbc:h2:mem:alertdb user=SA
2026-03-09 10:01:49 [main] INFO  com.zaxxer.hikari.HikariDataSource - HikariPool-1 - Start completed.
2026-03-09 10:01:49 [main] INFO  o.s.b.a.h.H2ConsoleAutoConfiguration - H2 console available at '/h2-console'. Database available at 'jdbc:h2:mem:alertdb'
2026-03-09 10:01:49 [main] INFO  o.h.jpa.internal.util.LogHelper - HHH000204: Processing PersistenceUnitInfo [name: default]
2026-03-09 10:01:49 [main] INFO  org.hibernate.Version - HHH000412: Hibernate ORM core version 6.5.3.Final
2026-03-09 10:01:49 [main] INFO  o.h.c.i.RegionFactoryInitiator - HHH000026: Second-level cache disabled
2026-03-09 10:01:50 [main] INFO  o.s.o.j.p.SpringPersistenceUnitInfo - No LoadTimeWeaver setup: ignoring JPA class transformer
2026-03-09 10:01:51 [main] INFO  o.h.e.t.j.p.i.JtaPlatformInitiator - HHH000489: No JTA platform available (set 'hibernate.transaction.jta.platform' to enable JTA platform integration)
2026-03-09 10:01:51 [main] INFO  o.s.o.j.LocalContainerEntityManagerFactoryBean - Initialized JPA EntityManagerFactory for persistence unit 'default'
2026-03-09 10:01:51 [main] WARN  o.s.b.a.o.j.JpaBaseConfiguration$JpaWebConfiguration - spring.jpa.open-in-view is enabled by default. Therefore, database queries may be performed during view rendering. Explicitly configure spring.jpa.open-in-view to disable this warning
2026-03-09 10:01:52 [main] INFO  o.a.coyote.http11.Http11NioProtocol - Starting ProtocolHandler ["http-nio-8080"]
2026-03-09 10:01:52 [main] INFO  o.s.b.w.e.tomcat.TomcatWebServer - Tomcat started on port 8080 (http) with context path '/'
2026-03-09 10:01:52 [main] INFO  c.p.alerts.ProducerSetupApplication - Started ProducerSetupApplication in 5.194 seconds (process running for 6.056)
2026-03-09 10:01:52 [scheduling-1] INFO  c.p.a.scheduler.PayloadScheduler - =================================================
2026-03-09 10:01:52 [scheduling-1] INFO  c.p.a.scheduler.PayloadScheduler - Scheduler triggered : Checking DB for new payloads
2026-03-09 10:01:52 [scheduling-1] INFO  c.poc.alerts.service.PayloadService - ========= PAYLOAD PUBLISH JOB STARTED ==========
2026-03-09 10:01:52 [scheduling-1] INFO  c.poc.alerts.service.PayloadService - Total payload records fetched from DB : 1
2026-03-09 10:01:52 [scheduling-1] INFO  c.poc.alerts.service.PayloadService - -----------------------------------------------
2026-03-09 10:01:52 [scheduling-1] INFO  c.poc.alerts.service.PayloadService - Processing payload id : 1
2026-03-09 10:01:52 [scheduling-1] INFO  c.poc.alerts.service.PayloadService - Payload Type : ACCOUNT_CREATED
2026-03-09 10:01:52 [scheduling-1] INFO  c.p.a.service.KafkaProducerService - Producing message to topic notifications.events
2026-03-09 10:01:52 [scheduling-1] INFO  o.a.k.c.producer.ProducerConfig - ProducerConfig values: 
	acks = -1
	auto.include.jmx.reporter = true
	batch.size = 16384
	bootstrap.servers = [localhost:9092]
	buffer.memory = 33554432
	client.dns.lookup = use_all_dns_ips
	client.id = Producer_Setup-producer-1
	compression.type = none
	connections.max.idle.ms = 540000
	delivery.timeout.ms = 120000
	enable.idempotence = true
	enable.metrics.push = true
	interceptor.classes = []
	key.serializer = class org.apache.kafka.common.serialization.StringSerializer
	linger.ms = 0
	max.block.ms = 60000
	max.in.flight.requests.per.connection = 5
	max.request.size = 1048576
	metadata.max.age.ms = 300000
	metadata.max.idle.ms = 300000
	metric.reporters = []
	metrics.num.samples = 2
	metrics.recording.level = INFO
	metrics.sample.window.ms = 30000
	partitioner.adaptive.partitioning.enable = true
	partitioner.availability.timeout.ms = 0
	partitioner.class = null
	partitioner.ignore.keys = false
	receive.buffer.bytes = 32768
	reconnect.backoff.max.ms = 1000
	reconnect.backoff.ms = 50
	request.timeout.ms = 30000
	retries = 2147483647
	retry.backoff.max.ms = 1000
	retry.backoff.ms = 100
	sasl.client.callback.handler.class = null
	sasl.jaas.config = null
	sasl.kerberos.kinit.cmd = /usr/bin/kinit
	sasl.kerberos.min.time.before.relogin = 60000
	sasl.kerberos.service.name = null
	sasl.kerberos.ticket.renew.jitter = 0.05
	sasl.kerberos.ticket.renew.window.factor = 0.8
	sasl.login.callback.handler.class = null
	sasl.login.class = null
	sasl.login.connect.timeout.ms = null
	sasl.login.read.timeout.ms = null
	sasl.login.refresh.buffer.seconds = 300
	sasl.login.refresh.min.period.seconds = 60
	sasl.login.refresh.window.factor = 0.8
	sasl.login.refresh.window.jitter = 0.05
	sasl.login.retry.backoff.max.ms = 10000
	sasl.login.retry.backoff.ms = 100
	sasl.mechanism = GSSAPI
	sasl.oauthbearer.clock.skew.seconds = 30
	sasl.oauthbearer.expected.audience = null
	sasl.oauthbearer.expected.issuer = null
	sasl.oauthbearer.jwks.endpoint.refresh.ms = 3600000
	sasl.oauthbearer.jwks.endpoint.retry.backoff.max.ms = 10000
	sasl.oauthbearer.jwks.endpoint.retry.backoff.ms = 100
	sasl.oauthbearer.jwks.endpoint.url = null
	sasl.oauthbearer.scope.claim.name = scope
	sasl.oauthbearer.sub.claim.name = sub
	sasl.oauthbearer.token.endpoint.url = null
	security.protocol = PLAINTEXT
	security.providers = null
	send.buffer.bytes = 131072
	socket.connection.setup.timeout.max.ms = 30000
	socket.connection.setup.timeout.ms = 10000
	ssl.cipher.suites = null
	ssl.enabled.protocols = [TLSv1.2, TLSv1.3]
	ssl.endpoint.identification.algorithm = https
	ssl.engine.factory.class = null
	ssl.key.password = null
	ssl.keymanager.algorithm = SunX509
	ssl.keystore.certificate.chain = null
	ssl.keystore.key = null
	ssl.keystore.location = null
	ssl.keystore.password = null
	ssl.keystore.type = JKS
	ssl.protocol = TLSv1.3
	ssl.provider = null
	ssl.secure.random.implementation = null
	ssl.trustmanager.algorithm = PKIX
	ssl.truststore.certificates = null
	ssl.truststore.location = null
	ssl.truststore.password = null
	ssl.truststore.type = JKS
	transaction.timeout.ms = 60000
	transactional.id = null
	value.serializer = class org.apache.kafka.common.serialization.StringSerializer

2026-03-09 10:01:52 [scheduling-1] INFO  o.a.k.c.t.i.KafkaMetricsCollector - initializing Kafka metrics collector
2026-03-09 10:01:52 [scheduling-1] INFO  o.a.k.clients.producer.KafkaProducer - [Producer clientId=Producer_Setup-producer-1] Instantiated an idempotent producer.
2026-03-09 10:01:52 [scheduling-1] INFO  o.a.kafka.common.utils.AppInfoParser - Kafka version: 3.7.1
2026-03-09 10:01:52 [scheduling-1] INFO  o.a.kafka.common.utils.AppInfoParser - Kafka commitId: e2494e6ffb89f828
2026-03-09 10:01:52 [scheduling-1] INFO  o.a.kafka.common.utils.AppInfoParser - Kafka startTimeMs: 1773030712566
2026-03-09 10:01:53 [kafka-producer-network-thread | Producer_Setup-producer-1] INFO  org.apache.kafka.clients.Metadata - [Producer clientId=Producer_Setup-producer-1] Cluster ID: MkU3OEVBNTcwNTJENDM2Qg
2026-03-09 10:01:53 [kafka-producer-network-thread | Producer_Setup-producer-1] INFO  o.a.k.c.p.i.TransactionManager - [Producer clientId=Producer_Setup-producer-1] ProducerId set to 1 with epoch 0
2026-03-09 10:01:53 [kafka-producer-network-thread | Producer_Setup-producer-1] INFO  c.p.a.service.KafkaProducerService - Message successfully published to topic notifications.events
2026-03-09 10:01:53 [scheduling-1] INFO  c.poc.alerts.service.PayloadService - Payload id 1 marked as PUBLISHED
2026-03-09 10:01:53 [scheduling-1] INFO  c.poc.alerts.service.PayloadService - ========= PAYLOAD PUBLISH JOB COMPLETED ==========
2026-03-09 10:01:53 [scheduling-1] INFO  c.p.a.scheduler.PayloadScheduler - Scheduler cycle completed
2026-03-09 10:01:53 [scheduling-1] INFO  c.p.a.scheduler.PayloadScheduler - =================================================
2026-03-09 10:02:03 [scheduling-1] INFO  c.p.a.scheduler.PayloadScheduler - =================================================
2026-03-09 10:02:03 [scheduling-1] INFO  c.p.a.scheduler.PayloadScheduler - Scheduler triggered : Checking DB for new payloads
2026-03-09 10:02:03 [scheduling-1] INFO  c.poc.alerts.service.PayloadService - ========= PAYLOAD PUBLISH JOB STARTED ==========
2026-03-09 10:02:03 [scheduling-1] INFO  c.poc.alerts.service.PayloadService - No payload found in DB
2026-03-09 10:02:03 [scheduling-1] INFO  c.poc.alerts.service.PayloadService - Waiting for payload insertion...
2026-03-09 10:02:03 [scheduling-1] INFO  c.p.a.scheduler.PayloadScheduler - Scheduler cycle completed
2026-03-09 10:02:03 [scheduling-1] INFO  c.p.a.scheduler.PayloadScheduler - =================================================
2026-03-09 10:02:13 [scheduling-1] INFO  c.p.a.scheduler.PayloadScheduler - =================================================
2026-03-09 10:02:13 [scheduling-1] INFO  c.p.a.scheduler.PayloadScheduler - Scheduler triggered : Checking DB for new payloads
2026-03-09 10:02:13 [scheduling-1] INFO  c.poc.alerts.service.PayloadService - ========= PAYLOAD PUBLISH JOB STARTED ==========
2026-03-09 10:02:13 [scheduling-1] INFO  c.poc.alerts.service.PayloadService - No payload found in DB
2026-03-09 10:02:13 [scheduling-1] INFO  c.poc.alerts.service.PayloadService - Waiting for payload insertion...
2026-03-09 10:02:13 [scheduling-1] INFO  c.p.a.scheduler.PayloadScheduler - Scheduler cycle completed
2026-03-09 10:02:13 [scheduling-1] INFO  c.p.a.scheduler.PayloadScheduler - =================================================
2026-03-09 10:02:23 [scheduling-1] INFO  c.p.a.scheduler.PayloadScheduler - =================================================
2026-03-09 10:02:23 [scheduling-1] INFO  c.p.a.scheduler.PayloadScheduler - Scheduler triggered : Checking DB for new payloads
2026-03-09 10:02:23 [scheduling-1] INFO  c.poc.alerts.service.PayloadService - ========= PAYLOAD PUBLISH JOB STARTED ==========
2026-03-09 10:02:23 [scheduling-1] INFO  c.poc.alerts.service.PayloadService - No payload found in DB
2026-03-09 10:02:23 [scheduling-1] INFO  c.poc.alerts.service.PayloadService - Waiting for payload insertion...
2026-03-09 10:02:23 [scheduling-1] INFO  c.p.a.scheduler.PayloadScheduler - Scheduler cycle completed
2026-03-09 10:02:23 [scheduling-1] INFO  c.p.a.scheduler.PayloadScheduler - =================================================
2026-03-09 10:02:33 [scheduling-1] INFO  c.p.a.scheduler.PayloadScheduler - =================================================
2026-03-09 10:02:33 [scheduling-1] INFO  c.p.a.scheduler.PayloadScheduler - Scheduler triggered : Checking DB for new payloads
2026-03-09 10:02:33 [scheduling-1] INFO  c.poc.alerts.service.PayloadService - ========= PAYLOAD PUBLISH JOB STARTED ==========
2026-03-09 10:02:33 [scheduling-1] INFO  c.poc.alerts.service.PayloadService - No payload found in DB
2026-03-09 10:02:33 [scheduling-1] INFO  c.poc.alerts.service.PayloadService - Waiting for payload insertion...
2026-03-09 10:02:33 [scheduling-1] INFO  c.p.a.scheduler.PayloadScheduler - Scheduler cycle completed
2026-03-09 10:02:33 [scheduling-1] INFO  c.p.a.scheduler.PayloadScheduler - =================================================
2026-03-09 10:02:43 [scheduling-1] INFO  c.p.a.scheduler.PayloadScheduler - =================================================
2026-03-09 10:02:43 [scheduling-1] INFO  c.p.a.scheduler.PayloadScheduler - Scheduler triggered : Checking DB for new payloads
2026-03-09 10:02:43 [scheduling-1] INFO  c.poc.alerts.service.PayloadService - ========= PAYLOAD PUBLISH JOB STARTED ==========
2026-03-09 10:02:43 [scheduling-1] INFO  c.poc.alerts.service.PayloadService - No payload found in DB
2026-03-09 10:02:43 [scheduling-1] INFO  c.poc.alerts.service.PayloadService - Waiting for payload insertion...
2026-03-09 10:02:43 [scheduling-1] INFO  c.p.a.scheduler.PayloadScheduler - Scheduler cycle completed
2026-03-09 10:02:43 [scheduling-1] INFO  c.p.a.scheduler.PayloadScheduler - =================================================
2026-03-09 10:02:53 [scheduling-1] INFO  c.p.a.scheduler.PayloadScheduler - =================================================
2026-03-09 10:02:53 [scheduling-1] INFO  c.p.a.scheduler.PayloadScheduler - Scheduler triggered : Checking DB for new payloads
2026-03-09 10:02:53 [scheduling-1] INFO  c.poc.alerts.service.PayloadService - ========= PAYLOAD PUBLISH JOB STARTED ==========
2026-03-09 10:02:53 [scheduling-1] INFO  c.poc.alerts.service.PayloadService - No payload found in DB
2026-03-09 10:02:53 [scheduling-1] INFO  c.poc.alerts.service.PayloadService - Waiting for payload insertion...
2026-03-09 10:02:53 [scheduling-1] INFO  c.p.a.scheduler.PayloadScheduler - Scheduler cycle completed
2026-03-09 10:02:53 [scheduling-1] INFO  c.p.a.scheduler.PayloadScheduler - =================================================
2026-03-09 10:03:03 [scheduling-1] INFO  c.p.a.scheduler.PayloadScheduler - =================================================
2026-03-09 10:03:03 [scheduling-1] INFO  c.p.a.scheduler.PayloadScheduler - Scheduler triggered : Checking DB for new payloads
2026-03-09 10:03:03 [scheduling-1] INFO  c.poc.alerts.service.PayloadService - ========= PAYLOAD PUBLISH JOB STARTED ==========
2026-03-09 10:03:03 [scheduling-1] INFO  c.poc.alerts.service.PayloadService - No payload found in DB
2026-03-09 10:03:03 [scheduling-1] INFO  c.poc.alerts.service.PayloadService - Waiting for payload insertion...
2026-03-09 10:03:03 [scheduling-1] INFO  c.p.a.scheduler.PayloadScheduler - Scheduler cycle completed
2026-03-09 10:03:03 [scheduling-1] INFO  c.p.a.scheduler.PayloadScheduler - =================================================
2026-03-09 10:03:13 [scheduling-1] INFO  c.p.a.scheduler.PayloadScheduler - =================================================
2026-03-09 10:03:13 [scheduling-1] INFO  c.p.a.scheduler.PayloadScheduler - Scheduler triggered : Checking DB for new payloads
2026-03-09 10:03:13 [scheduling-1] INFO  c.poc.alerts.service.PayloadService - ========= PAYLOAD PUBLISH JOB STARTED ==========
2026-03-09 10:03:13 [scheduling-1] INFO  c.poc.alerts.service.PayloadService - No payload found in DB
2026-03-09 10:03:13 [scheduling-1] INFO  c.poc.alerts.service.PayloadService - Waiting for payload insertion...
2026-03-09 10:03:13 [scheduling-1] INFO  c.p.a.scheduler.PayloadScheduler - Scheduler cycle completed
2026-03-09 10:03:13 [scheduling-1] INFO  c.p.a.scheduler.PayloadScheduler - =================================================
2026-03-09 10:03:23 [scheduling-1] INFO  c.p.a.scheduler.PayloadScheduler - =================================================
2026-03-09 10:03:23 [scheduling-1] INFO  c.p.a.scheduler.PayloadScheduler - Scheduler triggered : Checking DB for new payloads
2026-03-09 10:03:23 [scheduling-1] INFO  c.poc.alerts.service.PayloadService - ========= PAYLOAD PUBLISH JOB STARTED ==========
2026-03-09 10:03:23 [scheduling-1] INFO  c.poc.alerts.service.PayloadService - No payload found in DB
2026-03-09 10:03:23 [scheduling-1] INFO  c.poc.alerts.service.PayloadService - Waiting for payload insertion...
2026-03-09 10:03:23 [scheduling-1] INFO  c.p.a.scheduler.PayloadScheduler - Scheduler cycle completed
2026-03-09 10:03:23 [scheduling-1] INFO  c.p.a.scheduler.PayloadScheduler - =================================================
2026-03-09 10:03:33 [scheduling-1] INFO  c.p.a.scheduler.PayloadScheduler - =================================================
2026-03-09 10:03:33 [scheduling-1] INFO  c.p.a.scheduler.PayloadScheduler - Scheduler triggered : Checking DB for new payloads
2026-03-09 10:03:33 [scheduling-1] INFO  c.poc.alerts.service.PayloadService - ========= PAYLOAD PUBLISH JOB STARTED ==========
2026-03-09 10:03:33 [scheduling-1] INFO  c.poc.alerts.service.PayloadService - No payload found in DB
2026-03-09 10:03:33 [scheduling-1] INFO  c.poc.alerts.service.PayloadService - Waiting for payload insertion...
2026-03-09 10:03:33 [scheduling-1] INFO  c.p.a.scheduler.PayloadScheduler - Scheduler cycle completed
2026-03-09 10:03:33 [scheduling-1] INFO  c.p.a.scheduler.PayloadScheduler - =================================================
2026-03-09 10:03:43 [scheduling-1] INFO  c.p.a.scheduler.PayloadScheduler - =================================================
2026-03-09 10:03:43 [scheduling-1] INFO  c.p.a.scheduler.PayloadScheduler - Scheduler triggered : Checking DB for new payloads
2026-03-09 10:03:43 [scheduling-1] INFO  c.poc.alerts.service.PayloadService - ========= PAYLOAD PUBLISH JOB STARTED ==========
2026-03-09 10:03:43 [scheduling-1] INFO  c.poc.alerts.service.PayloadService - No payload found in DB
2026-03-09 10:03:43 [scheduling-1] INFO  c.poc.alerts.service.PayloadService - Waiting for payload insertion...
2026-03-09 10:03:43 [scheduling-1] INFO  c.p.a.scheduler.PayloadScheduler - Scheduler cycle completed
2026-03-09 10:03:43 [scheduling-1] INFO  c.p.a.scheduler.PayloadScheduler - =================================================
2026-03-09 10:03:53 [scheduling-1] INFO  c.p.a.scheduler.PayloadScheduler - =================================================
2026-03-09 10:03:53 [scheduling-1] INFO  c.p.a.scheduler.PayloadScheduler - Scheduler triggered : Checking DB for new payloads
2026-03-09 10:03:53 [scheduling-1] INFO  c.poc.alerts.service.PayloadService - ========= PAYLOAD PUBLISH JOB STARTED ==========
2026-03-09 10:03:53 [scheduling-1] INFO  c.poc.alerts.service.PayloadService - No payload found in DB
2026-03-09 10:03:53 [scheduling-1] INFO  c.poc.alerts.service.PayloadService - Waiting for payload insertion...
2026-03-09 10:03:53 [scheduling-1] INFO  c.p.a.scheduler.PayloadScheduler - Scheduler cycle completed
2026-03-09 10:03:53 [scheduling-1] INFO  c.p.a.scheduler.PayloadScheduler - =================================================
2026-03-09 10:04:03 [scheduling-1] INFO  c.p.a.scheduler.PayloadScheduler - =================================================
2026-03-09 10:04:03 [scheduling-1] INFO  c.p.a.scheduler.PayloadScheduler - Scheduler triggered : Checking DB for new payloads
2026-03-09 10:04:03 [scheduling-1] INFO  c.poc.alerts.service.PayloadService - ========= PAYLOAD PUBLISH JOB STARTED ==========
2026-03-09 10:04:03 [scheduling-1] INFO  c.poc.alerts.service.PayloadService - No payload found in DB
2026-03-09 10:04:03 [scheduling-1] INFO  c.poc.alerts.service.PayloadService - Waiting for payload insertion...
2026-03-09 10:04:03 [scheduling-1] INFO  c.p.a.scheduler.PayloadScheduler - Scheduler cycle completed
2026-03-09 10:04:03 [scheduling-1] INFO  c.p.a.scheduler.PayloadScheduler - =================================================
2026-03-09 10:04:13 [scheduling-1] INFO  c.p.a.scheduler.PayloadScheduler - =================================================
2026-03-09 10:04:13 [scheduling-1] INFO  c.p.a.scheduler.PayloadScheduler - Scheduler triggered : Checking DB for new payloads
2026-03-09 10:04:13 [scheduling-1] INFO  c.poc.alerts.service.PayloadService - ========= PAYLOAD PUBLISH JOB STARTED ==========
2026-03-09 10:04:13 [scheduling-1] INFO  c.poc.alerts.service.PayloadService - No payload found in DB
2026-03-09 10:04:13 [scheduling-1] INFO  c.poc.alerts.service.PayloadService - Waiting for payload insertion...
2026-03-09 10:04:13 [scheduling-1] INFO  c.p.a.scheduler.PayloadScheduler - Scheduler cycle completed
2026-03-09 10:04:13 [scheduling-1] INFO  c.p.a.scheduler.PayloadScheduler - =================================================
2026-03-09 10:04:23 [scheduling-1] INFO  c.p.a.scheduler.PayloadScheduler - =================================================
2026-03-09 10:04:23 [scheduling-1] INFO  c.p.a.scheduler.PayloadScheduler - Scheduler triggered : Checking DB for new payloads
2026-03-09 10:04:23 [scheduling-1] INFO  c.poc.alerts.service.PayloadService - ========= PAYLOAD PUBLISH JOB STARTED ==========
2026-03-09 10:04:23 [scheduling-1] INFO  c.poc.alerts.service.PayloadService - No payload found in DB
2026-03-09 10:04:23 [scheduling-1] INFO  c.poc.alerts.service.PayloadService - Waiting for payload insertion...
2026-03-09 10:04:23 [scheduling-1] INFO  c.p.a.scheduler.PayloadScheduler - Scheduler cycle completed
2026-03-09 10:04:23 [scheduling-1] INFO  c.p.a.scheduler.PayloadScheduler - =================================================
2026-03-09 10:04:33 [scheduling-1] INFO  c.p.a.scheduler.PayloadScheduler - =================================================
2026-03-09 10:04:33 [scheduling-1] INFO  c.p.a.scheduler.PayloadScheduler - Scheduler triggered : Checking DB for new payloads
2026-03-09 10:04:33 [scheduling-1] INFO  c.poc.alerts.service.PayloadService - ========= PAYLOAD PUBLISH JOB STARTED ==========
2026-03-09 10:04:33 [scheduling-1] INFO  c.poc.alerts.service.PayloadService - No payload found in DB
2026-03-09 10:04:33 [scheduling-1] INFO  c.poc.alerts.service.PayloadService - Waiting for payload insertion...
2026-03-09 10:04:33 [scheduling-1] INFO  c.p.a.scheduler.PayloadScheduler - Scheduler cycle completed
2026-03-09 10:04:33 [scheduling-1] INFO  c.p.a.scheduler.PayloadScheduler - =================================================
2026-03-09 10:04:43 [scheduling-1] INFO  c.p.a.scheduler.PayloadScheduler - =================================================
2026-03-09 10:04:43 [scheduling-1] INFO  c.p.a.scheduler.PayloadScheduler - Scheduler triggered : Checking DB for new payloads
2026-03-09 10:04:43 [scheduling-1] INFO  c.poc.alerts.service.PayloadService - ========= PAYLOAD PUBLISH JOB STARTED ==========
2026-03-09 10:04:43 [scheduling-1] INFO  c.poc.alerts.service.PayloadService - No payload found in DB
2026-03-09 10:04:43 [scheduling-1] INFO  c.poc.alerts.service.PayloadService - Waiting for payload insertion...
2026-03-09 10:04:43 [scheduling-1] INFO  c.p.a.scheduler.PayloadScheduler - Scheduler cycle completed
2026-03-09 10:04:43 [scheduling-1] INFO  c.p.a.scheduler.PayloadScheduler - =================================================
2026-03-09 10:04:53 [scheduling-1] INFO  c.p.a.scheduler.PayloadScheduler - =================================================
2026-03-09 10:04:53 [scheduling-1] INFO  c.p.a.scheduler.PayloadScheduler - Scheduler triggered : Checking DB for new payloads
2026-03-09 10:04:53 [scheduling-1] INFO  c.poc.alerts.service.PayloadService - ========= PAYLOAD PUBLISH JOB STARTED ==========
2026-03-09 10:04:53 [scheduling-1] INFO  c.poc.alerts.service.PayloadService - No payload found in DB
2026-03-09 10:04:53 [scheduling-1] INFO  c.poc.alerts.service.PayloadService - Waiting for payload insertion...
2026-03-09 10:04:53 [scheduling-1] INFO  c.p.a.scheduler.PayloadScheduler - Scheduler cycle completed
2026-03-09 10:04:53 [scheduling-1] INFO  c.p.a.scheduler.PayloadScheduler - =================================================
2026-03-09 10:05:03 [scheduling-1] INFO  c.p.a.scheduler.PayloadScheduler - =================================================
2026-03-09 10:05:03 [scheduling-1] INFO  c.p.a.scheduler.PayloadScheduler - Scheduler triggered : Checking DB for new payloads
2026-03-09 10:05:03 [scheduling-1] INFO  c.poc.alerts.service.PayloadService - ========= PAYLOAD PUBLISH JOB STARTED ==========
2026-03-09 10:05:03 [scheduling-1] INFO  c.poc.alerts.service.PayloadService - No payload found in DB
2026-03-09 10:05:03 [scheduling-1] INFO  c.poc.alerts.service.PayloadService - Waiting for payload insertion...
2026-03-09 10:05:03 [scheduling-1] INFO  c.p.a.scheduler.PayloadScheduler - Scheduler cycle completed
2026-03-09 10:05:03 [scheduling-1] INFO  c.p.a.scheduler.PayloadScheduler - =================================================
2026-03-09 10:05:13 [scheduling-1] INFO  c.p.a.scheduler.PayloadScheduler - =================================================
2026-03-09 10:05:13 [scheduling-1] INFO  c.p.a.scheduler.PayloadScheduler - Scheduler triggered : Checking DB for new payloads
2026-03-09 10:05:13 [scheduling-1] INFO  c.poc.alerts.service.PayloadService - ========= PAYLOAD PUBLISH JOB STARTED ==========
2026-03-09 10:05:13 [scheduling-1] INFO  c.poc.alerts.service.PayloadService - No payload found in DB
2026-03-09 10:05:13 [scheduling-1] INFO  c.poc.alerts.service.PayloadService - Waiting for payload insertion...
2026-03-09 10:05:13 [scheduling-1] INFO  c.p.a.scheduler.PayloadScheduler - Scheduler cycle completed
2026-03-09 10:05:13 [scheduling-1] INFO  c.p.a.scheduler.PayloadScheduler - =================================================
2026-03-09 10:05:23 [scheduling-1] INFO  c.p.a.scheduler.PayloadScheduler - =================================================
2026-03-09 10:05:23 [scheduling-1] INFO  c.p.a.scheduler.PayloadScheduler - Scheduler triggered : Checking DB for new payloads
2026-03-09 10:05:23 [scheduling-1] INFO  c.poc.alerts.service.PayloadService - ========= PAYLOAD PUBLISH JOB STARTED ==========
2026-03-09 10:05:23 [scheduling-1] INFO  c.poc.alerts.service.PayloadService - No payload found in DB
2026-03-09 10:05:23 [scheduling-1] INFO  c.poc.alerts.service.PayloadService - Waiting for payload insertion...
2026-03-09 10:05:23 [scheduling-1] INFO  c.p.a.scheduler.PayloadScheduler - Scheduler cycle completed
2026-03-09 10:05:23 [scheduling-1] INFO  c.p.a.scheduler.PayloadScheduler - =================================================
2026-03-09 10:05:33 [scheduling-1] INFO  c.p.a.scheduler.PayloadScheduler - =================================================
2026-03-09 10:05:33 [scheduling-1] INFO  c.p.a.scheduler.PayloadScheduler - Scheduler triggered : Checking DB for new payloads
2026-03-09 10:05:33 [scheduling-1] INFO  c.poc.alerts.service.PayloadService - ========= PAYLOAD PUBLISH JOB STARTED ==========
2026-03-09 10:05:33 [scheduling-1] INFO  c.poc.alerts.service.PayloadService - No payload found in DB
2026-03-09 10:05:33 [scheduling-1] INFO  c.poc.alerts.service.PayloadService - Waiting for payload insertion...
2026-03-09 10:05:33 [scheduling-1] INFO  c.p.a.scheduler.PayloadScheduler - Scheduler cycle completed
2026-03-09 10:05:33 [scheduling-1] INFO  c.p.a.scheduler.PayloadScheduler - =================================================
2026-03-09 10:05:43 [scheduling-1] INFO  c.p.a.scheduler.PayloadScheduler - =================================================
2026-03-09 10:05:43 [scheduling-1] INFO  c.p.a.scheduler.PayloadScheduler - Scheduler triggered : Checking DB for new payloads
2026-03-09 10:05:43 [scheduling-1] INFO  c.poc.alerts.service.PayloadService - ========= PAYLOAD PUBLISH JOB STARTED ==========
2026-03-09 10:05:43 [scheduling-1] INFO  c.poc.alerts.service.PayloadService - No payload found in DB
2026-03-09 10:05:43 [scheduling-1] INFO  c.poc.alerts.service.PayloadService - Waiting for payload insertion...
2026-03-09 10:05:43 [scheduling-1] INFO  c.p.a.scheduler.PayloadScheduler - Scheduler cycle completed
2026-03-09 10:05:43 [scheduling-1] INFO  c.p.a.scheduler.PayloadScheduler - =================================================
2026-03-09 10:05:53 [scheduling-1] INFO  c.p.a.scheduler.PayloadScheduler - =================================================
2026-03-09 10:05:53 [scheduling-1] INFO  c.p.a.scheduler.PayloadScheduler - Scheduler triggered : Checking DB for new payloads
2026-03-09 10:05:53 [scheduling-1] INFO  c.poc.alerts.service.PayloadService - ========= PAYLOAD PUBLISH JOB STARTED ==========
2026-03-09 10:05:53 [scheduling-1] INFO  c.poc.alerts.service.PayloadService - No payload found in DB
2026-03-09 10:05:53 [scheduling-1] INFO  c.poc.alerts.service.PayloadService - Waiting for payload insertion...
2026-03-09 10:05:53 [scheduling-1] INFO  c.p.a.scheduler.PayloadScheduler - Scheduler cycle completed
2026-03-09 10:05:53 [scheduling-1] INFO  c.p.a.scheduler.PayloadScheduler - =================================================
2026-03-09 10:05:59 [RMI TCP Connection(13)-127.0.0.1] INFO  o.s.b.a.SpringApplicationAdminMXBeanRegistrar$SpringApplicationAdmin - Application shutdown requested.
2026-03-09 10:05:59 [RMI TCP Connection(13)-127.0.0.1] INFO  o.a.coyote.http11.Http11NioProtocol - Stopping ProtocolHandler ["http-nio-8080"]
2026-03-09 10:05:59 [RMI TCP Connection(13)-127.0.0.1] INFO  o.a.k.clients.producer.KafkaProducer - [Producer clientId=Producer_Setup-producer-1] Closing the Kafka producer with timeoutMillis = 30000 ms.
2026-03-09 10:05:59 [RMI TCP Connection(13)-127.0.0.1] INFO  o.a.kafka.common.metrics.Metrics - Metrics scheduler closed
2026-03-09 10:05:59 [RMI TCP Connection(13)-127.0.0.1] INFO  o.a.kafka.common.metrics.Metrics - Closing reporter org.apache.kafka.common.metrics.JmxReporter
2026-03-09 10:05:59 [RMI TCP Connection(13)-127.0.0.1] INFO  o.a.kafka.common.metrics.Metrics - Closing reporter org.apache.kafka.common.telemetry.internals.ClientTelemetryReporter
2026-03-09 10:05:59 [RMI TCP Connection(13)-127.0.0.1] INFO  o.a.kafka.common.metrics.Metrics - Metrics reporters closed
2026-03-09 10:05:59 [RMI TCP Connection(13)-127.0.0.1] INFO  o.a.kafka.common.utils.AppInfoParser - App info kafka.producer for Producer_Setup-producer-1 unregistered
2026-03-09 10:05:59 [RMI TCP Connection(13)-127.0.0.1] INFO  o.s.o.j.LocalContainerEntityManagerFactoryBean - Closing JPA EntityManagerFactory for persistence unit 'default'
2026-03-09 10:05:59 [RMI TCP Connection(13)-127.0.0.1] INFO  com.zaxxer.hikari.HikariDataSource - HikariPool-1 - Shutdown initiated...
2026-03-09 10:05:59 [RMI TCP Connection(13)-127.0.0.1] INFO  com.zaxxer.hikari.HikariDataSource - HikariPool-1 - Shutdown completed.
